NOSE_x,NOSE_y,LEFT_EYE_INNER_x,LEFT_EYE_INNER_y,LEFT_EYE_x,LEFT_EYE_y,LEFT_EYE_OUTER_x,LEFT_EYE_OUTER_y,RIGHT_EYE_INNER_x,RIGHT_EYE_INNER_y,RIGHT_EYE_x,RIGHT_EYE_y,RIGHT_EYE_OUTER_x,RIGHT_EYE_OUTER_y,LEFT_EAR_x,LEFT_EAR_y,RIGHT_EAR_x,RIGHT_EAR_y,MOUTH_LEFT_x,MOUTH_LEFT_y,MOUTH_RIGHT_x,MOUTH_RIGHT_y,LEFT_SHOULDER_x,LEFT_SHOULDER_y,RIGHT_SHOULDER_x,RIGHT_SHOULDER_y,LEFT_ELBOW_x,LEFT_ELBOW_y,RIGHT_ELBOW_x,RIGHT_ELBOW_y,LEFT_WRIST_x,LEFT_WRIST_y,RIGHT_WRIST_x,RIGHT_WRIST_y,LEFT_PINKY_x,LEFT_PINKY_y,RIGHT_PINKY_x,RIGHT_PINKY_y,LEFT_INDEX_x,LEFT_INDEX_y,RIGHT_INDEX_x,RIGHT_INDEX_y,LEFT_THUMB_x,LEFT_THUMB_y,RIGHT_THUMB_x,RIGHT_THUMB_y,LEFT_HIP_x,LEFT_HIP_y,RIGHT_HIP_x,RIGHT_HIP_y,LEFT_KNEE_x,LEFT_KNEE_y,RIGHT_KNEE_x,RIGHT_KNEE_y,LEFT_ANKLE_x,LEFT_ANKLE_y,RIGHT_ANKLE_x,RIGHT_ANKLE_y,LEFT_HEEL_x,LEFT_HEEL_y,RIGHT_HEEL_x,RIGHT_HEEL_y,LEFT_FOOT_INDEX_x,LEFT_FOOT_INDEX_y,RIGHT_FOOT_INDEX_x,RIGHT_FOOT_INDEX_y
957.0543479919434,60.67530155181885,1017.615966796875,-36.58640384674072,1058.3399963378906,-42.390146255493164,1099.185905456543,-47.882323265075684,930.5252838134766,-23.252434730529785,908.2193756103516,-19.795217514038086,887.1746635437012,-17.94217586517334,1208.9699935913086,-24.659371376037598,964.9303436279297,-1.8776321411132812,1040.8060455322266,119.5188045501709,950.9313011169434,132.9466214776039,1525.1456451416016,456.41472816467285,863.6936187744141,334.15595054626465,1798.1236267089844,1047.8610634803772,703.7591171264648,808.4094715118408,1872.0824432373047,1456.0420560836792,599.5651245117188,1228.525800704956,1948.8981628417969,1589.395523071289,502.64883041381836,1426.0020017623901,1868.2627487182617,1600.202078819275,558.0416107177734,1437.1247577667236,1823.6547088623047,1542.116117477417,605.9884071350098,1392.3785591125488,1353.9813995361328,1507.3951148986816,880.2711296081543,1444.6236991882324,1308.2909774780273,2366.3008403778076,880.6672096252441,2307.533941268921,1296.5413284301758,3144.364356994629,855.0818824768066,3090.0278663635254,1333.4089279174805,3264.184169769287,853.4467506408691,3205.82462310791,1141.8921661376953,3356.185312271118,818.9764595031738,3336.312847137451
948.7821006774902,60.6886388361454,1012.6560974121094,-37.257235050201416,1051.0210418701172,-42.78088644146919,1090.5999755859375,-47.97051429748535,928.8591384887695,-23.591966181993484,907.6330947875977,-20.15536241233349,887.1628189086914,-18.478006795048714,1206.71630859375,-21.788097470998764,965.3201293945312,-2.350517576560378,1037.069435119629,124.66973215341568,949.4674873352051,139.0988391637802,1529.9537658691406,466.2326431274414,883.1474876403809,350.76090574264526,1791.2640380859375,1053.4230852127075,740.5375099182129,801.815357208252,1897.946434020996,1545.339274406433,640.1022720336914,1194.2926168441772,1986.9282531738281,1673.3979320526123,571.0405540466309,1300.3752279281616,1924.4107818603516,1685.5895376205444,605.6710052490234,1294.5308017730713,1862.5749206542969,1632.7819061279297,655.5220985412598,1245.989170074463,1375.5455017089844,1508.0325365066528,909.9951553344727,1448.8491439819336,1312.3120880126953,2376.0703468322754,900.8770751953125,2322.9039001464844,1303.1705474853516,3174.5264625549316,891.7431449890137,3118.6795234680176,1342.983169555664,3294.6248817443848,896.9440841674805,3226.3055419921875,1151.213722229004,3377.322578430176,839.2191696166992,3363.0889320373535
921.4395332336426,64.80913549661636,987.3863983154297,-34.81705114245415,1023.5482406616211,-40.61396598815918,1060.6039810180664,-45.895220786333084,908.9074516296387,-22.140984311699867,891.8127822875977,-19.520811438560486,875.9868621826172,-18.273254334926605,1191.8944931030273,-18.92797216773033,966.0181045532227,-2.3848588205873966,1014.9066925048828,129.86389428377151,934.8488616943359,144.64499294757843,1530.3160858154297,495.47324895858765,899.3455123901367,368.2577168941498,1784.4902801513672,1091.5297222137451,799.9262237548828,801.8573927879333,1846.106185913086,1627.4236249923706,730.5021858215332,1191.3366079330444,1906.4439010620117,1774.8756837844849,677.8860282897949,1285.712342262268,1837.1551895141602,1785.7591009140015,699.0615463256836,1286.2795972824097,1789.4647979736328,1724.4947862625122,739.7303581237793,1251.437315940857,1382.2909927368164,1531.9288301467896,929.1084480285645,1473.538899421692,1311.7546463012695,2414.0025329589844,906.1277389526367,2364.908323287964,1296.998634338379,3232.6341819763184,888.7533760070801,3173.253164291382,1339.3335342407227,3360.073184967041,893.0010795593262,3284.3911170959473,1131.1910247802734,3424.8025703430176,806.8931007385254,3409.133405685425
878.6716461181641,64.05368193984032,955.719051361084,-35.238428860902786,990.128059387207,-40.75712352991104,1023.1079864501953,-45.938700735569,882.2911262512207,-25.401972457766533,869.3117523193359,-24.026554450392723,858.3859062194824,-23.76600667834282,1150.506706237793,-17.235130816698074,965.5934143066406,-2.689838306978345,975.7271575927734,131.31301939487457,903.5790824890137,144.56587851047516,1512.5800323486328,504.0776038169861,903.0927085876465,386.71873927116394,1742.8905487060547,1096.0319709777832,829.643383026123,833.2558465003967,1795.5928802490234,1695.9217929840088,768.6906623840332,1141.2934112548828,1857.6625442504883,1854.8829746246338,712.9185104370117,1266.7841005325317,1780.1097106933594,1876.319317817688,746.4034652709961,1211.081485748291,1734.3831253051758,1810.3699350357056,775.6319618225098,1118.2051277160645,1381.4370346069336,1553.6592292785645,930.1051139831543,1501.4796209335327,1307.9211044311523,2444.5686435699463,906.5267944335938,2396.3323974609375,1290.4058074951172,3276.166820526123,886.7425346374512,3216.168851852417,1334.150733947754,3410.84135055542,891.0547256469727,3335.3861331939697,1118.0552673339844,3463.730478286743,795.6045913696289,3446.751708984375
846.5110015869141,68.63574117422104,923.7432289123535,-25.249321907758713,955.6350517272949,-29.45738397538662,986.6046524047852,-34.24452155828476,862.4029541015625,-21.689819991588593,853.992862701416,-21.82656839489937,847.2975540161133,-22.62502111494541,1115.5413436889648,-4.954947978258133,966.7269515991211,1.1267183907330036,933.1887817382812,143.17197740077972,872.501163482666,150.0346076488495,1469.231300354004,521.0755562782288,931.3310050964355,399.57599401474,1682.577781677246,1133.071689605713,914.4351196289062,892.1088767051697,1660.1320266723633,1799.6535015106201,808.4441757202148,1159.7007465362549,1709.5372009277344,1975.1531410217285,748.0513572692871,1367.940502166748,1614.568748474121,2002.963056564331,746.2189865112305,1235.2720928192139,1586.272087097168,1927.4970245361328,803.7641716003418,1177.9824256896973,1344.792137145996,1622.3882389068604,929.5425224304199,1569.2180585861206,1244.2207717895508,2513.99751663208,889.9540328979492,2452.3459339141846,1203.8405227661133,3330.951089859009,840.9871101379395,3256.4300537109375,1248.435173034668,3463.056879043579,843.8469886779785,3378.6270332336426,1004.3871688842773,3512.679977416992,697.649974822998,3469.1880226135254
840.9348678588867,92.02681928873062,907.8025245666504,6.4675272814929485,934.8060035705566,3.0940359737724066,961.3817596435547,-0.9225969621911645,859.3933296203613,5.188839286565781,853.1779289245605,2.587930541485548,847.8482437133789,-0.5652449978515506,1087.309684753418,25.60096152126789,967.7558898925781,18.67644064128399,918.9637184143066,171.6795837879181,865.5908203125,172.34114527702332,1414.5645904541016,524.6059656143188,984.9235153198242,406.3933861255646,1614.0440368652344,1143.9484119415283,995.1761627197266,947.1693062782288,1559.890365600586,1768.3910036087036,896.2125205993652,1406.6933155059814,1582.7861022949219,1976.5142440795898,840.5630493164062,1528.7119817733765,1494.0845489501953,1988.9735126495361,833.8684844970703,1507.9443454742432,1480.861930847168,1917.4268960952759,867.0077133178711,1467.0815134048462,1322.6638412475586,1656.9914388656616,951.236457824707,1596.1549472808838,1240.8476257324219,2564.091053009033,894.0017509460449,2480.985231399536,1181.2348937988281,3351.466770172119,841.6131591796875,3272.4326705932617,1229.8117446899414,3459.570951461792,853.5364151000977,3388.9102363586426,978.8400650024414,3580.5698204040527,707.1053123474121,3499.329786300659
833.7859153747559,103.3214995265007,895.532398223877,19.115742221474648,919.6930503845215,15.787643194198608,943.5348129272461,11.579463444650173,857.3040390014648,16.911028772592545,853.3985710144043,13.568173237144947,849.0976524353027,9.371469989418983,1068.438720703125,35.88185727596283,969.9161911010742,25.389212518930435,908.8886833190918,190.10734140872955,864.0865516662598,186.67461812496185,1377.729148864746,527.878110408783,1019.8816680908203,417.76413917541504,1546.3703155517578,1146.4623069763184,1064.765625,1059.0870094299316,1486.7448806762695,1796.949963569641,929.307861328125,1464.9048042297363,1519.713020324707,1964.0699100494385,868.3700752258301,1577.9241228103638,1426.7337799072266,1965.6706094741821,866.7959976196289,1572.8183126449585,1413.7855911254883,1896.9625854492188,896.2108612060547,1529.931721687317,1305.4697799682617,1661.3095808029175,960.9801864624023,1592.6180362701416,1237.3871612548828,2568.910789489746,902.1258544921875,2474.3380737304688,1184.1288757324219,3353.9850425720215,862.6603317260742,3263.201837539673,1236.8784713745117,3453.9545345306396,885.9353828430176,3379.6827507019043,986.2149810791016,3599.164867401123,721.9469261169434,3493.9185905456543
827.0999908447266,136.77263975143433,883.1901741027832,51.06046333909035,903.7712287902832,46.87144160270691,924.8795700073242,41.68225631117821,854.9279594421387,49.49644848704338,853.4066390991211,45.487172305583954,850.0909423828125,40.31427338719368,1045.221290588379,59.59842547774315,969.8127365112305,51.1119818687439,901.3998985290527,220.01959919929504,862.5242042541504,216.64601862430573,1326.7001724243164,525.8757877349854,1036.6326141357422,457.58902072906494,1467.5445556640625,1140.4040336608887,1080.4093551635742,1056.4992785453796,1387.9483795166016,1771.8697214126587,1006.6490936279297,1594.2786026000977,1422.7012252807617,1930.084948539734,946.069507598877,1728.8288927078247,1328.8157272338867,1931.3263177871704,957.3885154724121,1739.752607345581,1319.0306854248047,1866.910171508789,987.0815277099609,1680.703625679016,1305.252571105957,1661.136417388916,1000.1753997802734,1631.0536193847656,1292.014045715332,2573.2479858398438,985.037956237793,2511.2557411193848,1252.9782485961914,3365.499315261841,1011.9855880737305,3303.4836387634277,1309.2456436157227,3468.1513595581055,1050.1384735107422,3428.2001781463623,1057.6849365234375,3605.1865768432617,874.3444633483887,3511.1628341674805
823.7920761108398,130.6513050198555,878.5795211791992,48.578867465257645,898.2434463500977,45.15300393104553,918.4208106994629,41.01327180862427,853.0282402038574,47.666251212358475,852.6528739929199,44.454556703567505,850.5385780334473,40.0761978328228,1034.3815612792969,62.311204969882965,968.0490875244141,53.317425549030304,888.9789390563965,210.76776444911957,856.6607093811035,210.51260590553284,1298.5943984985352,512.0349133014679,1029.9271774291992,480.15620470046997,1405.3072357177734,1119.0679836273193,1115.0334548950195,1106.3760709762573,1384.9820709228516,1745.2092504501343,1006.2847137451172,1580.3402996063232,1424.7893142700195,1903.5247707366943,949.0848541259766,1721.833734512329,1330.513801574707,1908.3371686935425,957.5497055053711,1732.8492450714111,1318.2774353027344,1844.993863105774,985.6682968139648,1672.7517557144165,1299.8087310791016,1662.292685508728,1001.828727722168,1645.387043952942,1292.672996520996,2559.823637008667,977.277717590332,2500.0046253204346,1255.5719375610352,3351.4639377593994,1000.3554153442383,3287.4421405792236,1311.3506698608398,3461.3316822052,1029.7139739990234,3410.0111961364746,1058.8133239746094,3575.0291061401367,882.7390480041504,3497.2757720947266
822.6260375976562,138.52213740348816,872.5279426574707,56.805489510297775,890.8743095397949,52.4427692592144,909.7365188598633,47.56939798593521,850.2727890014648,57.15980261564255,851.1360740661621,53.73071238398552,850.5422401428223,49.202352315187454,1022.5947189331055,63.97033095359802,967.1716690063477,58.98714333772659,889.6755981445312,209.64810848236084,858.4620094299316,210.43719291687012,1248.7520599365234,498.9794862270355,1056.9115447998047,498.4580326080322,1331.3360595703125,1091.3254022598267,1078.9996719360352,1065.5297827720642,1240.2254104614258,1732.017159461975,989.1555404663086,1584.1066360473633,1266.9970321655273,1859.1250276565552,936.2961387634277,1716.8085193634033,1188.3684539794922,1862.9758214950562,939.0391731262207,1728.6071920394897,1180.5298233032227,1810.3727674484253,961.2163925170898,1669.226689338684,1268.2099914550781,1652.444257736206,1021.0526275634766,1636.0575914382935,1199.2947006225586,2343.5843753814697,975.0165939331055,2319.4344520568848,1197.7362442016602,3124.8997592926025,981.0027694702148,3105.312080383301,1266.8170166015625,3237.999801635742,1013.990364074707,3232.7013874053955,989.9806594848633,3338.994884490967,774.0055274963379,3306.978063583374
816.7395973205566,144.52117145061493,858.8520240783691,64.52026560902596,873.900032043457,59.79812264442444,890.035228729248,54.50518012046814,845.1354789733887,65.40131494402885,848.5902786254883,61.877113580703735,850.3460884094238,57.29992255568504,997.064323425293,64.96804028749466,964.4182205200195,62.914392203092575,879.9154472351074,209.00645434856415,858.402156829834,210.87151765823364,1197.1429824829102,465.6702482700348,1067.3793411254883,490.639865398407,1222.0709609985352,1049.7386312484741,1066.6791915893555,1045.1363468170166,1053.3357238769531,1629.0383577346802,957.5054168701172,1554.6465826034546,1056.2077331542969,1742.91757106781,905.6376457214355,1684.2142724990845,995.0947952270508,1745.9333181381226,906.6471290588379,1692.1289348602295,994.9534606933594,1697.3914289474487,930.695686340332,1634.0275239944458,1203.911018371582,1592.3883533477783,1012.2087478637695,1602.9988288879395,1136.8318176269531,2240.080032348633,929.8118019104004,2212.246685028076,1135.6520462036133,3011.4286708831787,914.564037322998,2993.0344676971436,1204.573745727539,3120.280351638794,963.0257034301758,3115.071544647217,940.1325416564941,3219.799747467041,712.0480728149414,3196.367712020874
816.4266586303711,164.46179151535034,852.4543190002441,84.57980275154114,866.414909362793,79.03632044792175,881.3325691223145,73.08825373649597,841.7461395263672,86.5217274427414,846.5341758728027,82.65838086605072,849.9944114685059,77.69455343484879,986.6095733642578,77.51117885112762,961.6318130493164,79.32550013065338,878.7736701965332,218.79149079322815,859.4982147216797,222.66487956047058,1164.320068359375,448.6372447013855,1089.1764450073242,482.73444056510925,1143.464469909668,1032.5627517700195,1076.9319534301758,1033.5829997062683,925.4543495178223,1519.456171989441,939.6301460266113,1522.5362920761108,932.3993110656738,1611.4784288406372,883.8872337341309,1675.5324125289917,886.179313659668,1621.6093254089355,898.9420509338379,1667.6562452316284,881.5623664855957,1584.535231590271,929.0344619750977,1603.8204860687256,1153.1455993652344,1551.9233465194702,1007.1858215332031,1554.2560958862305,1120.799674987793,2291.2135791778564,911.1560440063477,2257.7154064178467,1058.7072372436523,3055.0344371795654,882.1114540100098,3039.608087539673,1116.184959411621,3155.0193786621094,931.0453033447266,3157.063093185425,866.432933807373,3262.8194618225098,709.6482467651367,3241.538257598877
815.9232330322266,176.72703981399536,850.0937461853027,103.2390296459198,864.052848815918,97.94706881046295,878.9302253723145,92.15959668159485,838.5202217102051,106.1200600862503,843.2750129699707,103.23957681655884,847.6128959655762,99.42872643470764,981.2216949462891,98.77623349428177,954.6895980834961,101.63571506738663,875.7428741455078,224.87932741641998,858.0029296875,228.82421851158142,1127.8478622436523,434.64065194129944,1085.1243209838867,473.0067443847656,1099.4612503051758,972.3743677139282,1094.3213653564453,978.2525253295898,864.0880393981934,1392.3506212234497,930.4084968566895,1379.9715614318848,864.5696067810059,1486.2973737716675,882.9414939880371,1469.1517496109009,820.1562309265137,1484.2458057403564,875.0517082214355,1478.8567543029785,824.6453475952148,1450.5418968200684,906.382942199707,1436.4899110794067,1138.3039855957031,1495.324788093567,1003.6086273193359,1486.759443283081,1140.1615905761719,2314.485969543457,902.8726959228516,2269.3743896484375,1037.4933242797852,3077.2369480133057,860.1840591430664,3055.1309967041016,1074.5048904418945,3169.485282897949,899.5160865783691,3165.8343029022217,877.404899597168,3282.602834701538,719.9922752380371,3249.0477561950684
813.1087303161621,177.29564666748047,847.7096557617188,104.90555047988892,860.9635734558105,100.57315796613693,875.0349998474121,95.82194656133652,836.923999786377,106.64336442947388,841.8759155273438,103.71370017528534,846.8217086791992,99.90807205438614,970.3997039794922,107.06705152988434,945.5319213867188,108.02927523851395,865.3388214111328,225.44645369052887,850.8627891540527,229.31860327720642,1102.75634765625,422.14237332344055,1074.4944763183594,448.56202483177185,1055.624885559082,896.0136151313782,1088.5429000854492,943.0981636047363,866.835823059082,1207.6131963729858,925.3900909423828,1187.4497652053833,803.3024024963379,1307.6085662841797,841.7715454101562,1335.0026321411133,834.7936248779297,1252.7151203155518,828.251781463623,1344.7546291351318,856.7450523376465,1167.0086288452148,860.4837226867676,1306.1445951461792,1118.1724548339844,1410.6120872497559,997.6473999023438,1409.6583366394043,1122.3260879516602,2190.3856086730957,866.0965347290039,2140.4699993133545,1025.0457000732422,2919.2050552368164,839.6833419799805,2891.790647506714,1064.2061233520508,3002.000856399536,874.5376968383789,2986.3502311706543,878.9216423034668,3115.3308391571045,725.9130477905273,3085.802164077759
810.834789276123,186.81553065776825,843.8190650939941,116.16114020347595,856.8387794494629,111.89318507909775,870.9670257568359,107.16103613376617,832.8234100341797,117.8106102347374,837.4157524108887,115.03311574459076,842.622013092041,111.40640437602997,966.5361785888672,113.844113945961,938.6489868164062,114.68843847513199,862.9361915588379,234.3669444322586,847.0988845825195,237.70692229270935,1080.1709747314453,405.52258014678955,1074.0069580078125,420.8833336830139,1012.0136260986328,859.8528456687927,1086.749038696289,900.6612825393677,817.4882125854492,1135.4200172424316,922.5199699401855,1120.415439605713,689.5324516296387,1221.1856031417847,797.4065208435059,1243.288335800171,741.5444183349609,1183.2762050628662,789.3848991394043,1251.4219951629639,677.8708648681641,1159.929141998291,824.7256278991699,1215.2098560333252,1086.6407775878906,1330.4546785354614,985.1932525634766,1332.8779363632202,1103.8539505004883,2132.663097381592,846.9879341125488,2083.932852745056,992.1269989013672,2859.9339866638184,814.368782043457,2823.20969581604,1027.3878479003906,2941.9511318206787,839.8431015014648,2912.6557445526123,860.8788299560547,3044.735269546509,727.5321006774902,3008.539352416992
800.4076766967773,198.97018611431122,826.5736198425293,129.21179562807083,837.6670074462891,124.92637127637863,850.3310966491699,120.15880912542343,816.7917251586914,130.15159338712692,820.4011344909668,126.96817874908447,825.4056358337402,123.00610810518265,942.7728080749512,117.65429645776749,918.1977081298828,117.10099428892136,851.7751121520996,244.23495769500732,837.0163536071777,245.37653267383575,1067.376594543457,405.55656909942627,1066.7628479003906,408.5951364040375,967.4471282958984,893.2521414756775,1057.777976989746,861.628897190094,752.7751350402832,1159.7700119018555,864.074535369873,1013.4448671340942,649.6936798095703,1227.1824645996094,783.358097076416,1067.9928231239319,634.7341346740723,1196.9617795944214,766.5105056762695,1058.7117791175842,647.2760581970215,1167.855520248413,791.5266609191895,1033.9861035346985,1059.726333618164,1322.1882820129395,960.1111221313477,1308.1332063674927,1051.7839050292969,2039.669451713562,821.0624313354492,2014.3243789672852,947.149486541748,2735.17315864563,763.4889793395996,2719.1998958587646,983.6805725097656,2823.290033340454,788.876838684082,2812.1514415740967,813.4427833557129,2901.2939071655273,667.595100402832,2886.0704612731934
799.1538619995117,207.0258092880249,821.9337844848633,137.86976516246796,831.4995574951172,134.1418755054474,842.3784255981445,130.053271651268,814.2276191711426,137.5907725095749,818.1396102905273,134.07483100891113,823.5742950439453,129.90890711545944,928.5052871704102,122.94674009084702,912.7791595458984,120.28988867998123,848.1952285766602,250.0274670124054,836.1781883239746,249.77599382400513,1046.0387420654297,392.81479954719543,1062.125358581543,399.24994468688965,958.6774635314941,879.3087530136108,1044.6997833251953,840.3309559822083,712.320384979248,1166.665391921997,855.9863662719727,1044.6660375595093,632.5009346008301,1243.6017036437988,781.5646362304688,1137.3715496063232,611.4028358459473,1229.6597957611084,753.5986518859863,1133.9559173583984,628.3836936950684,1199.7058725357056,771.8690299987793,1106.2165546417236,1054.353904724121,1300.8421897888184,962.9831314086914,1283.510398864746,1014.7949981689453,1920.3808450698853,830.1511573791504,1923.1241655349731,929.0574073791504,2589.190092086792,747.9358291625977,2592.7602195739746,974.3634796142578,2686.093626022339,775.3556442260742,2693.6044120788574,773.6955070495605,2733.289089202881,613.1197357177734,2733.1827449798584
799.090461730957,214.4012349843979,819.5789909362793,148.6231005191803,827.5943756103516,145.8623832464218,836.8061256408691,142.93701589107513,814.405403137207,146.74968481063843,818.6358261108398,143.03996443748474,824.2995643615723,138.82152020931244,916.3757514953613,134.8727908730507,911.964225769043,127.43926048278809,844.3218040466309,254.7789841890335,836.1161613464355,252.74759709835052,1022.0503234863281,389.4391107559204,1061.9955825805664,394.8766028881073,944.9481582641602,852.6404285430908,1054.4102096557617,810.1294541358948,712.7877044677734,1135.6802129745483,858.1513595581055,1016.6700196266174,662.625617980957,1211.5646696090698,806.4407730102539,1120.50208568573,652.7802085876465,1169.7645664215088,757.7776336669922,1121.0192584991455,666.2115669250488,1141.518201828003,777.8513717651367,1097.4222993850708,1047.0938873291016,1238.407702445984,1003.6032485961914,1220.5063390731812,984.799690246582,1750.630874633789,866.6214752197266,1779.0694570541382,914.8952865600586,2418.038206100464,765.472412109375,2453.0313777923584,967.8487014770508,2525.803270339966,793.0358505249023,2559.8916149139404,743.928050994873,2525.9335613250732,612.6715850830078,2572.6778984069824
796.8261337280273,223.54609787464142,812.7572822570801,160.81423938274384,820.0373268127441,158.4507519006729,828.6745834350586,155.93581080436707,808.8911819458008,158.3691269159317,813.2610511779785,154.57419276237488,819.25048828125,150.05446672439575,906.730785369873,145.10020673274994,902.1500587463379,133.4968739748001,841.2589073181152,260.943118929863,834.3220710754395,258.4027987718582,1010.0901031494141,393.48997592926025,1061.0767364501953,387.83161997795105,913.4711837768555,860.2252435684204,1043.858299255371,806.1260318756104,668.2370567321777,1135.8963775634766,854.2212295532227,1021.19215965271,619.7733879089355,1218.4518098831177,793.6055374145508,1098.0035877227783,603.3259963989258,1182.6704549789429,749.4351196289062,1098.2052040100098,621.5655326843262,1145.1909399032593,768.5619163513184,1078.2970118522644,1010.61767578125,1250.7648754119873,980.2210235595703,1217.7174425125122,1002.2641754150391,1895.454068183899,860.1723861694336,1871.5616369247437,929.2041778564453,2548.7473583221436,774.9223136901855,2557.403984069824,974.3934631347656,2629.162645339966,799.6151733398438,2652.6974201202393,779.1827774047852,2709.8202323913574,616.2667465209961,2712.5929069519043
791.1713790893555,224.11950051784515,804.3038749694824,163.54130566120148,810.8920097351074,161.04535460472107,818.9285659790039,158.31904470920563,802.8231239318848,161.43328249454498,807.9646682739258,157.78410494327545,814.8501205444336,153.38076531887054,896.396312713623,148.42888712882996,896.3376045227051,137.41548478603363,832.9529571533203,262.3736643791199,828.6239433288574,259.85173881053925,993.2773590087891,395.74180841445923,1060.276107788086,386.3438951969147,900.366268157959,848.1838202476501,1037.1443939208984,799.709780216217,659.3016242980957,1122.9761981964111,852.1238136291504,1039.9680304527283,626.2297439575195,1196.4247798919678,793.8566780090332,1130.5025625228882,602.2934532165527,1164.6187162399292,753.1816864013672,1111.4648866653442,618.8747406005859,1128.7092590332031,774.0584564208984,1058.0920600891113,981.3626861572266,1212.7878856658936,963.530158996582,1185.3425788879395,999.4325637817383,1851.2392044067383,861.4702033996582,1828.5173320770264,932.1648788452148,2479.194116592407,775.5238723754883,2493.051052093506,975.2827835083008,2551.872797012329,805.1483345031738,2583.7647342681885,794.2409706115723,2643.954019546509,648.204288482666,2645.944948196411
787.2430229187012,222.3999845981598,799.6375465393066,163.19079458713531,806.1559295654297,160.80471217632294,814.0005683898926,158.28759849071503,798.0231285095215,160.8338087797165,803.0683708190918,157.05039739608765,809.8590087890625,152.58553326129913,889.1119766235352,147.34114408493042,889.2964553833008,136.32375061511993,827.0932960510254,260.60236036777496,823.4050369262695,258.52172791957855,972.3137283325195,390.64674854278564,1058.0449676513672,372.9189991950989,890.4924774169922,829.5318675041199,1035.4153060913086,766.7500233650208,656.4328765869141,1099.4132280349731,855.0016021728516,978.795576095581,622.3931694030762,1163.6779689788818,800.1784515380859,1075.4283571243286,599.3341255187988,1147.248044013977,754.7372817993164,1041.4821481704712,617.6489067077637,1110.1735639572144,779.9063873291016,1017.2428107261658,914.3800735473633,1077.2718715667725,949.6982574462891,1146.7101430892944,997.7594375610352,1800.8729839324951,864.3942260742188,1778.2337665557861,936.9181251525879,2413.2357215881348,795.2202987670898,2432.4441146850586,978.3922576904297,2480.6672286987305,825.5954933166504,2519.943780899048,802.8139114379883,2585.524435043335,704.8655891418457,2585.082836151123
783.2674026489258,221.30433976650238,796.886157989502,164.45332646369934,803.2172012329102,162.39292323589325,810.5778694152832,160.17833054065704,794.8663330078125,161.59915566444397,799.5798683166504,157.69742667675018,805.7359886169434,153.13133597373962,881.0073852539062,148.49832952022552,879.0964508056641,137.21483409404755,819.0590286254883,259.67995941638947,815.6744956970215,258.0064380168915,950.8831787109375,384.67029333114624,1034.90478515625,358.110888004303,855.3488159179688,824.0834641456604,1013.5883331298828,737.6619815826416,648.4873580932617,1083.6289644241333,848.400936126709,949.3277978897095,594.9528694152832,1150.0109338760376,798.5773086547852,1040.5695962905884,587.424201965332,1133.1296253204346,756.3796806335449,1036.450560092926,605.7654190063477,1101.2593173980713,781.8716239929199,982.1340894699097,886.0455894470215,1045.8027362823486,949.5839309692383,1027.1745371818542,993.8010406494141,1741.820912361145,860.4172897338867,1712.203402519226,941.2569236755371,2334.9952125549316,801.3704681396484,2338.2833862304688,982.4471282958984,2398.0287551879883,830.2902030944824,2420.8796310424805,805.9090805053711,2507.8385639190674,732.9026985168457,2484.483518600464
781.4203834533691,223.42250168323517,795.4704666137695,170.2523696422577,801.7120742797852,168.05234134197235,808.7039566040039,165.6665164232254,793.3405494689941,167.6091331243515,797.9874229431152,163.72507452964783,803.9195823669434,159.23304498195648,873.6826515197754,153.0119401216507,873.123893737793,143.70228230953217,816.536865234375,258.8200968503952,813.2159042358398,257.10149824619293,936.2691307067871,378.19581627845764,1014.9163055419922,356.24484300613403,852.7342987060547,816.3088774681091,996.3335037231445,749.9045705795288,661.2896919250488,1065.2541375160217,846.357250213623,944.0434813499451,625.1657867431641,1117.0000648498535,797.5443649291992,1021.2179088592529,620.9807968139648,1100.0089359283447,758.1320571899414,1020.5080032348633,634.7634315490723,1075.6005549430847,782.662467956543,962.6489567756653,862.1183967590332,1067.270622253418,909.949836730957,1057.3589158058167,973.2295989990234,1744.9173831939697,852.9168319702148,1714.3289995193481,934.863338470459,2329.2685890197754,802.3721694946289,2329.428234100342,971.4876937866211,2394.7879600524902,830.8883285522461,2414.556655883789,807.6129341125488,2492.949342727661,740.251407623291,2462.270450592041
777.7680015563965,229.3469113111496,792.9658699035645,178.0355018377304,799.4910049438477,175.45527040958405,806.5881729125977,172.7046436071396,790.674877166748,176.0401314496994,795.5013084411621,172.2254991531372,801.4425659179688,167.89409637451172,869.5748519897461,160.68056881427765,868.0674362182617,154.51588690280914,812.6613235473633,261.6633242368698,809.2007446289062,259.6535986661911,930.5281448364258,377.07611203193665,997.1821975708008,359.53707218170166,848.5628700256348,792.5034785270691,959.5864677429199,753.3707356452942,683.0360984802246,1066.690685749054,808.6752319335938,969.5776176452637,650.6567001342773,1126.1316347122192,759.1215705871582,1060.0822806358337,641.5576171875,1124.7530221939087,755.5019187927246,1034.5724129676819,653.2626342773438,1090.6775522232056,770.079460144043,990.2539730072021,833.8765525817871,1056.2184834480286,883.6300277709961,1073.4633708000183,913.8442611694336,1465.1432418823242,834.144344329834,1472.0699071884155,865.5575752258301,2014.7196292877197,768.501091003418,1988.1718111038208,917.0072364807129,2092.44309425354,796.2214279174805,2074.543662071228,716.6935157775879,2152.6305770874023,636.9174385070801,2091.7858457565308
776.2412452697754,227.95344471931458,792.9111671447754,175.76744735240936,799.8692893981934,173.20609331130981,807.2775077819824,170.50022184848785,789.2050552368164,174.0161794424057,793.4957313537598,170.37902355194092,798.6057472229004,166.28227651119232,867.3790168762207,160.28086066246033,859.7925567626953,155.25340855121613,811.596565246582,261.4170491695404,806.2913703918457,259.10913169384,926.5998458862305,375.75566053390503,965.1861190795898,361.622371673584,840.4497528076172,783.6268901824951,914.8349189758301,759.0456032752991,684.1576766967773,1078.9505910873413,776.3880157470703,985.7683968544006,657.8217887878418,1144.5809412002563,708.4883880615234,1069.1976284980774,649.8125839233398,1143.8748979568481,745.1287651062012,1060.0119853019714,662.7960205078125,1105.2306175231934,753.779468536377,1016.4848828315735,828.2970428466797,1055.780746936798,868.9042282104492,1047.0298790931702,889.6469306945801,1500.5997705459595,784.5627021789551,1522.2918033599854,802.8446388244629,2046.4995574951172,714.5088386535645,2047.757921218872,842.1913719177246,2129.268579483032,736.7185020446777,2133.654570579529,658.9143562316895,2176.4599227905273,590.6370162963867,2155.617871284485
776.8512153625488,229.33915436267853,794.0522003173828,178.49200308322906,801.2635231018066,175.88782489299774,808.8579368591309,173.31628382205963,789.8577690124512,177.45392382144928,793.9859962463379,174.23878133296967,798.7276268005371,170.91180682182312,864.7963714599609,164.73333299160004,853.813362121582,163.74736368656158,812.8881454467773,262.20648765563965,806.7860984802246,260.2859830856323,912.5597190856934,374.21881914138794,953.1210708618164,362.50943183898926,827.8846549987793,782.2735118865967,895.7144165039062,763.4726643562317,687.8338050842285,1077.5574946403503,762.2444915771484,995.3254079818726,662.4074363708496,1149.4349241256714,700.1213264465332,1102.815341949463,655.6108474731445,1150.7491636276245,732.2845458984375,1072.200436592102,668.0358695983887,1107.616925239563,745.4080009460449,1017.224657535553,821.6257667541504,1044.328465461731,859.1368675231934,1033.512704372406,884.3967819213867,1483.5320377349854,762.3955535888672,1519.4202518463135,790.5749130249023,2026.659665107727,680.8248138427734,2041.5956211090088,823.2051658630371,2104.8703050613403,698.4716033935547,2124.318552017212,655.8267974853516,2162.8239154815674,566.2831878662109,2149.2900037765503
777.2454643249512,229.4308054447174,794.3580436706543,178.69070649147034,801.2104225158691,176.0272890329361,807.989559173584,173.43778789043427,790.2422332763672,178.08563232421875,794.3124961853027,175.10994136333466,798.969783782959,172.10912883281708,857.9709434509277,165.9940141439438,850.9564590454102,166.8132895231247,811.8102836608887,262.19998598098755,806.1542129516602,260.7225286960602,892.7166366577148,370.5873119831085,947.296257019043,363.02937269210815,807.1713638305664,776.9135570526123,898.9841079711914,766.8364763259888,687.6540184020996,1087.2991275787354,765.2579498291016,1032.2124338150024,664.6009254455566,1160.141315460205,713.7223434448242,1159.0154314041138,658.8784790039062,1153.448452949524,702.6354217529297,1156.4446306228638,671.1996459960938,1114.031310081482,741.5358924865723,1066.2228870391846,793.7635231018066,1048.4209156036377,845.8392333984375,1066.3661813735962,846.3165092468262,1576.812400817871,750.619010925293,1602.3413228988647,752.5274276733398,2135.8484029769897,632.6646995544434,2164.4886016845703,782.4880027770996,2217.588357925415,644.0175247192383,2254.8587894439697,614.4636726379395,2265.806837081909,517.9405975341797,2267.4581336975098
773.8529205322266,230.67365527153015,790.7968139648438,181.29097402095795,797.1703720092773,178.63323748111725,803.2602882385254,176.1527681350708,787.1696662902832,181.40538096427917,791.195182800293,178.92685890197754,795.6067085266113,176.55229926109314,849.4310188293457,171.71185076236725,844.6866416931152,174.28018927574158,806.4788246154785,262.53503143787384,801.5872192382812,261.8599194288254,870.1546669006348,371.1402761936188,948.0447578430176,369.16853070259094,791.5044021606445,778.0610704421997,907.650260925293,767.3330497741699,685.5291366577148,1092.8389406204224,775.1237869262695,1045.5770444869995,663.5647773742676,1166.38099193573,735.6185531616211,1178.1429719924927,661.1820602416992,1161.333246231079,710.7278251647949,1179.4104766845703,673.3423233032227,1118.5707664489746,744.3652725219727,1133.3900785446167,780.4717254638672,1050.1948428153992,827.8843116760254,1081.30934715271,828.5758781433105,1618.902440071106,737.1892547607422,1634.3018817901611,741.1727714538574,2177.204074859619,607.6222801208496,2208.0899906158447,765.3195762634277,2251.206007003784,608.0810737609863,2297.8694915771484,627.7943801879883,2321.5059757232666,527.7007484436035,2320.227270126343
761.0738754272461,232.99328863620758,779.3408203125,185.2630466222763,786.0833930969238,182.8747594356537,792.3091506958008,180.73641657829285,774.1414833068848,185.6248390674591,777.5085067749023,183.53281259536743,781.1114501953125,181.51201486587524,836.8738746643066,178.68933856487274,831.4172744750977,180.25633871555328,794.8762893676758,263.9399081468582,788.3765602111816,263.6585336923599,847.0490455627441,372.38682746887207,943.4293556213379,379.1224014759064,769.0933227539062,783.4379553794861,947.8129005432129,792.0790028572083,682.0975685119629,1096.6615390777588,777.9914474487305,1052.9530334472656,658.4072113037109,1170.4618549346924,765.8012580871582,1190.6272172927856,661.8561172485352,1165.0292873382568,744.4714736938477,1168.274974822998,675.0973892211914,1123.1009531021118,755.1284408569336,1127.8967428207397,776.5202522277832,1058.7440299987793,835.0578689575195,1087.8096055984497,822.4025344848633,1628.0450820922852,750.4836273193359,1648.6813974380493,750.9252548217773,2172.8758907318115,638.620719909668,2213.9821815490723,778.5891151428223,2247.2087001800537,644.5945358276367,2303.3975887298584,632.9249382019043,2308.3228969573975,552.385082244873,2317.730884552002
739.8066902160645,235.9913009405136,754.8418235778809,188.59035909175873,761.1994743347168,186.1875879764557,767.4271202087402,183.95170390605927,751.1264419555664,188.4089720249176,754.8770713806152,185.98593950271606,759.1363906860352,183.5342288017273,817.8140830993652,180.77104926109314,816.0056304931641,180.65261900424957,773.5904502868652,265.5805027484894,768.6480331420898,265.1846247911453,830.5706405639648,374.8139154911041,940.6077003479004,381.7427372932434,748.8922119140625,786.2023901939392,962.8471755981445,794.7064518928528,677.9315757751465,1096.3819026947021,792.0434188842773,1081.1915445327759,657.1505355834961,1170.5630493164062,774.8611450195312,1185.5601596832275,662.922248840332,1168.2789659500122,744.5643997192383,1168.5692882537842,676.3309478759766,1123.5639238357544,756.2480735778809,1134.8976945877075,792.7342414855957,1087.7404689788818,834.8686981201172,1089.5484495162964,827.2240447998047,1638.0902338027954,758.009090423584,1656.131672859192,764.1152572631836,2176.069564819336,656.1258888244629,2214.656295776367,794.3230247497559,2246.393222808838,666.7434883117676,2303.529682159424,642.3718070983887,2316.649160385132,564.4460105895996,2316.7956733703613
732.7172470092773,238.85747730731964,747.597770690918,191.0478150844574,753.3556365966797,188.64895462989807,758.8348960876465,186.42913162708282,744.2119216918945,190.9152388572693,747.6901245117188,188.54214370250702,751.5668678283691,186.12447023391724,803.565845489502,183.32372903823853,803.9228439331055,182.7814346551895,763.546028137207,267.4914479255676,759.3118858337402,267.4876660108566,806.3271331787109,383.32483291625977,927.5946235656738,383.8223397731781,716.8161392211914,805.4666590690613,961.2989044189453,810.4149484634399,661.0775184631348,1113.2426118850708,794.1161155700684,1113.4846544265747,648.1248664855957,1181.6126775741577,773.5850143432617,1196.1048460006714,660.8881759643555,1176.931471824646,740.2809906005859,1192.1271085739136,650.8796310424805,1177.8193044662476,753.0936813354492,1161.1773347854614,792.6552200317383,1122.911696434021,818.6010932922363,1118.5878896713257,833.1430435180664,1692.3739385604858,754.5576095581055,1687.5060510635376,772.1471214294434,2184.749879837036,661.281566619873,2216.075849533081,802.2769546508789,2259.4310760498047,671.088809967041,2310.2280807495117,648.0785179138184,2324.1357421875,574.9667358398438,2321.9092082977295
726.0280609130859,249.17922377586365,740.0739669799805,200.76352179050446,747.5644683837891,197.35564649105072,754.4535255432129,194.24601137638092,732.0512008666992,202.78501152992249,733.6334609985352,201.00269973278046,735.5285453796387,199.21617150306702,791.455135345459,189.88631665706635,778.0161666870117,194.3772840499878,762.0050239562988,274.844069480896,752.8268623352051,276.651406288147,792.2850608825684,386.7158102989197,890.9871482849121,389.52701210975647,712.5882339477539,808.1537818908691,842.3490142822266,809.8830986022949,644.355411529541,1118.1370210647583,786.7398262023926,1115.3114318847656,646.3722610473633,1185.387897491455,765.2988624572754,1199.2020893096924,661.219539642334,1184.0458488464355,730.5449867248535,1196.5622806549072,638.5458183288574,1180.9125566482544,741.3372230529785,1164.0469551086426,784.6512222290039,1122.5424528121948,788.2364273071289,1119.5922374725342,823.007755279541,1669.4265031814575,738.4028434753418,1675.7892608642578,777.1369171142578,2170.205183029175,664.574031829834,2205.4411697387695,804.0411758422852,2238.525810241699,668.5681343078613,2293.490581512451,659.564380645752,2314.6798610687256,600.4061508178711,2311.628065109253
708.1110763549805,249.5513480901718,719.8513412475586,202.97980427742004,724.559497833252,200.39844632148743,728.8580131530762,198.09646725654602,717.9844093322754,203.31151843070984,721.5866088867188,201.27137660980225,725.39794921875,199.25588965415955,761.8013191223145,196.3700795173645,767.7303314208984,196.40413284301758,737.1985816955566,275.4690992832184,734.6801948547363,276.6649889945984,753.9171981811523,392.07064747810364,901.7181587219238,393.6648452281952,687.0435333251953,810.4090905189514,941.8254661560059,812.3584985733032,644.1862678527832,1117.3693084716797,827.8831100463867,1107.8585815429688,641.3431549072266,1185.2689361572266,809.1067314147949,1182.8342199325562,658.9624214172363,1184.272313117981,769.1183853149414,1188.4466457366943,640.0586128234863,1162.022294998169,775.5536270141602,1158.3592128753662,751.1070442199707,1082.2476482391357,791.8780517578125,1121.2315607070923,810.1760673522949,1601.3789463043213,743.5227012634277,1629.205470085144,781.1671257019043,2100.9721326828003,702.333812713623,2148.8369464874268,809.1500473022461,2169.6183586120605,699.8356246948242,2233.5005950927734,666.818675994873,2231.379632949829,663.3017921447754,2244.5735263824463
707.7153396606445,250.9173434972763,713.701171875,207.21984565258026,716.1079216003418,205.31942546367645,718.0836296081543,203.75203907489777,715.2889823913574,206.2425023317337,719.3102073669434,204.02395069599152,723.7863349914551,201.976438164711,742.012825012207,203.9084655046463,759.9888038635254,201.73833847045898,733.2440757751465,276.5677213668823,733.2771492004395,277.3324406147003,744.2990112304688,395.76034784317017,905.6156158447266,393.5800337791443,681.6641807556152,804.0598511695862,966.5685653686523,811.908917427063,642.2211456298828,1112.3716449737549,831.8018531799316,1102.001667022705,636.6543388366699,1179.0799856185913,810.5191612243652,1162.913475036621,653.8272857666016,1180.077896118164,771.3474655151367,1169.7343111038208,630.1223373413086,1166.7556428909302,776.9916915893555,1147.7928972244263,729.1791915893555,1049.604992866516,802.818489074707,1121.739206314087,782.0454597473145,1586.4208459854126,740.2653121948242,1613.439359664917,771.463680267334,2086.7455673217773,702.12890625,2138.402338027954,797.8242874145508,2152.1274375915527,700.294075012207,2221.705913543701,669.2126083374023,2222.1997833251953,663.5222625732422,2238.356637954712
676.6068077087402,263.7267529964447,680.9279823303223,219.9865758419037,684.6134376525879,217.69904851913452,687.9503631591797,215.59401869773865,680.4281616210938,218.06591033935547,683.8706588745117,215.03339409828186,687.4626731872559,212.18532264232635,721.812744140625,210.71185648441315,727.8899574279785,207.7549785375595,708.5942459106445,286.40353202819824,706.8899917602539,286.1934506893158,743.8251686096191,395.7217562198639,903.1662940979004,392.6941645145416,679.3357086181641,802.8154563903809,973.4867477416992,811.2861728668213,640.3974151611328,1109.0180683135986,848.0062294006348,1089.7691202163696,633.5745048522949,1173.991298675537,830.727481842041,1143.8120698928833,648.5061836242676,1176.9528436660767,787.8816032409668,1145.0292348861694,635.5317306518555,1147.1361637115479,794.1402053833008,1125.4703950881958,736.3119506835938,1052.497079372406,809.3051147460938,1116.1982345581055,790.1135444641113,1573.2472944259644,742.9347610473633,1605.0399684906006,775.0922584533691,2072.0104551315308,729.8201179504395,2131.115698814392,802.4621200561523,2136.478486061096,736.1474418640137,2210.9427452087402,675.5484008789062,2208.088445663452,697.8155708312988,2235.3014945983887
662.2644424438477,272.70208954811096,667.7715682983398,230.34858763217926,671.0314178466797,228.23464214801788,674.1199493408203,226.22620403766632,669.5248603820801,227.6189625263214,673.9258575439453,224.1954928636551,678.7248802185059,220.9231549501419,710.346565246582,219.91526663303375,721.7158699035645,215.94417572021484,692.6414680480957,295.37564992904663,693.7619590759277,294.4899094104767,732.6954460144043,395.40072798728943,905.8625221252441,391.8811333179474,673.1700325012207,783.5476469993591,974.0067672729492,785.5079984664917,623.8875961303711,1085.7403993606567,846.1248779296875,1022.5754070281982,612.7005386352539,1152.0783376693726,834.0178298950195,1114.4373750686646,625.0812149047852,1158.9285278320312,794.1918182373047,1115.6500339508057,627.7674293518066,1127.975149154663,800.2062606811523,1093.896975517273,728.6621475219727,1056.663236618042,811.1226081848145,1107.6749897003174,794.9826049804688,1575.2432441711426,752.3463249206543,1604.528203010559,777.3143577575684,2063.58003616333,745.8117485046387,2117.9982805252075,804.6371269226074,2120.0092935562134,761.466064453125,2193.9678382873535,675.981330871582,2211.583127975464,691.3303184509277,2225.6391048431396
650.4647827148438,280.9510409832001,655.8627891540527,238.9735096693039,658.9583587646484,236.91861033439636,661.9544219970703,234.99569177627563,658.073787689209,235.81345438957214,662.6628684997559,232.0640641450882,667.6860809326172,228.4526252746582,698.7459182739258,226.66072189807892,711.2118530273438,221.71487867832184,680.3118896484375,302.95937061309814,682.0585441589355,301.76676392555237,723.1598281860352,393.9990699291229,904.3991661071777,391.8231976032257,669.3225860595703,779.9938702583313,979.2147445678711,783.6101531982422,603.3205604553223,1069.259877204895,843.7697982788086,1004.7736287117004,585.0249481201172,1130.80331325531,825.4444313049316,1064.032723903656,593.9399528503418,1136.3773727416992,791.3308525085449,1107.2406005859375,612.2797393798828,1102.9193687438965,793.9290046691895,1084.5700979232788,721.3853073120117,1057.9098200798035,813.6701202392578,1113.9194297790527,798.3040809631348,1551.9179391860962,755.515193939209,1585.72265625,780.2831840515137,2028.781270980835,745.9597778320312,2082.397427558899,805.1178932189941,2089.559826850891,758.1485366821289,2159.5608472824097,696.3512420654297,2155.1724100112915,697.7537155151367,2173.039140701294
644.5453262329102,290.7247316837311,647.647819519043,248.1484830379486,649.4659996032715,246.14504992961884,651.0890579223633,244.4321644306183,652.6068305969238,244.6849089860916,657.9519653320312,240.64950942993164,663.9320182800293,236.85962855815887,683.902702331543,234.73422467708588,705.5941772460938,228.67580652236938,672.1780586242676,311.922025680542,675.9811019897461,310.9360885620117,721.6093826293945,397.6407480239868,879.3631553649902,397.5160253047943,674.8611259460449,779.1083550453186,963.8998031616211,783.9489483833313,596.1080932617188,1060.271987915039,825.4666900634766,1015.4650855064392,574.0006256103516,1122.0910692214966,800.7948875427246,1042.2652459144592,573.4485626220703,1127.1890258789062,759.4245529174805,1094.2022323608398,596.9946098327637,1090.192050933838,764.4255638122559,1075.0873732566833,719.7667121887207,1055.220444202423,818.3186531066895,1100.5491542816162,731.9654273986816,1408.2692956924438,752.4482917785645,1470.3086614608765,702.6230049133301,1851.4373445510864,697.5963020324707,1918.2441759109497,731.7102813720703,1907.0861434936523,701.8919563293457,1994.9089622497559,623.8342094421387,1963.4268236160278,639.0613746643066,1983.3348226547241
633.0142021179199,302.4151933193207,634.5381546020508,260.4818058013916,636.504020690918,258.3426260948181,638.250560760498,256.4565771818161,638.8632202148438,256.75406098365784,644.0019607543945,252.30203926563263,649.6953392028809,248.0432814359665,674.1184616088867,242.78635561466217,693.541202545166,235.69434821605682,662.3650360107422,323.6711633205414,665.2673721313477,321.0622215270996,724.6785163879395,397.81095027923584,867.2518157958984,398.22940707206726,679.8309516906738,766.1276650428772,952.1763038635254,771.9135761260986,599.3496894836426,1036.272246837616,816.5765762329102,992.9166340827942,577.3885345458984,1094.901967048645,796.2279510498047,1036.4116144180298,575.3110313415527,1098.9991807937622,748.4975624084473,1042.768771648407,598.1179618835449,1064.336178302765,754.6746826171875,1026.6105651855469,718.6996078491211,1047.2282767295837,829.9873924255371,1081.7658805847168,682.3634719848633,1279.1087007522583,764.571418762207,1381.4675903320312,684.8925018310547,1648.290138244629,685.7295799255371,1692.699794769287,735.0125312805176,1698.7951469421387,695.9708404541016,1751.3151597976685,569.4428443908691,1734.8570394515991,555.1761817932129,1730.0430965423584
620.8313941955566,325.6850731372833,621.0970687866211,284.0527582168579,624.3726539611816,281.1674952507019,627.6840591430664,278.32439661026,622.5422859191895,281.4590084552765,626.7978858947754,277.0961272716522,631.5569686889648,272.8553295135498,669.2227935791016,258.7029701471329,677.1187591552734,255.3291803598404,654.7286796569824,345.6250333786011,655.8269691467285,343.90579104423523,727.5354766845703,399.1146969795227,839.5398902893066,397.25817918777466,683.1505393981934,759.2134237289429,878.4461402893066,726.3633584976196,600.0317573547363,1028.8524198532104,778.3830070495605,976.7015218734741,579.1348457336426,1085.9609413146973,754.7270393371582,1027.1014094352722,577.6643943786621,1090.818657875061,709.0583610534668,1024.7784447669983,593.2991981506348,1062.278687953949,718.8553619384766,1008.7434482574463,718.0578804016113,1045.3227710723877,829.218807220459,1078.6579513549805,649.6461868286133,1347.0101308822632,763.7922477722168,1418.6768674850464,694.6001243591309,1722.1517372131348,688.4714698791504,1788.970284461975,748.7698173522949,1767.2754192352295,699.089469909668,1854.6165990829468,587.3687553405762,1834.7138786315918,562.3920249938965,1855.0929594039917
616.7478561401367,351.37084007263184,612.5287055969238,308.4427607059479,615.5951499938965,305.02049803733826,618.7485122680664,301.69878602027893,614.0175819396973,305.7346522808075,618.0699920654297,300.5138397216797,622.7173805236816,295.23151874542236,663.109073638916,276.070214509964,671.2272262573242,270.3064477443695,654.1032600402832,369.9679148197174,655.3069496154785,368.71830582618713,729.9478340148926,405.38305163383484,851.8699264526367,394.36847448349,685.188102722168,758.6493873596191,893.9762306213379,730.0537991523743,600.9021377563477,1018.3211874961853,783.4490203857422,946.9796633720398,577.2077751159668,1073.853406906128,759.4602012634277,993.0243301391602,576.0158157348633,1071.677598953247,716.1235427856445,986.0247302055359,591.2212371826172,1048.4594750404358,726.016960144043,972.8450632095337,719.6233177185059,1044.4238018989563,845.4660415649414,1080.080337524414,684.070930480957,1358.584270477295,775.3097534179688,1437.653260231018,697.4467277526855,1766.146960258484,740.5133628845215,1848.3720302581787,772.2873115539551,1817.9562950134277,770.0945663452148,1919.8666334152222,592.1257209777832,1889.0077543258667,623.1938552856445,1922.7035522460938
618.6865997314453,357.5434076786041,612.3251724243164,316.32285475730896,614.7192192077637,313.39468717575073,617.1975517272949,310.5300557613373,614.5352554321289,312.6614785194397,618.4317970275879,307.3635149002075,622.9858589172363,302.00459003448486,659.088134765625,284.90917682647705,669.4608306884766,278.0082929134369,654.089183807373,374.90294337272644,655.9370040893555,372.68287897109985,732.9727363586426,405.6498456001282,858.9585113525391,391.0376536846161,695.3774070739746,750.5979323387146,900.0830268859863,707.847683429718,601.4006996154785,1006.1563611030579,794.2540168762207,904.3661427497864,579.8003768920898,1063.2511067390442,775.448055267334,946.1666965484619,579.6849632263184,1062.9181051254272,731.7490196228027,940.7282066345215,594.5496940612793,1040.0858330726624,740.2618789672852,929.2206287384033,738.9035224914551,1030.7126712799072,860.8575439453125,1053.1247806549072,700.5429840087891,1349.4651889801025,797.8103828430176,1411.2675333023071,739.350757598877,1737.210774421692,775.8816146850586,1822.6560401916504,813.0659294128418,1780.5076789855957,808.5933494567871,1892.07190990448,641.9579887390137,1869.9050617218018,661.5826606750488,1903.1526947021484
620.7146644592285,366.5710151195526,614.2670631408691,324.80782985687256,617.4843978881836,320.87602257728577,620.8260726928711,317.0111310482025,613.1148719787598,323.23532581329346,615.3545951843262,318.37297439575195,618.0122566223145,313.4908926486969,662.7440071105957,289.79000329971313,660.732307434082,289.7634494304657,657.2220039367676,382.55908370018005,655.9989738464355,382.01860785484314,742.9714393615723,406.91516160964966,841.7962074279785,395.92305064201355,719.9004936218262,743.3137392997742,858.4998893737793,702.5160527229309,616.1144256591797,996.9037055969238,749.7827911376953,912.794759273529,595.9430694580078,1050.7072520256042,744.1930389404297,980.1535892486572,591.5080833435059,1048.707890510559,710.1788520812988,978.4302592277527,601.9760513305664,1028.8781690597534,726.4619636535645,952.8077387809753,787.2275161743164,1014.1735053062439,864.7735977172852,1021.5212988853455,699.9054908752441,1196.8565940856934,803.5392379760742,1211.6238927841187,785.3769493103027,1498.850884437561,789.4787406921387,1496.4405012130737,871.9252395629883,1524.6434783935547,824.8825263977051,1543.2844877243042,700.6614303588867,1621.4979600906372,675.7844924926758,1574.8149061203003
622.0194625854492,371.8234348297119,615.0239181518555,331.0066294670105,618.3538055419922,326.53888463974,621.8057441711426,321.9569420814514,612.8867340087891,330.99114775657654,614.5635223388672,326.8081247806549,616.6252899169922,322.4533545970917,663.661994934082,293.5921311378479,660.574951171875,297.6925313472748,659.0387535095215,385.9531509876251,657.1833229064941,387.42021203041077,752.3928451538086,410.086852312088,835.2549362182617,410.9300100803375,745.7930946350098,745.1645922660828,840.6208992004395,711.6136980056763,642.2908973693848,1000.7001042366028,743.3633995056152,928.9594030380249,627.6439476013184,1054.6182990074158,740.767650604248,991.8871164321899,618.6264610290527,1053.347897529602,712.4032402038574,993.5441422462463,628.611888885498,1031.2221837043762,721.1422348022461,968.8790416717529,811.834659576416,1011.8246626853943,864.3709373474121,1020.0557827949524,701.8294715881348,1032.9843950271606,805.3948974609375,1017.0127415657043,816.6777992248535,1144.2680883407593,799.4223403930664,1080.4046487808228,881.0363960266113,1144.0700769424438,821.2142372131348,1104.077696800232,775.2821159362793,1201.3082456588745,725.5492973327637,1073.038444519043
624.3074226379395,384.9287188053131,616.8536567687988,343.41166377067566,620.4321098327637,338.2645905017853,624.1239166259766,332.9106545448303,613.7881278991699,344.82861042022705,614.9921035766602,341.02802753448486,616.563606262207,336.9945430755615,664.9020767211914,302.58275628089905,658.4076118469238,311.4661681652069,661.1092758178711,396.9034194946289,659.1310501098633,401.19951367378235,756.500301361084,412.9448211193085,836.0345649719238,411.1292767524719,766.5549087524414,748.7392258644104,859.1844749450684,717.431538105011,670.0056838989258,1005.2150344848633,762.8221321105957,937.6144194602966,658.1532096862793,1061.338713169098,757.6792144775391,991.1556458473206,650.4374313354492,1060.6085300445557,736.0026168823242,992.4507665634155,659.9352836608887,1035.9018445014954,743.4613609313965,967.6298832893372,809.7715187072754,1007.6718306541443,863.228874206543,1023.3997678756714,722.9354667663574,1197.2970342636108,803.027286529541,1152.6107025146484,799.5602416992188,1498.913197517395,794.959831237793,1377.40243434906,872.6278495788574,1567.8809022903442,810.0209999084473,1445.9533882141113,675.6768035888672,1560.6104850769043,661.219310760498,1433.4897422790527
625.1423835754395,395.15498399734497,615.4061508178711,354.2375957965851,619.119873046875,348.84146332740784,623.0417060852051,343.01161766052246,611.931037902832,356.08062744140625,612.9430389404297,352.4807274341583,614.3981552124023,348.636531829834,663.8298797607422,309.7002875804901,656.1169624328613,320.6006669998169,662.4999618530273,405.66890001296997,660.4827117919922,411.3925302028656,763.8815116882324,417.5700867176056,833.8435935974121,410.21196126937866,788.6386871337891,749.7584438323975,868.3721923828125,710.8922052383423,695.4109382629395,1008.7319254875183,780.0541305541992,939.8970222473145,679.4734382629395,1065.3056359291077,767.9358100891113,991.8261551856995,667.2085762023926,1064.9007296562195,759.2592430114746,992.3965001106262,676.2215995788574,1039.8427605628967,757.8265571594238,970.5802917480469,834.2627334594727,1011.5682649612427,862.5169944763184,1017.2321248054504,737.9011344909668,1280.2273750305176,802.1599388122559,1166.8138360977173,794.4729423522949,1630.7166910171509,784.6851539611816,1481.1728954315186,860.5694961547852,1696.026463508606,804.7439575195312,1539.4629192352295,669.0941047668457,1720.905990600586,650.4543113708496,1624.9925136566162
625.536003112793,399.8089921474457,614.0493965148926,359.4169843196869,617.5310897827148,354.42559719085693,621.2899589538574,348.91233801841736,610.8391571044922,360.2869212627411,611.8076705932617,356.40645146369934,613.3022117614746,352.18161821365356,661.2946701049805,315.396044254303,654.7002410888672,323.2231914997101,663.3322906494141,410.11050939559937,661.3089752197266,414.49344277381897,765.102596282959,420.4652953147888,833.031177520752,409.5814597606659,794.7415924072266,750.9856510162354,871.3080024719238,705.4000926017761,724.4980430603027,1009.777021408081,797.8985595703125,939.1562819480896,711.9626998901367,1067.456660270691,791.7917633056641,992.020754814148,699.451961517334,1067.5664162635803,781.3419342041016,993.8999319076538,708.2617378234863,1042.3753881454468,778.6651611328125,973.1687307357788,837.6762771606445,1013.7557888031006,861.9294548034668,1007.9075002670288,800.079402923584,1368.0476188659668,801.2595176696777,1340.01793384552,797.0919799804688,1784.302339553833,781.765193939209,1771.5519762039185,854.4121742248535,1837.8693151474,809.5623207092285,1834.774260520935,669.9798774719238,1913.6637783050537,664.3624877929688,1881.362943649292
624.8263549804688,407.06225395202637,612.9883575439453,365.89532375335693,616.3757514953613,360.88414192199707,620.0832366943359,355.35324454307556,609.8301315307617,367.23453998565674,610.7353019714355,363.582626581192,612.180347442627,359.6672022342682,659.7589874267578,321.4670956134796,652.6163864135742,331.60526633262634,662.4875450134277,416.3159716129303,660.2663040161133,420.59165954589844,768.2254028320312,423.4699058532715,828.7771797180176,410.2720534801483,800.8163452148438,751.145875453949,874.1278266906738,708.9894676208496,746.5556144714355,1009.2326188087463,803.3611106872559,941.8116044998169,732.7132415771484,1067.0068216323853,795.8076667785645,992.3897409439087,722.7099609375,1066.814796924591,788.1139183044434,995.6811332702637,730.5565452575684,1042.3079895973206,785.7528877258301,975.0485515594482,844.105339050293,1015.2668166160583,857.6962280273438,1007.6894044876099,826.9419479370117,1388.1864595413208,797.0269775390625,1376.572151184082,799.5163536071777,1802.5112771987915,778.9466285705566,1798.249011039734,850.7427406311035,1857.1046161651611,805.6060981750488,1860.0974464416504,675.1655960083008,1920.295615196228,665.8324813842773,1894.3151807785034
617.7184295654297,408.3745300769806,606.1826133728027,368.0183136463165,609.6317481994629,362.92669773101807,613.4229469299316,357.2410476207733,603.0802345275879,369.27027225494385,603.9896965026855,365.4667925834656,605.4488754272461,361.2779438495636,653.9059066772461,322.5098741054535,644.5037269592285,332.590913772583,655.5331993103027,416.44001841545105,653.0439376831055,419.92308139801025,769.8790168762207,426.00085973739624,830.8857536315918,410.1416015625,808.0179977416992,751.5225219726562,876.8329811096191,702.7277755737305,759.6782112121582,1010.3089356422424,819.067497253418,943.579351902008,744.6620750427246,1068.556730747223,816.2570571899414,991.3540434837341,732.2170257568359,1070.9584879875183,804.942512512207,996.0951805114746,739.5062828063965,1044.8113918304443,801.8624496459961,975.5751872062683,845.2171897888184,1013.6428785324097,857.6530838012695,995.6104516983032,833.7786483764648,1386.18896484375,796.9036674499512,1388.6185312271118,798.4969139099121,1801.4806652069092,768.5113906860352,1811.3737678527832,848.4577560424805,1855.4144382476807,798.1102752685547,1877.0244598388672,672.1560287475586,1924.3526601791382,650.9564208984375,1900.4504442214966
613.8786506652832,413.87919545173645,601.6545867919922,372.7546548843384,605.3333473205566,367.37178325653076,609.4214057922363,361.3064932823181,597.9797172546387,374.5308995246887,598.6667060852051,370.885648727417,599.9483299255371,366.881582736969,649.5503997802734,326.23172879219055,637.1031761169434,338.47811579704285,651.9011306762695,420.42303442955017,648.347053527832,424.4000315666199,770.9420585632324,429.08223509788513,829.3497848510742,409.2731773853302,816.939868927002,751.9180941581726,879.0151405334473,702.3400568962097,774.0507316589355,1010.6004166603088,828.7873077392578,944.6289539337158,763.0974769592285,1069.5596623420715,825.6318283081055,992.31938123703,749.1458702087402,1071.3303065299988,813.6575889587402,997.0655393600464,755.7726860046387,1045.5796194076538,813.7448501586914,976.3118720054626,853.0734443664551,1013.0778765678406,858.7323760986328,983.8251042366028,877.2717475891113,1401.4506483078003,817.0195198059082,1405.156602859497,848.2660675048828,1817.8345012664795,788.6907005310059,1829.0672063827515,890.3714561462402,1861.2072372436523,817.6674270629883,1888.7139558792114,739.3337631225586,1960.5955696105957,699.6506881713867,1930.9063482284546
605.4250717163086,416.6848289966583,594.1979598999023,374.83078122138977,598.1575584411621,368.94296765327454,602.622184753418,362.31727838516235,589.8809623718262,377.27444529533386,590.4453277587891,373.59890699386597,591.5195846557617,369.4799995422363,643.7115097045898,326.0607862472534,628.3061599731445,340.7077717781067,642.9448699951172,424.060914516449,638.4538650512695,428.6497449874878,771.3529014587402,428.64362955093384,827.1478271484375,408.9355731010437,818.7352752685547,752.2553443908691,880.4743194580078,704.2305636405945,777.3601341247559,1010.7992649078369,834.528865814209,948.9357662200928,765.6256484985352,1076.1418676376343,830.2607345581055,1003.9675498008728,749.560661315918,1084.1810274124146,821.0881233215332,1010.8572006225586,755.8977699279785,1056.2346410751343,818.7207984924316,986.0576891899109,860.9670639038086,1010.5847096443176,858.8043594360352,974.5414209365845,913.7133979797363,1408.4956312179565,834.653205871582,1409.9796867370605,893.7149620056152,1822.9028463363647,805.2762222290039,1832.2092533111572,931.5715599060059,1861.9042682647705,832.9248046875,1889.3540811538696,805.1178359985352,1972.89635181427,730.6873512268066,1941.5841579437256
593.7733268737793,419.4734036922455,585.450553894043,376.1776900291443,590.1920700073242,370.03495931625366,595.554313659668,363.1009554862976,580.0215339660645,379.3982398509979,580.6522750854492,376.0340738296509,581.7358589172363,372.3344922065735,639.1509246826172,327.6416265964508,621.1043930053711,345.832861661911,632.9541778564453,428.9068830013275,626.7496490478516,434.26748156547546,771.2740516662598,428.7038505077362,827.6210403442383,408.7617337703705,818.6137962341309,752.3127007484436,899.0323448181152,703.3941650390625,788.3179092407227,1011.2251567840576,852.4480247497559,949.4135427474976,783.8801765441895,1076.2550354003906,856.2520408630371,999.3780755996704,767.9193878173828,1084.1337776184082,841.175708770752,1006.9612812995911,772.2537231445312,1055.93923330307,836.3894462585449,986.1390566825867,875.7045364379883,1010.1994371414185,858.7697982788086,978.4312891960144,936.5185546875,1432.085509300232,840.8346176147461,1438.8893508911133,913.8760757446289,1853.832278251648,824.6530723571777,1872.734899520874,950.7808685302734,1895.1820278167725,853.5915756225586,1930.692629814148,817.2411346435547,2005.5462169647217,754.119930267334,1988.4914875030518
586.6871452331543,427.69065141677856,579.8232650756836,382.6017951965332,585.1344680786133,376.2247145175934,591.0601615905762,369.24696922302246,573.9663505554199,386.64509654045105,574.9276542663574,383.3666753768921,576.4169311523438,379.85435485839844,636.4749526977539,335.3762376308441,616.9905853271484,354.03128027915955,626.5630531311035,437.07337260246277,620.1095581054688,443.6353003978729,766.6701507568359,436.00162625312805,827.0497512817383,409.348783493042,813.5274124145508,763.5647177696228,910.0241661071777,708.4021925926208,780.0034332275391,1023.2732105255127,859.0462303161621,956.8664574623108,773.4290313720703,1098.0274057388306,865.1083374023438,1005.3361201286316,759.5501518249512,1105.0260400772095,847.5639724731445,1013.9757513999939,765.9786415100098,1068.906855583191,842.3697853088379,997.8279733657837,872.5442504882812,1021.1624193191528,856.2850570678711,998.847062587738,930.7792282104492,1484.3337392807007,835.1560020446777,1486.2440729141235,907.2726631164551,1902.105860710144,826.2863159179688,1921.6643142700195,943.5318374633789,1937.6798057556152,856.8330001831055,1976.435194015503,810.4170799255371,2065.309352874756,760.4912567138672,2049.049758911133
583.3396339416504,435.41850328445435,577.3524856567383,389.2986810207367,582.8167533874512,382.56120800971985,588.936710357666,375.34154891967773,570.7950782775879,394.2872679233551,571.4218711853027,391.19436979293823,572.5389289855957,387.99277782440186,634.0926361083984,341.6408586502075,610.9907913208008,363.40206027030945,622.2700309753418,443.59065771102905,614.7185325622559,450.3841030597687,763.839111328125,442.22772002220154,799.8643684387207,419.1408848762512,804.4909858703613,770.4675650596619,884.9062728881836,708.8099312782288,774.3102264404297,1023.3423471450806,855.4603958129883,950.0021052360535,767.1527481079102,1097.0773887634277,855.6535720825195,998.8270425796509,758.1410980224609,1103.6095762252808,838.0229759216309,1013.9196825027466,763.2580375671387,1068.7226843833923,834.5771026611328,992.7232575416565,867.169189453125,1011.5225601196289,851.9125556945801,997.8687214851379,908.2787704467773,1463.3715677261353,832.8644371032715,1471.0338878631592,890.1218032836914,1878.8957834243774,821.2626457214355,1901.5492916107178,932.4606513977051,1924.49312210083,851.9382476806641,1962.5203227996826,792.8107452392578,2022.472586631775,750.5439376831055,2011.1325073242188
577.778205871582,444.5885682106018,571.8157196044922,396.84345602989197,577.3140335083008,390.0551927089691,583.483829498291,382.8874182701111,565.12939453125,402.3706519603729,565.8107757568359,399.3248426914215,567.0559501647949,396.245334148407,627.6550483703613,349.94967699050903,607.0322799682617,371.7663359642029,615.5069732666016,451.25619649887085,607.8057861328125,458.7296783924103,757.5581932067871,447.79959082603455,789.0757369995117,432.3912012577057,803.6198043823242,772.0338892936707,866.1213111877441,726.6721558570862,771.2775993347168,1029.0941405296326,853.4220314025879,950.1341342926025,767.3579978942871,1097.0834398269653,850.7163047790527,1001.1077785491943,754.5124626159668,1103.5856294631958,833.2117652893066,1014.148850440979,760.1729393005371,1069.8234629631042,830.4553413391113,992.3444223403931,864.8706436157227,1012.0083832740784,849.9838829040527,998.1889128684998,899.1799736022949,1451.6475677490234,830.6537818908691,1463.4537076950073,881.1116981506348,1863.4911918640137,816.1544036865234,1889.7113513946533,924.832763671875,1908.9832162857056,845.8736228942871,1950.8673906326294,784.896297454834,2006.1441135406494,739.9466514587402,1996.8334579467773
573.1754493713379,451.02986097335815,565.4215621948242,403.19034576416016,570.2220726013184,396.5351736545563,575.6882286071777,389.4580364227295,560.6528091430664,407.89894223213196,561.8865394592285,404.4773232936859,563.6786842346191,400.9455943107605,618.731575012207,355.42704820632935,604.0567588806152,374.51030015945435,609.6164703369141,456.949120759964,604.8664283752441,463.9030158519745,748.611888885498,448.67207050323486,794.945240020752,430.9902834892273,794.3398475646973,772.0241045951843,869.6680068969727,729.8613882064819,768.2858848571777,1028.0980324745178,849.9028587341309,950.2947449684143,763.8791084289551,1091.70494556427,848.3375358581543,1000.0053906440735,750.2837562561035,1098.1286001205444,830.4047584533691,1009.970977306366,756.2938499450684,1067.1938252449036,828.7067985534668,991.9715094566345,864.5062065124512,1012.096381187439,850.3146743774414,1001.4308023452759,887.4740409851074,1445.2917623519897,817.1755599975586,1458.4032583236694,869.871711730957,1854.947476387024,812.9862213134766,1880.8150005340576,910.4086875915527,1900.3549146652222,842.2379493713379,1941.7784357070923,764.5288467407227,1998.1976509094238,734.3253135681152,1984.1160535812378
563.7166213989258,455.1717495918274,556.5022659301758,408.7218225002289,561.5241050720215,402.0441198348999,567.183666229248,394.90116119384766,551.8186569213867,413.22394251823425,553.1159019470215,409.77399945259094,555.0902366638184,406.1374068260193,611.4056968688965,360.7995879650116,596.2062835693359,379.44507122039795,600.3403472900391,461.84388399124146,596.5728378295898,468.9923143386841,746.0758209228516,456.43062829971313,780.1555252075195,437.40132093429565,789.4657516479492,773.5116362571716,851.3880157470703,729.418888092041,766.4365768432617,1024.5518517494202,842.0893478393555,942.5693392753601,762.1259307861328,1089.290828704834,847.5540733337402,992.8278636932373,748.956470489502,1093.9214372634888,830.1921272277832,1000.0462675094604,754.8080635070801,1064.449474811554,826.0153770446777,987.698814868927,862.3769760131836,1002.145471572876,841.2655448913574,988.6621570587158,892.565860748291,1436.9199228286743,816.8944931030273,1449.1038036346436,878.3633422851562,1847.807993888855,820.9283065795898,1871.2782669067383,917.2126007080078,1889.5871114730835,852.5237846374512,1923.906683921814,786.9794082641602,1997.768669128418,753.2999038696289,1977.7307653427124
558.4486198425293,460.9522533416748,550.055980682373,413.96490812301636,555.0045204162598,407.2106981277466,560.4687881469727,400.06954193115234,545.9964752197266,418.23992013931274,547.6262855529785,414.53869700431824,550.0028228759766,410.59205174446106,604.1779518127441,365.01083850860596,592.6697731018066,381.43851041793823,595.4271125793457,467.0619606971741,592.8192901611328,474.0422487258911,743.774528503418,458.41421842575073,781.1299896240234,435.66157579421997,779.2595100402832,773.2924461364746,853.6110877990723,729.2802929878235,760.5584907531738,1022.6681041717529,841.0059928894043,941.9602417945862,758.0049705505371,1088.3766031265259,846.4716911315918,993.0269050598145,745.3401947021484,1093.3432388305664,828.9048957824707,1000.2445363998413,753.0818939208984,1061.4383625984192,825.3569412231445,986.6381406784058,874.4100379943848,989.851770401001,885.8651733398438,981.6180109977722,879.0079879760742,1341.0379886627197,851.1966705322266,1368.7388563156128,875.427417755127,1722.6497268676758,850.6021499633789,1755.4795789718628,918.413143157959,1765.9696769714355,887.5271987915039,1814.6831846237183,780.0666618347168,1858.6711978912354,754.5578384399414,1849.8349714279175
552.5448417663574,461.25091195106506,544.500675201416,415.8105790615082,549.4858932495117,409.49230313301086,555.0077247619629,402.77822971343994,540.5045700073242,419.1891324520111,542.2200393676758,415.35752177238464,544.8148727416992,411.2783968448639,598.9624786376953,368.7575089931488,588.281078338623,382.83186435699463,590.9490966796875,468.36248874664307,588.0860710144043,473.90249490737915,739.288444519043,464.3828845024109,785.5206871032715,431.46068930625916,768.1043243408203,775.1425909996033,858.0604362487793,708.5537910461426,753.6995887756348,1022.7062773704529,844.1439056396484,930.2991986274719,745.8565521240234,1094.1291046142578,857.6963996887207,976.6879391670227,736.3042831420898,1096.366195678711,832.3775482177734,983.129231929779,745.1474761962891,1064.2636942863464,825.9002494812012,962.8112411499023,866.656494140625,967.7716970443726,899.3780708312988,955.3603863716125,879.7282791137695,1311.2646961212158,872.5335502624512,1325.3294277191162,913.1621932983398,1664.9805164337158,909.4328498840332,1685.084981918335,961.7224502563477,1701.0451126098633,951.4809608459473,1738.3779859542847,837.0871353149414,1805.7546472549438,831.5650749206543,1783.139247894287
549.1719245910645,460.9006905555725,541.9636344909668,416.5479075908661,547.0842933654785,410.401668548584,552.7705764770508,403.90533685684204,537.3747825622559,419.65863704681396,538.7614631652832,415.87318181991577,541.149730682373,411.9219982624054,596.3836097717285,370.976060628891,584.9620628356934,385.2435028553009,586.4824104309082,468.90225648880005,582.3001670837402,473.8386368751526,724.6631813049316,471.6456413269043,775.6087875366211,439.14859771728516,762.6353073120117,775.1179361343384,851.4263534545898,710.7475590705872,747.9868125915527,1025.3355932235718,841.7606735229492,931.8932032585144,741.7440605163574,1096.7444515228271,850.2936744689941,978.7598490715027,731.7070770263672,1096.66823387146,832.0991134643555,984.8235297203064,739.8071479797363,1064.4613194465637,823.5480880737305,963.7078285217285,860.1973342895508,974.3451476097107,896.9780731201172,961.9694352149963,826.1459541320801,1326.4824771881104,862.8826332092285,1318.29345703125,905.050048828125,1651.4432573318481,881.352596282959,1640.7976341247559,952.5372505187988,1686.8978548049927,918.8675308227539,1691.1482763290405,822.205810546875,1768.8360786437988,801.3672065734863,1727.5432348251343
544.5743179321289,458.75935435295105,538.528003692627,415.61601161956787,543.5169410705566,409.7110104560852,549.0337371826172,403.4646713733673,533.9482498168945,418.34240198135376,535.3548431396484,414.55276250839233,537.594051361084,410.51602721214294,592.0590019226074,371.8144226074219,582.2389984130859,383.6177945137024,581.0113334655762,467.2878134250641,576.339054107666,471.84391021728516,719.109992980957,476.37142539024353,778.714656829834,437.97192335128784,753.9582252502441,781.4172220230103,871.0687637329102,708.1361389160156,743.8781547546387,1027.5351548194885,840.7899856567383,925.685133934021,738.142032623291,1099.9078702926636,849.1564178466797,980.0025057792664,725.9448051452637,1100.5020332336426,831.0487747192383,986.1636471748352,733.5587310791016,1067.7825808525085,822.5534248352051,962.6217913627625,859.910831451416,978.0941677093506,895.3995895385742,966.1744093894958,826.8731117248535,1332.9717922210693,860.0890731811523,1318.1630373001099,902.2470474243164,1660.495262145996,899.2228889465332,1640.7023620605469,957.0422172546387,1692.2097873687744,939.2508316040039,1691.3228559494019,813.3950042724609,1787.116985321045,819.31640625,1727.3454809188843
542.7230072021484,457.38734006881714,536.7925643920898,414.5405960083008,541.6802787780762,408.772097826004,547.163143157959,402.77066588401794,532.4470138549805,417.0455753803253,533.858585357666,413.2542943954468,536.0503005981445,409.2382550239563,590.0805473327637,371.14800095558167,580.6470108032227,382.1985626220703,580.3462600708008,465.90630412101746,575.5896377563477,470.85349917411804,718.3713340759277,474.48336482048035,781.5815162658691,431.2242794036865,745.1411247253418,780.0490379333496,880.8966636657715,695.4535603523254,743.5562896728516,1021.5989327430725,840.5292892456055,911.4317893981934,737.4504661560059,1095.311508178711,849.979076385498,961.1219000816345,726.6017532348633,1095.3967380523682,830.2869415283203,967.8374218940735,734.7879409790039,1059.3973517417908,822.2688674926758,955.945086479187,859.914379119873,978.6086368560791,900.3565406799316,967.0711255073547,832.2354125976562,1323.905110359192,884.1118240356445,1324.3711709976196,932.1829605102539,1653.677773475647,947.7143669128418,1660.261459350586,990.6449890136719,1684.7127771377563,992.8461456298828,1711.4322137832642,845.9345626831055,1784.5745086669922,866.2995529174805,1748.4661388397217
541.4087104797363,457.0972430706024,535.8489418029785,413.75128626823425,540.7172012329102,407.8031551837921,546.0768699645996,401.710410118103,531.4262008666992,416.78895235061646,532.9270362854004,413.1191110610962,535.1226997375488,409.05662655830383,589.3655204772949,370.33599972724915,580.9631538391113,380.5657732486725,579.4655799865723,465.0367534160614,574.6305656433105,470.70772647857666,716.9813346862793,477.2138750553131,786.1550903320312,427.54056572914124,738.4031295776367,785.7369089126587,910.264778137207,686.1886739730835,739.7618293762207,1023.1419539451599,870.3640937805176,894.4756150245667,734.5243263244629,1095.7461547851562,851.872501373291,935.1594257354736,726.6303634643555,1095.235676765442,830.2875137329102,936.4558339118958,734.7997283935547,1057.2480654716492,822.3792457580566,932.7307605743408,854.1993141174316,980.4262089729309,930.4617691040039,939.2661023139954,833.8505172729492,1251.8478870391846,893.6326789855957,1199.425721168518,930.1675987243652,1512.5553846359253,941.7550849914551,1456.6713666915894,991.6200256347656,1550.5232334136963,980.7514572143555,1503.874168395996,831.4705467224121,1577.0710515975952,852.1918487548828,1507.2740936279297
540.6844711303711,452.1158981323242,534.5201683044434,410.22361278533936,539.2733573913574,405.37352442741394,544.5239639282227,400.30418157577515,530.5448341369629,411.6783142089844,532.2953224182129,408.159202337265,534.8073577880859,404.1760575771332,588.8509941101074,369.6750497817993,581.7176628112793,373.50627422332764,578.7063217163086,461.00935220718384,574.9336624145508,464.1962671279907,718.5893440246582,481.5342700481415,787.2379302978516,425.55906772613525,732.6469802856445,792.3958468437195,906.7153358459473,682.5226306915283,727.2817039489746,1041.2640523910522,864.9228286743164,892.1243906021118,719.9732208251953,1113.098545074463,852.9800033569336,936.1007523536682,712.5217437744141,1110.047779083252,829.526195526123,938.1680274009705,720.054874420166,1076.3064050674438,822.3647117614746,929.1572856903076,859.2950820922852,981.6151785850525,937.4292755126953,942.6589465141296,775.8623886108398,1217.983946800232,897.4703979492188,1130.9014177322388,916.7583847045898,1422.2728729248047,923.580207824707,1351.4133739471436,981.4590454101562,1440.2652597427368,961.0059356689453,1384.4381475448608,823.5851669311523,1499.7022819519043,845.8184623718262,1427.4684190750122
541.9403457641602,446.9779658317566,535.9035301208496,405.86790919303894,540.6905364990234,401.78974986076355,545.9607696533203,397.6610255241394,531.8264007568359,406.57729983329773,533.5170936584473,403.16552996635437,535.9502792358398,399.3874132633209,590.0299072265625,369.2789626121521,582.374210357666,367.3691761493683,579.2427635192871,456.73147559165955,575.2136993408203,458.12209367752075,719.0963745117188,484.870240688324,805.2258110046387,418.114070892334,726.1835289001465,798.0727100372314,921.1074256896973,680.9848237037659,696.1075401306152,1055.6977701187134,868.7665557861328,890.9744954109192,681.2373733520508,1123.1680297851562,863.8275718688965,934.0585827827454,674.1083335876465,1124.9848937988281,831.2865829467773,935.3996658325195,682.0546531677246,1090.7772016525269,827.0708656311035,925.5542635917664,887.4852561950684,982.2687578201294,1001.7162322998047,939.3069791793823,779.3903732299805,1103.7903356552124,934.3963050842285,1066.2547516822815,950.0252151489258,1254.8698139190674,999.5389938354492,1223.4060859680176,1022.9587554931641,1261.2745428085327,1036.6125869750977,1242.2793531417847,890.5054664611816,1319.6970462799072,922.0148277282715,1291.4947128295898
546.262149810791,439.3784737586975,537.3771858215332,396.70666337013245,541.8320846557617,392.9817831516266,546.8655967712402,389.1640770435333,534.2125511169434,396.6937565803528,536.3103103637695,393.2590699195862,539.2772483825684,389.32536363601685,593.0445671081543,363.228542804718,588.9299583435059,356.34880542755127,586.735782623291,450.7283055782318,585.1328086853027,451.10968351364136,725.614128112793,484.3460190296173,881.4971923828125,370.35881996154785,724.1435623168945,798.4311389923096,949.116268157959,597.408435344696,659.0962600708008,1051.9118642807007,867.7855110168457,720.1549029350281,631.6278076171875,1118.0929899215698,863.2419776916504,738.5113835334778,619.3207740783691,1110.0485515594482,830.9880638122559,734.3572640419006,633.7371253967285,1083.5960054397583,826.8244743347168,735.3595519065857,906.7246055603027,976.4587068557739,1006.4411544799805,917.7422118186951,776.901741027832,1117.1382093429565,932.9549217224121,1089.3643426895142,963.0251312255859,1322.9829025268555,1058.2755661010742,1277.6034021377563,1038.7456512451172,1342.0602321624756,1106.1736679077148,1303.3358716964722,900.0687789916992,1388.0663394927979,1009.2977142333984,1336.8641710281372
555.2213859558105,426.67497396469116,545.3829002380371,381.8181824684143,549.455623626709,378.19308042526245,554.260196685791,374.4913423061371,542.9034805297852,382.1392750740051,545.1080131530762,378.93707156181335,548.3151054382324,375.24325132369995,602.1700286865234,351.7325520515442,600.6837272644043,344.5291793346405,596.2547492980957,440.46061635017395,594.5570755004883,441.1661124229431,736.3061141967773,483.3751130104065,861.5146636962891,372.9068648815155,725.4430961608887,799.7972631454468,951.9491958618164,568.7816262245178,604.5233345031738,1039.2624378204346,866.2735748291016,629.8210215568542,564.4142532348633,1094.3392181396484,859.0460014343262,625.7539343833923,552.1491050720215,1077.2423243522644,821.7903327941895,619.5209527015686,566.7853546142578,1055.9189558029175,822.7709770202637,630.4003143310547,914.432544708252,969.8785614967346,1012.1158218383789,907.1610260009766,867.2190284729004,1135.4354667663574,989.9263000488281,1106.917963027954,1058.536033630371,1334.914312362671,1130.5787658691406,1301.936273574829,1130.7656478881836,1359.7687339782715,1180.6475830078125,1333.8382530212402,981.8205642700195,1384.78666305542,1067.7295303344727,1346.045823097229
559.2687606811523,411.0270845890045,551.964282989502,366.69721841812134,556.4582633972168,363.45346212387085,561.602725982666,359.87316370010376,549.6528053283691,366.4043855667114,552.3585891723633,363.12342166900635,556.1083602905273,359.0716874599457,612.6765632629395,340.47969818115234,610.9822654724121,333.07995557785034,600.4763603210449,429.14271354675293,598.1562995910645,429.00659680366516,750.618896484375,482.8971755504608,850.8465385437012,375.69473147392273,731.656551361084,799.0372109413147,898.6697387695312,603.0773162841797,566.5192222595215,957.6923632621765,759.5856285095215,692.4270629882812,509.3771553039551,991.2110066413879,743.715648651123,686.2623167037964,506.89430236816406,958.6103224754333,705.7333374023438,678.6717081069946,524.7348976135254,951.0074830055237,713.5810089111328,688.4051012992859,947.6290512084961,971.3864994049072,1023.2619094848633,916.0194611549377,956.7831802368164,1218.0908060073853,1043.6786270141602,1222.8222227096558,1082.6838684082031,1473.3416604995728,1143.1435775756836,1532.5957345962524,1147.3372650146484,1514.8674058914185,1192.0995712280273,1586.6641759872437,974.7101211547852,1501.1993408203125,1053.4113693237305,1584.2003631591797
567.9338264465332,394.85066056251526,562.3267364501953,351.45475029945374,566.575813293457,347.4980628490448,571.4788055419922,343.2782185077667,561.23291015625,351.44940733909607,564.4178009033203,347.82485246658325,568.6716842651367,343.5534453392029,624.7072792053223,322.9760956764221,624.0734481811523,318.92680764198303,609.2575263977051,413.29047203063965,607.346305847168,414.08464193344116,760.1910209655762,478.6684799194336,845.2380752563477,377.244029045105,743.514404296875,798.4897184371948,832.0556259155273,687.1399140357971,518.1137466430664,887.9329991340637,622.5924682617188,714.5084238052368,457.42326736450195,879.915726184845,582.1789741516113,759.1810441017151,467.04694747924805,842.476122379303,556.6440582275391,745.7891392707825,484.7253227233887,847.3910021781921,568.1591033935547,754.9543118476868,961.0225296020508,972.3783588409424,1015.4886245727539,921.0947585105896,1000.7075500488281,1271.3906335830688,1056.2140274047852,1305.2244472503662,1117.851219177246,1561.3922309875488,1149.5922088623047,1645.545916557312,1182.297592163086,1593.6776161193848,1204.156379699707,1695.0013875961304,1002.4728012084961,1643.2565546035767,1044.0668106079102,1727.6435279846191
579.2023086547852,383.7035071849823,575.9659767150879,340.58565616607666,580.140552520752,336.40955328941345,584.7790718078613,332.01651334762573,574.541187286377,340.7930016517639,577.6068305969238,336.9044852256775,581.5671730041504,332.3814117908478,637.4392318725586,310.2323627471924,635.4758262634277,308.3714032173157,618.5545921325684,399.97336864471436,616.9411468505859,400.97227692604065,770.9615135192871,471.69907093048096,863.5416984558105,375.4581928253174,759.5570182800293,793.2980346679688,831.7754745483398,690.7832980155945,501.1123466491699,792.8581738471985,598.1839942932129,682.2399044036865,437.3686695098877,778.4500122070312,560.4531669616699,654.7211480140686,452.691650390625,728.9234089851379,545.0030136108398,648.1570315361023,471.0275173187256,732.128734588623,557.5959205627441,660.0797510147095,952.4283599853516,972.8787302970886,1017.7069473266602,924.2341661453247,987.5532531738281,1319.9849224090576,1041.0482025146484,1317.8219890594482,1084.6570587158203,1633.3124685287476,1123.0569076538086,1652.9708290100098,1148.9146041870117,1675.692958831787,1177.4858093261719,1705.3982734680176,961.8489074707031,1708.9185762405396,1009.2337417602539,1730.7755327224731
586.2700080871582,377.09062814712524,582.9883575439453,336.5889286994934,586.9888687133789,332.3405992984772,591.3592529296875,327.8974449634552,581.8976211547852,336.88819885253906,584.9527931213379,332.9127788543701,588.8397216796875,328.33885073661804,643.6170387268066,305.0533926486969,641.9443130493164,303.5903549194336,624.5928955078125,391.22758626937866,624.4185447692871,392.05976843833923,774.8814582824707,464.1856777667999,862.0145416259766,378.39382767677307,774.26513671875,782.1701288223267,827.9748916625977,688.8118100166321,522.1120834350586,691.1192607879639,605.0767707824707,604.7193431854248,477.41472244262695,661.6158843040466,571.9893836975098,571.2212347984314,487.2572135925293,631.1955142021179,559.8871421813965,569.2753028869629,503.09560775756836,637.7688360214233,572.2541999816895,575.5462646484375,945.3141403198242,973.4416079521179,1016.6275405883789,926.1049747467041,997.7074813842773,1331.5736103057861,1024.6936798095703,1331.4019918441772,1086.0107803344727,1663.683786392212,1098.2246017456055,1676.9376754760742,1149.4430923461914,1711.821026802063,1148.1694793701172,1731.0739660263062,953.0379867553711,1736.750249862671,991.4014434814453,1753.1636953353882
596.6608428955078,373.3096468448639,593.0739212036133,332.02584743499756,597.3435401916504,327.1717357635498,602.1186447143555,322.0637369155884,590.2182769775391,333.47588181495667,592.3599815368652,329.6999216079712,595.2950477600098,325.3183078765869,652.7942848205566,300.0746548175812,645.8743858337402,301.36584877967834,635.4488754272461,386.7619013786316,633.4217262268066,389.6169090270996,799.4674301147461,444.41556572914124,828.2762718200684,385.02357244491577,789.5480918884277,774.5101261138916,768.5336494445801,687.0445775985718,551.6781806945801,593.4503316879272,611.5517234802246,560.7593965530396,511.4019584655762,565.1451301574707,582.0658493041992,524.4825303554535,512.2025299072266,543.7388491630554,580.5023574829102,510.71494460105896,526.6655158996582,549.878876209259,594.4185447692871,522.118045091629,944.747314453125,971.0562658309937,992.4929809570312,926.4828443527222,1018.8677215576172,1331.857624053955,999.012451171875,1349.6015310287476,1080.4352188110352,1677.8461074829102,1045.6507873535156,1693.0091714859009,1134.9396514892578,1721.4580535888672,1080.7236099243164,1737.2685813903809,972.7500915527344,1755.2631568908691,961.5097045898438,1782.594780921936
598.8195419311523,372.64991998672485,595.9069061279297,330.0683605670929,600.5483436584473,325.4296410083771,605.6995010375977,320.6012463569641,592.1387672424316,331.7510390281677,594.0391731262207,328.22980284690857,596.6334915161133,324.2681908607483,655.9069061279297,298.8933777809143,645.8698654174805,300.9570801258087,636.6513061523438,387.9105734825134,633.0952262878418,390.7049095630646,805.5794906616211,440.35510897636414,823.4640884399414,386.66791677474976,802.2941207885742,763.5916256904602,787.6479148864746,684.4015502929688,592.2496604919434,544.4969058036804,651.1087989807129,530.8795666694641,566.6008186340332,503.3366060256958,625.1976585388184,478.84965777397156,585.9347534179688,479.47513818740845,613.8151359558105,467.4360001087189,597.8731727600098,490.2789580821991,623.997688293457,475.0074577331543,943.1254005432129,965.7723355293274,991.4962005615234,924.3177223205566,997.2700881958008,1320.7203197479248,997.5934982299805,1333.949875831604,1068.6964416503906,1659.3252182006836,1046.363754272461,1679.5066738128662,1124.6195983886719,1704.497308731079,1082.2914505004883,1729.739899635315,959.7925186157227,1739.2184400558472,958.3201217651367,1760.1010465621948
601.8555450439453,371.5886986255646,598.3020401000977,330.52090287208557,602.9549789428711,325.828914642334,608.0723190307617,321.0127830505371,593.9983749389648,332.72722363471985,595.6284713745117,329.42887902259827,597.9259300231934,325.7134938240051,658.0551338195801,298.9868152141571,646.1084747314453,301.9738519191742,640.1541709899902,387.0140504837036,635.7760047912598,390.1660108566284,812.5841903686523,438.99558305740356,820.6174278259277,387.12795853614807,813.5433769226074,759.4920945167542,794.5229530334473,658.9044284820557,641.722354888916,548.1137037277222,666.2900161743164,519.4478845596313,618.0974578857422,497.9696023464203,643.4522438049316,469.8294532299042,635.4477310180664,478.52917671203613,618.5638046264648,464.0034055709839,647.9624176025391,488.3618974685669,633.4189224243164,469.1852080821991,947.1725463867188,963.5108470916748,990.8664321899414,924.7145175933838,985.4520034790039,1327.9204416275024,994.9321746826172,1341.026530265808,1067.7666091918945,1668.5191011428833,1041.2529373168945,1691.167974472046,1117.8465270996094,1716.5593957901,1080.8810806274414,1745.2428531646729,936.8233680725098,1753.491096496582,936.478157043457,1772.648377418518
608.309268951416,374.88385677337646,603.3584976196289,333.5951006412506,608.045654296875,328.89657855033875,613.1671142578125,324.0918731689453,598.5734939575195,335.6916654109955,599.7826194763184,332.33319640159607,601.6454887390137,328.52176666259766,662.4333000183105,301.52111649513245,647.6501083374023,304.3297755718231,646.340446472168,389.70847964286804,641.5643692016602,392.8919506072998,820.8796119689941,437.30141401290894,820.9553146362305,388.8721776008606,816.2698745727539,756.3704538345337,799.9862480163574,659.7132110595703,643.3983421325684,537.5624513626099,674.4965744018555,508.774516582489,618.2421684265137,492.2983717918396,650.0826072692871,456.874383687973,632.541675567627,470.51328778266907,632.8470611572266,444.83769178390503,645.5133819580078,479.9745762348175,640.5014991760254,458.5395848751068,952.2225952148438,962.3380351066589,990.7819747924805,924.0430426597595,998.111686706543,1320.913438796997,1001.3908767700195,1332.5963687896729,1071.1077117919922,1651.928243637085,1050.5865097045898,1671.3301420211792,1125.4261779785156,1697.2656440734863,1090.2959060668945,1723.0632591247559,943.5919761657715,1734.954113960266,945.2661895751953,1749.561767578125
607.5024032592773,376.95940375328064,602.4528121948242,335.1469087600708,607.0563697814941,330.3864276409149,612.2763061523438,325.4740905761719,597.8589248657227,337.4216902256012,599.1222381591797,334.105224609375,601.0683631896973,330.33071279525757,661.2221145629883,302.92200207710266,647.980899810791,305.92931628227234,645.7334518432617,391.53226375579834,640.8490562438965,394.65895771980286,820.1351737976074,437.60181069374084,828.797607421875,389.52389001846313,820.9334564208984,754.8582029342651,805.9320831298828,663.7220406532288,644.2481803894043,566.3460087776184,678.8187217712402,538.5513818264008,614.2980766296387,523.4733867645264,649.925651550293,490.4594600200653,627.8564643859863,500.37715315818787,640.5421257019043,477.48749256134033,640.5493354797363,508.0527985095978,648.7461090087891,490.1046359539032,949.8557281494141,960.5870246887207,990.1964950561523,923.0061221122742,992.2479629516602,1320.3944635391235,998.4544372558594,1334.4088554382324,1065.4489517211914,1654.1867065429688,1040.4862976074219,1674.3748569488525,1121.1528396606445,1701.270546913147,1081.391258239746,1726.00510597229,942.740592956543,1735.0587844848633,931.365795135498,1752.5070905685425
609.2238807678223,377.5665056705475,604.9606704711914,334.74786043167114,609.953556060791,329.73748326301575,615.5794715881348,324.56247210502625,599.1034698486328,337.8717863559723,599.9896430969238,334.8116862773895,601.5083885192871,331.2893879413605,664.8993301391602,302.6433312892914,649.577522277832,306.9647240638733,649.387035369873,391.7665493488312,643.069896697998,395.74814915657043,826.7082023620605,438.1218481063843,822.1086502075195,403.78846764564514,824.289722442627,755.6377601623535,790.4226493835449,664.0934729576111,640.3706932067871,572.1462750434875,670.6423187255859,554.9254631996155,610.3427124023438,533.7333834171295,641.9389915466309,508.4676504135132,622.0105361938477,510.7661211490631,638.609790802002,491.01998805999756,634.7371101379395,517.6391637325287,648.8409233093262,502.8718328475952,956.3062477111816,960.9481573104858,989.9868392944336,923.5819387435913,1001.4169692993164,1324.1363382339478,991.930046081543,1342.3156642913818,1066.120376586914,1658.7895059585571,1032.9470443725586,1677.456521987915,1121.6680526733398,1705.663104057312,1072.2026824951172,1726.724796295166,944.9224662780762,1737.7825355529785,929.1385459899902,1758.602056503296
608.053150177002,377.8713119029999,604.4021987915039,335.5697751045227,609.2877960205078,330.59396624565125,614.7282600402832,325.45571208000183,599.1190338134766,338.59102606773376,600.2554893493652,335.54051756858826,601.9798851013184,332.0366299152374,664.1378974914551,303.4619629383087,650.8071327209473,307.6958405971527,647.9159545898438,391.59860014915466,642.5220108032227,395.76533675193787,829.5992660522461,439.20547127723694,822.293758392334,405.1377582550049,827.7844619750977,756.4737725257874,788.5323143005371,664.2715930938721,621.632080078125,587.9647850990295,656.3773155212402,562.9720902442932,582.8572654724121,557.4955558776855,625.3924369812012,515.6154692173004,597.3973274230957,535.7212543487549,626.8723297119141,507.1592366695404,612.8228187561035,541.7195963859558,637.3321151733398,515.3364765644073,962.1178436279297,959.8737072944641,989.8326873779297,923.4771394729614,1015.0447082519531,1323.2546854019165,991.1289596557617,1340.7121324539185,1078.157958984375,1654.6567583084106,1033.8632583618164,1672.0690155029297,1132.3775482177734,1700.3139638900757,1072.6011657714844,1720.1418828964233,961.0487365722656,1732.2236680984497,930.8770751953125,1751.5250158309937
607.0046997070312,376.634384393692,603.7997817993164,335.497967004776,608.6598014831543,330.70945143699646,614.0547752380371,325.69624185562134,598.993091583252,337.95457005500793,600.4660034179688,334.8096263408661,602.6173782348633,331.1548161506653,663.4874725341797,303.95174503326416,653.4350967407227,307.27123618125916,646.7061424255371,391.4107918739319,641.751537322998,394.94577169418335,824.919605255127,444.0413010120392,838.6404418945312,405.2311313152313,833.5482788085938,756.8952870368958,822.0590400695801,677.3429846763611,606.7000579833984,620.4843592643738,657.1999168395996,583.3276748657227,556.4258766174316,562.915313243866,615.3234100341797,543.6885094642639,566.2188148498535,556.8103694915771,607.804069519043,530.6124186515808,582.0010757446289,553.8519144058228,625.825252532959,536.1673593521118,960.3239822387695,962.844135761261,992.9914855957031,923.6628556251526,1022.1389007568359,1331.461215019226,1013.063850402832,1342.1061944961548,1096.9678115844727,1658.0449676513672,1080.6869888305664,1670.539255142212,1151.2859344482422,1701.2472438812256,1123.3541107177734,1716.8230676651,988.1355285644531,1733.0306482315063,980.8971405029297,1750.382137298584
608.3388519287109,373.03046107292175,605.775089263916,333.00583004951477,610.6737899780273,328.5716235637665,616.2026023864746,323.71686816215515,601.5728187561035,334.6709668636322,603.3892250061035,331.489040851593,605.8447265625,327.7277898788452,666.588020324707,301.82605147361755,657.8655052185059,303.63474011421204,648.1088447570801,388.2707405090332,643.8712120056152,391.4285910129547,822.3452568054199,445.70833683013916,856.1501312255859,402.83548951148987,838.886604309082,759.2933106422424,841.6796493530273,697.9734420776367,595.5010414123535,717.2599196434021,653.8461112976074,658.1558346748352,538.7008094787598,692.135260105133,607.2903442382812,636.8161153793335,547.8732490539551,656.5720009803772,594.0763664245605,616.5693855285645,565.4999542236328,657.5980424880981,615.5242538452148,620.6019043922424,959.2335891723633,963.1880164146423,1002.9580307006836,922.4697017669678,1036.724510192871,1331.9746541976929,1022.288703918457,1340.933575630188,1112.8686904907227,1657.3982763290405,1090.4719161987305,1668.9758920669556,1164.6050262451172,1699.3889236450195,1131.2793731689453,1714.5062828063965,1014.5326995849609,1731.4197778701782,999.1235733032227,1749.0274715423584
610.6496429443359,364.57438945770264,609.1125869750977,325.63331723213196,613.9423942565918,321.6308927536011,619.2477607727051,317.26933121681213,606.0734939575195,326.31641149520874,608.7129592895508,322.9664719104767,612.0063400268555,319.01007413864136,669.236011505127,298.90831232070923,663.6160469055176,298.6865794658661,649.445858001709,380.7749855518341,646.5996551513672,382.9010009765625,822.1427536010742,445.90625166893005,865.3045463562012,402.77262926101685,835.0903129577637,761.2766432762146,866.9001960754395,702.7650475502014,575.5355644226074,796.4023590087891,651.1549758911133,724.9850034713745,509.3312644958496,780.5483150482178,611.9840812683105,696.3516283035278,520.96435546875,738.880627155304,597.7385902404785,684.756760597229,539.2575073242188,743.6889696121216,611.9772148132324,693.1999897956848,958.4783363342285,967.9971313476562,1001.5776443481445,926.5568089485168,1055.415916442871,1353.379454612732,1017.425651550293,1362.1538829803467,1121.0933303833008,1684.953145980835,1083.4958267211914,1697.5961351394653,1165.70068359375,1728.2134866714478,1129.9085998535156,1740.741376876831,1040.70556640625,1742.2094678878784,998.6152267456055,1775.3073692321777
618.6330413818359,352.42794156074524,617.4846839904785,314.9076461791992,621.6940498352051,311.22589588165283,626.1654281616211,307.4031364917755,616.0506248474121,314.943984746933,619.2208671569824,311.3583755493164,622.82958984375,307.27200865745544,675.3476715087891,291.335084438324,673.6552619934082,288.4423542022705,655.9557723999023,368.76092076301575,655.4934883117676,370.04780173301697,821.3315963745117,445.65725684165955,872.4484062194824,398.5594153404236,831.4335250854492,763.1694030761719,865.4851341247559,701.5268969535828,573.5040664672852,861.6199493408203,654.2779541015625,785.946056842804,509.03600692749023,860.7171821594238,616.6829109191895,756.4743518829346,516.991024017334,823.4522867202759,601.4484214782715,745.213451385498,536.517505645752,821.5616512298584,612.978630065918,759.9190163612366,954.473991394043,969.1874527931213,1000.9449005126953,927.2625946998596,1051.721534729004,1347.414779663086,1016.1623382568359,1356.809377670288,1112.0172500610352,1677.5257873535156,1077.8258514404297,1705.9254884719849,1145.3921127319336,1720.0551080703735,1120.6775665283203,1752.423791885376,1022.4559020996094,1732.525577545166,993.6535263061523,1791.3178396224976
621.0041427612305,347.53485202789307,620.6863403320312,310.14610290527344,625.309009552002,306.4328420162201,630.2406120300293,302.6853024959564,618.4552574157715,310.13338923454285,621.4986991882324,306.4621961116791,625.1428413391113,302.3746383190155,680.1426315307617,287.13635444641113,678.0099105834961,283.38340759277344,659.7442817687988,364.4700086116791,658.3425521850586,365.7129228115082,819.272403717041,445.71458101272583,867.978572845459,397.150901556015,828.0305671691895,763.5754680633545,874.5016479492188,671.2251663208008,582.2092437744141,907.9511404037476,691.5829467773438,749.7364926338196,516.4991569519043,933.5181713104248,656.2073135375977,739.8073410987854,528.4836387634277,892.5492525100708,640.0395011901855,772.0625352859497,544.2919921875,882.3039650917053,659.7832489013672,765.7711029052734,950.5238914489746,967.4200916290283,1005.7886123657227,921.7838072776794,992.7534484863281,1323.1089448928833,1014.0634918212891,1337.6563453674316,1072.0158004760742,1652.876844406128,1075.8330917358398,1697.9925441741943,1123.0210876464844,1698.2264757156372,1117.0353698730469,1745.4877281188965,944.0842437744141,1719.0514039993286,966.7909240722656,1789.069676399231
626.3187217712402,346.4215850830078,625.8350372314453,308.95259499549866,630.6595802307129,304.8731482028961,635.7037353515625,300.751633644104,622.2479438781738,309.60649609565735,624.6814727783203,306.02391242980957,627.7239990234375,302.04440474510193,685.3664016723633,283.47105145454407,680.6889724731445,281.0680389404297,666.2312507629395,362.43205547332764,663.3374977111816,364.1654598712921,818.2741355895996,445.11784315109253,865.393238067627,393.72313499450684,822.601375579834,764.7121667861938,890.2344131469727,649.8688387870789,616.5704727172852,956.004695892334,754.0375328063965,755.1666140556335,561.3272666931152,1002.3635673522949,724.4547843933105,765.92933177948,547.1613121032715,973.9247274398804,689.0329170227051,759.5918083190918,567.2474098205566,958.4316229820251,700.3300094604492,759.0672326087952,935.1208305358887,966.4725852012634,1005.3818893432617,918.9385199546814,945.7306480407715,1301.8146085739136,1029.5526123046875,1314.7288656234741,1045.7175064086914,1624.3707990646362,1104.217758178711,1689.7896194458008,1104.1725540161133,1669.888572692871,1145.4811477661133,1741.0147047042847,931.9508743286133,1702.327938079834,1010.5145645141602,1752.1155738830566
629.9073028564453,346.9474482536316,628.9242553710938,309.0916407108307,633.6628532409668,304.85724806785583,638.5783767700195,300.52796959877014,625.2816581726074,309.80093479156494,627.5330543518066,306.1052477359772,630.4154777526855,301.95351004600525,687.9767417907715,281.84650182724,682.7776336669922,279.66873049736023,669.3808937072754,362.57882595062256,666.4904022216797,364.3062114715576,817.6177024841309,444.7231721878052,864.8853492736816,392.96082973480225,818.1081390380859,764.9177098274231,939.2891693115234,652.3406338691711,662.4129295349121,992.4779963493347,825.3394317626953,784.1355013847351,611.5280914306641,1042.864751815796,807.5533676147461,811.1770606040955,597.5859260559082,1030.3064131736755,770.0601768493652,799.2938661575317,614.912109375,1013.9828324317932,775.4241371154785,794.6617126464844,924.7016716003418,966.2644672393799,1002.5300216674805,919.1712927818298,924.2110061645508,1286.6255378723145,1021.6686630249023,1259.602518081665,1041.2926483154297,1575.3258991241455,1096.9581985473633,1569.462161064148,1105.034294128418,1618.3071184158325,1140.699806213379,1625.103235244751,929.2993927001953,1643.5085105895996,992.4383926391602,1625.9055805206299
631.197395324707,347.3342978954315,629.6120452880859,309.0489614009857,634.3454933166504,304.6427249908447,639.3181800842285,300.09538292884827,625.9562873840332,309.9491858482361,628.1220817565918,306.23605370521545,630.9244537353516,302.0148253440857,688.8748741149902,280.4558193683624,683.3080101013184,278.6799931526184,670.4979515075684,362.8821837902069,667.6045989990234,364.74488139152527,816.5360641479492,444.3316876888275,864.9298095703125,391.95918560028076,815.9929847717285,764.5174384117126,965.1506423950195,653.7192463874817,713.3813095092773,1007.2661519050598,879.9776458740234,859.7105813026428,680.577564239502,1075.9438562393188,869.0963172912598,907.7914953231812,656.5198516845703,1070.8819484710693,837.0832443237305,904.9341702461243,671.6438484191895,1047.4418663978577,841.321849822998,891.0888862609863,918.5967063903809,964.5109462738037,1003.5174179077148,917.7647423744202,733.3956527709961,1089.011836051941,922.163200378418,1144.0754842758179,912.3911476135254,1454.864158630371,1011.2901306152344,1389.1973733901978,976.4850997924805,1499.435133934021,1057.712173461914,1433.7725973129272,787.954273223877,1502.056918144226,915.5083465576172,1438.4346199035645
631.285285949707,348.4592807292938,629.3904876708984,309.99930024147034,634.1370964050293,305.5714988708496,639.1225433349609,300.9764564037323,625.6027221679688,310.95491766929626,627.6566505432129,307.27606415748596,630.2976608276367,303.09815883636475,687.9267311096191,281.0967814922333,682.0033836364746,279.70027327537537,670.6681251525879,363.88508319854736,667.5811386108398,365.9002161026001,811.3459396362305,444.3640673160553,866.2367820739746,392.01197147369385,814.994945526123,764.3254137039185,979.5768356323242,687.8381681442261,757.9248046875,1020.4944205284119,907.0680999755859,933.9145803451538,731.9763565063477,1097.2300815582275,895.7122421264648,989.0478801727295,712.9162216186523,1092.6221323013306,862.0776557922363,991.6929030418396,724.0572738647461,1064.774043560028,867.2031784057617,975.3908228874207,911.3813209533691,964.7216391563416,1002.645378112793,918.0248093605042,837.8132057189941,1122.882342338562,939.2344093322754,1204.486985206604,945.348072052002,1520.0115823745728,1003.7722778320312,1495.2234649658203,1002.7980422973633,1564.0409231185913,1043.5960006713867,1547.8570318222046,819.4921875,1575.3743076324463,906.4021682739258,1545.6288242340088
630.5094337463379,349.1582751274109,628.5641670227051,310.5832278728485,633.3591842651367,306.0754108428955,638.4098625183105,301.3767921924591,624.7254180908203,311.6625702381134,626.8288993835449,308.0198621749878,629.6266937255859,303.87057065963745,687.0929145812988,281.3152313232422,681.7225456237793,280.46846866607666,669.821834564209,364.4200551509857,666.6863822937012,366.64806962013245,810.2197265625,446.12952947616577,865.7534408569336,393.3500289916992,815.5759620666504,765.1443672180176,966.4360427856445,686.6927146911621,786.2048149108887,1035.9698224067688,909.5050048828125,954.6506094932556,771.2931632995605,1112.4635696411133,901.0708808898926,1015.6482911109924,756.2665557861328,1120.562596321106,873.7250518798828,1021.6434788703918,763.5934638977051,1084.1422748565674,880.0881385803223,1001.9503569602966,912.9570579528809,964.6645402908325,978.1370544433594,928.2560634613037,848.9514541625977,1194.116234779358,950.1939010620117,1222.7472925186157,967.4497604370117,1539.2668390274048,1013.2977676391602,1532.200870513916,1025.8624649047852,1586.294288635254,1052.9069137573242,1584.4676399230957,829.200553894043,1602.0645189285278,911.0319900512695,1589.0387678146362
628.8450050354004,350.2599227428436,627.176628112793,310.72150111198425,632.5527763366699,306.23090386390686,638.1654167175293,301.69389367103577,622.2600173950195,311.98878049850464,624.0451812744141,308.36963295936584,626.5112113952637,304.1787564754486,686.4863777160645,281.73001885414124,678.8573455810547,280.8285069465637,669.0524482727051,365.53139090538025,664.5790672302246,368.089542388916,809.8410987854004,446.2079358100891,857.8876876831055,397.77422547340393,818.9653587341309,763.9104652404785,961.8541717529297,685.9504294395447,816.4152717590332,1039.5687246322632,907.367992401123,940.6030654907227,806.1607933044434,1110.4398107528687,908.5195541381836,1023.5212397575378,793.1570434570312,1122.054762840271,887.8825950622559,1032.7540040016174,798.5321617126465,1087.1997356414795,893.5532569885254,1009.1785454750061,914.5064735412598,964.6756768226624,976.4046478271484,925.939085483551,914.7548675537109,1288.6431169509888,955.5733108520508,1289.469666481018,971.2854766845703,1621.1415910720825,1019.2663192749023,1619.94309425354,1032.8877639770508,1671.003770828247,1059.8082733154297,1675.4032802581787,839.2425155639648,1705.2936029434204,920.3380966186523,1692.0617294311523
623.9377784729004,359.8936343193054,621.4728355407715,318.18809509277344,626.9122695922852,313.33752393722534,632.6343727111816,308.29450964927673,616.1401748657227,320.03968834877014,617.6831245422363,316.4924132823944,619.8755264282227,312.2594690322876,680.203971862793,285.91532707214355,671.7197799682617,285.7271647453308,664.4378471374512,373.39455485343933,659.2634010314941,376.35146498680115,808.3686447143555,448.6216986179352,856.523323059082,399.2327892780304,821.6328048706055,763.9560413360596,974.9444961547852,688.7998366355896,834.3257331848145,1042.0457983016968,922.91015625,937.1461701393127,826.4932823181152,1112.146339416504,924.3169784545898,996.8768620491028,817.1334457397461,1121.9629669189453,907.5629997253418,1035.557963848114,821.3977432250977,1086.9847297668457,908.5250473022461,1011.2652611732483,915.2457618713379,965.3954315185547,960.5005645751953,944.6490383148193,969.8864364624023,1334.1664266586304,957.8787231445312,1319.9289178848267,1013.2477569580078,1668.8954257965088,1022.4405670166016,1655.1023483276367,1059.2271423339844,1716.649260520935,1061.5595626831055,1704.1590929031372,906.1424446105957,1750.8613300323486,937.1583366394043,1738.3316373825073
619.2044448852539,365.58765292167664,615.9931755065918,323.603378534317,621.2112236022949,318.734815120697,626.7072486877441,313.6478340625763,611.1760711669922,325.22071838378906,612.8001022338867,321.56304359436035,615.0580215454102,317.20869183540344,673.9625358581543,290.7806074619293,666.602725982666,290.0711524486542,659.2734718322754,378.8618838787079,654.4948196411133,381.5497148036957,805.8573532104492,449.95508909225464,853.9505195617676,401.3477647304535,822.7966117858887,763.5013103485107,964.0782165527344,690.3094482421875,842.6192092895508,1036.0226082801819,924.9377059936523,937.9371213912964,832.2648239135742,1106.1824369430542,935.3395843505859,991.1532640457153,823.560733795166,1115.8235836029053,920.9534454345703,1011.2916541099548,829.654426574707,1082.7603149414062,926.275749206543,993.2094669342041,921.9747161865234,966.0242915153503,971.3930511474609,936.1150431632996,974.3206787109375,1332.3862552642822,959.1176605224609,1325.0237846374512,1021.3699722290039,1665.1765966415405,1024.6887588500977,1659.3592071533203,1068.2926940917969,1714.2650127410889,1063.9172744750977,1711.6671752929688,909.5824241638184,1745.2976989746094,937.298526763916,1736.3336277008057
617.5460243225098,367.9672658443451,614.1755104064941,325.906902551651,619.3036079406738,321.03312492370605,624.7543716430664,315.8780372142792,609.4652938842773,327.51793384552,611.0639762878418,323.8549482822418,613.2503128051758,319.5040726661682,671.3406372070312,292.89928436279297,663.888988494873,292.23695039749146,657.2949028015137,380.492388010025,652.5710105895996,383.0407226085663,803.8344383239746,450.6329047679901,854.0163803100586,401.5386950969696,822.9067611694336,763.6091995239258,967.2171020507812,690.3003072738647,828.9494132995605,1045.2757787704468,924.3025588989258,941.9549632072449,817.2879409790039,1120.151767730713,933.1435775756836,992.7016282081604,803.272705078125,1130.5266380310059,904.8308372497559,1032.1501207351685,810.9618759155273,1093.7736368179321,908.8165855407715,1008.8029932975769,922.1986770629883,968.6003065109253,976.6399383544922,934.8445129394531,970.517692565918,1329.5118713378906,957.337818145752,1320.6072807312012,1017.2499847412109,1656.4159440994263,1017.3585891723633,1650.0516414642334,1067.7874374389648,1705.6307888031006,1057.2515487670898,1703.8068437576294,894.6209907531738,1735.8653783798218,921.5707397460938,1724.152193069458
617.537956237793,368.1402039527893,614.1201210021973,326.30553245544434,619.1745758056641,321.45055174827576,624.5476913452148,316.2860655784607,609.4980812072754,327.6874601840973,611.1064910888672,323.9473557472229,613.2998657226562,319.5393490791321,670.4215621948242,293.13273310661316,663.4589767456055,292.2303521633148,657.1652984619141,380.5964148044586,652.5834846496582,383.08748960494995,801.6291618347168,452.4835002422333,854.1949653625488,401.2765038013458,822.4669075012207,769.0833520889282,968.1686782836914,692.8467106819153,809.355640411377,1038.1088733673096,921.8972969055176,949.118971824646,794.2502975463867,1109.6905088424683,919.0558433532715,1009.1946387290955,780.5432510375977,1115.6903314590454,892.0722770690918,1020.6083607673645,789.6991539001465,1080.7593441009521,896.1684036254883,999.7749352455139,923.3516120910645,968.5950922966003,977.5246810913086,937.6965594291687,964.5604705810547,1315.2365112304688,968.2888412475586,1295.0200366973877,1016.5845108032227,1615.8308172225952,1030.052146911621,1602.0253801345825,1068.5211181640625,1665.0343322753906,1071.7477798461914,1658.11861038208,892.0806884765625,1685.9020042419434,927.2364234924316,1660.607271194458
617.4551582336426,366.65788650512695,614.2488670349121,325.28557419776917,619.3335342407227,320.5085492134094,624.7185516357422,315.4300653934479,609.6924018859863,326.329060792923,611.4226341247559,322.4335277080536,613.7452125549316,317.8174352645874,670.9537124633789,293.0394244194031,664.9189567565918,291.4244341850281,656.909008026123,379.9527168273926,652.4947357177734,382.3993420600891,800.313720703125,458.0349004268646,858.9960479736328,399.37968850135803,819.5373916625977,774.8101043701172,965.1825714111328,694.7542762756348,796.6926383972168,1037.8545999526978,911.4558219909668,930.7388019561768,773.9956283569336,1115.8835792541504,905.807933807373,981.4425945281982,748.260669708252,1113.33505153656,878.1961441040039,993.1261682510376,762.8077125549316,1078.854353427887,883.0910682678223,975.3129959106445,914.4974899291992,969.7469830513,984.3758010864258,928.8517069816589,949.6154022216797,1242.946515083313,972.6404571533203,1202.4360609054565,1014.3224716186523,1492.846941947937,1065.135498046875,1439.345498085022,1065.8952713012695,1544.059796333313,1107.9836654663086,1487.3397016525269,892.3043632507324,1518.9821290969849,979.9416732788086,1471.0740566253662
620.698127746582,362.3711907863617,618.1423759460449,321.8930196762085,623.1580924987793,317.27992057800293,628.4699249267578,312.46800541877747,613.6037063598633,323.0218970775604,615.3195190429688,319.33242201805115,617.5656509399414,315.05515694618225,675.3166007995605,291.61301493644714,668.8383293151855,290.26639580726624,660.135383605957,376.90693974494934,655.7748413085938,379.36054944992065,800.5771064758301,456.67582511901855,866.8814277648926,391.8714451789856,818.7841415405273,775.3516101837158,982.2420501708984,689.4935846328735,737.285041809082,1029.9813294410706,904.0313529968262,878.3984541893005,694.7305870056152,1108.7568426132202,901.2050628662109,917.1035671234131,676.0280227661133,1096.3865375518799,865.107536315918,907.4538588523865,690.9281730651855,1072.9655742645264,870.3527641296387,898.1614851951599,913.443431854248,965.7920980453491,992.7020645141602,921.5037846565247,944.5667839050293,1254.108281135559,1006.8198394775391,1217.6589918136597,1013.8708877563477,1534.0430974960327,1086.433982849121,1498.1430387496948,1066.3534927368164,1583.2659244537354,1127.087173461914,1552.7946996688843,892.0900726318359,1573.4285688400269,994.530143737793,1535.6932353973389
625.8122634887695,353.43982100486755,623.3845138549805,313.31966042518616,628.1698036193848,309.095664024353,633.1870079040527,304.77227568626404,619.332103729248,314.2571246623993,621.2422943115234,310.7458019256592,623.7483787536621,306.73452615737915,681.4302635192871,286.3841235637665,676.2771606445312,284.276647567749,665.716667175293,370.2326810359955,661.8755149841309,372.3632347583771,801.4508056640625,453.7837064266205,871.296272277832,389.77620005607605,818.3269500732422,775.1436853408813,977.0563888549805,680.7646036148071,677.1748924255371,994.418842792511,857.4172210693359,832.3705244064331,629.2963600158691,1040.6214809417725,840.164623260498,862.4260926246643,615.6104278564453,1004.2722916603088,801.9056510925293,847.8400039672852,632.1874237060547,994.3009114265442,807.3727226257324,842.1709942817688,913.4952735900879,967.0027613639832,1001.9792175292969,921.9649529457092,929.578971862793,1266.6239404678345,1029.770736694336,1240.8366250991821,1011.3466644287109,1565.979323387146,1109.9494171142578,1581.735520362854,1065.0506973266602,1615.1873445510864,1150.3176498413086,1649.5376873016357,894.7843551635742,1626.088399887085,1025.0850677490234,1624.494652748108
629.2584800720215,341.9502031803131,628.1038856506348,302.3348557949066,632.8546714782715,298.5363006591797,637.8886985778809,294.65457558631897,624.7271347045898,303.2280957698822,627.1087646484375,300.03416419029236,630.1122665405273,296.3289499282837,689.348201751709,278.5598087310791,683.5079383850098,275.81793665885925,668.6916732788086,358.6141884326935,665.8955955505371,360.3750479221344,808.2782936096191,444.9092745780945,869.9943923950195,389.95535016059875,818.4102630615234,767.840051651001,899.8604965209961,664.4213891029358,631.8340301513672,923.2184886932373,718.882942199707,665.9877133369446,570.0602531433105,954.1027307510376,686.9360733032227,636.4144921302795,566.4355087280273,911.6553568840027,654.1486930847168,628.1786727905273,588.4341430664062,902.6822090148926,666.4604759216309,642.8118824958801,913.8892364501953,965.8275675773621,1001.6556930541992,921.7064309120178,960.7675552368164,1286.6597843170166,1020.2027893066406,1281.522560119629,1041.3115310668945,1612.4642372131348,1101.236457824707,1647.4526453018188,1096.0448455810547,1655.4207372665405,1138.2044219970703,1704.3657302856445,923.3484077453613,1688.3044052124023,994.4664001464844,1715.9478521347046
633.5454368591309,334.46571350097656,633.068962097168,295.4896867275238,637.5197410583496,292.0670700073242,642.3886299133301,288.48294138908386,631.3181304931641,296.0714900493622,634.4345283508301,293.02931785583496,638.2604598999023,289.4711637496948,696.1395835876465,273.48982214927673,692.9324340820312,270.3323256969452,671.8462944030762,351.7309105396271,671.2293434143066,353.56077790260315,811.4395523071289,441.7078757286072,869.260196685791,391.77247166633606,817.2704315185547,761.0374975204468,850.5974578857422,679.405882358551,566.462345123291,852.4914693832397,652.5934982299805,745.6256318092346,515.8535385131836,845.2628946304321,609.0046119689941,729.2472052574158,525.0138473510742,805.7093453407288,585.5774688720703,726.6268372535706,539.9400901794434,809.4277882575989,593.7363624572754,735.4920315742493,932.329158782959,963.5685896873474,995.9851455688477,923.9292311668396,1015.3304672241211,1326.0047006607056,1019.4130325317383,1329.6908283233643,1080.4404830932617,1663.2437324523926,1075.3557586669922,1689.5882606506348,1125.6549453735352,1710.299892425537,1107.2435760498047,1739.682183265686,983.9292526245117,1724.478178024292,989.999885559082,1766.7623662948608
641.773624420166,326.39079451560974,642.4081993103027,286.3499414920807,647.416820526123,282.87511825561523,653.0810737609863,279.05094265937805,640.4594993591309,287.0375096797943,643.6446189880371,284.1079258918762,647.566967010498,280.5992102622986,708.0352592468262,264.1068434715271,701.6531181335449,262.2916853427887,680.7568359375,344.31848645210266,679.1793251037598,346.10947251319885,813.6711502075195,437.7880096435547,876.5586090087891,391.8576693534851,813.0695343017578,754.5203733444214,853.1989288330078,681.6382741928101,542.6751708984375,764.8646020889282,639.2438507080078,686.9580602645874,484.25073623657227,752.8985595703125,596.7578315734863,664.6627879142761,499.0389060974121,710.2701687812805,580.8190727233887,657.9845380783081,516.5617561340332,710.8865404129028,590.7463645935059,664.0206027030945,932.010326385498,961.5998697280884,994.2398071289062,924.9369263648987,1005.7857513427734,1338.6376476287842,994.720573425293,1347.1661710739136,1067.7219772338867,1682.4550867080688,1030.9540557861328,1700.0482320785522,1116.1508560180664,1733.890929222107,1065.066261291504,1748.0514478683472,964.3575668334961,1730.2454853057861,941.4214324951172,1774.2502355575562
647.6095962524414,321.93196535110474,648.0518531799316,281.6011440753937,652.6485443115234,278.11450839042664,657.8990364074707,274.33027625083923,647.1966934204102,281.71878576278687,650.7795524597168,278.4550094604492,655.1847267150879,274.6707773208618,712.1444320678711,257.8319388628006,707.5504875183105,255.77974319458008,686.2264251708984,338.8771319389343,686.3536262512207,339.7492253780365,814.5893096923828,432.4943268299103,882.8697967529297,388.5266876220703,808.209285736084,744.5657300949097,836.685791015625,682.1711540222168,548.1392669677734,674.8043704032898,639.1110992431641,615.267698764801,495.274715423584,649.2690110206604,593.6085891723633,574.6254730224609,508.49470138549805,612.3646688461304,580.9332847595215,570.3157639503479,525.4826545715332,620.167772769928,593.9567756652832,578.6525845527649,920.3884506225586,959.7239756584167,987.3759841918945,927.1556711196899,996.7707824707031,1346.285548210144,960.8427429199219,1350.9617328643799,1066.1785125732422,1688.5604810714722,990.5838775634766,1700.5184125900269,1109.2778778076172,1740.2346324920654,1024.0895462036133,1748.4891843795776,962.0998764038086,1740.653829574585,899.1862106323242,1778.9812660217285
651.4803314208984,318.1262004375458,652.9601097106934,276.9952869415283,657.5213813781738,273.73563051223755,662.8753852844238,270.11287808418274,652.2992134094238,276.53653264045715,656.0952758789062,273.10258626937866,660.8623123168945,269.0271306037903,720.2208709716797,252.37865924835205,714.6255683898926,250.37483990192413,686.8068695068359,336.99573397636414,687.1027565002441,337.38577008247375,823.850040435791,421.2963831424713,876.3343048095703,388.69566679000854,807.2392845153809,729.9301385879517,807.4023628234863,681.3016033172607,571.9062995910645,588.0406165122986,621.998291015625,562.9496884346008,529.017448425293,553.8761830329895,589.7246360778809,521.3942992687225,540.9537506103516,520.5300915241241,592.4196624755859,495.45976281166077,557.211971282959,528.6495244503021,604.2413520812988,511.4640533924103,920.6683731079102,956.1820435523987,971.8731307983398,928.2433176040649,992.6789474487305,1339.0587759017944,925.0871658325195,1351.9606733322144,1060.3992462158203,1682.2857856750488,962.2432708740234,1700.4542970657349,1094.374008178711,1732.6965522766113,991.6226577758789,1746.7112016677856,954.462718963623,1738.8078689575195,881.839599609375,1779.7646856307983
655.2527046203613,318.67594599723816,657.8605270385742,273.4079396724701,662.8735542297363,269.8480796813965,668.5761451721191,266.1857056617737,655.3700637817383,273.5430908203125,658.3218383789062,270.26090383529663,662.1063423156738,266.5763854980469,725.5597114562988,249.46454107761383,714.5967292785645,248.46453845500946,690.2580642700195,337.65639424324036,689.322395324707,338.71259450912476,846.6926765441895,413.04965257644653,857.2610092163086,390.91946482658386,807.3946952819824,723.7116408348083,791.4597702026367,674.6901082992554,585.7742500305176,530.5650722980499,654.5364189147949,501.94244742393494,530.3259086608887,481.45013451576233,627.1847534179688,445.7365643978119,570.0024604797363,454.2768681049347,627.2232055664062,427.2714865207672,586.7309761047363,470.45419335365295,638.148307800293,441.11554741859436,921.3702392578125,952.8172659873962,961.5502166748047,929.9189472198486,993.2328414916992,1335.2630853652954,913.6750602722168,1348.6248636245728,1054.3900680541992,1677.0920419692993,948.9725303649902,1696.0523414611816,1087.558364868164,1727.038550376892,977.1072006225586,1744.275197982788,951.793041229248,1738.567886352539,868.8785362243652,1774.5404291152954
658.4256935119629,314.53354239463806,661.032886505127,268.8416075706482,666.1828422546387,265.26317596435547,672.0525169372559,261.6244751214981,657.9733085632324,268.5656726360321,660.6948852539062,264.9140328168869,664.2952537536621,260.93832314014435,727.4762535095215,245.7155853509903,716.6043663024902,244.10711288452148,692.5865364074707,335.00184416770935,690.1822471618652,335.0357687473297,848.6627769470215,410.4852890968323,857.486457824707,386.2964200973511,807.3756980895996,722.7863430976868,809.5535659790039,667.25013256073,638.1864738464355,488.73432755470276,656.9466590881348,469.5549666881561,616.3998985290527,443.6400640010834,645.9318923950195,418.89092445373535,640.9896469116211,415.3113663196564,663.5934448242188,402.32723236083984,652.7973747253418,430.5582118034363,677.1550369262695,412.9517412185669,918.6126708984375,949.3544483184814,962.2175216674805,928.8575005531311,992.4797058105469,1331.7653131484985,919.511890411377,1342.7330589294434,1046.7424392700195,1671.7653036117554,952.2573280334473,1686.3544178009033,1077.5849533081055,1723.5779857635498,980.2242279052734,1735.5265188217163,948.317699432373,1731.9202136993408,871.1889266967773,1761.642780303955
660.8591079711914,311.46613597869873,664.3659782409668,265.7031011581421,670.0829315185547,261.84936225414276,676.5772819519043,257.88766980171204,659.9520492553711,266.237268447876,662.2461891174316,262.85869896411896,665.3741455078125,259.20194149017334,732.458381652832,241.93902969360352,717.8291130065918,242.14206218719482,695.8383178710938,331.12626671791077,691.3241386413574,331.9746708869934,856.6567611694336,402.11418986320496,843.680305480957,383.64988446235657,811.8986892700195,717.080705165863,810.0667762756348,662.3028087615967,673.6440467834473,486.6542422771454,669.1747856140137,478.95429611206055,656.2146377563477,438.5582971572876,664.8980140686035,430.07612228393555,674.154109954834,408.3559584617615,684.5599365234375,405.30699491500854,685.828685760498,421.3907539844513,700.4360961914062,420.77080965042114,918.8628959655762,938.083119392395,959.6534156799316,922.4851512908936,990.8628845214844,1301.3386344909668,925.2865219116211,1329.2211627960205,1035.9720611572266,1644.7014713287354,954.5114707946777,1668.9026355743408,1070.0862121582031,1695.6370067596436,982.2672271728516,1717.9765033721924,937.745189666748,1705.5176210403442,868.2042503356934,1737.9988288879395
664.2316246032715,312.45094656944275,667.8777694702148,267.17663168907166,673.4815406799316,263.26251089572906,679.9127769470215,259.2938822507858,663.8065338134766,267.72893607616425,666.2520217895508,264.3170213699341,669.6073722839355,260.68432331085205,737.625904083252,242.95536696910858,723.2497787475586,243.4146362543106,699.6376991271973,331.46129608154297,695.7809257507324,332.46989250183105,865.488338470459,405.02442955970764,843.8863563537598,384.7229826450348,815.2305793762207,710.3724575042725,813.0041885375977,659.8184609413147,673.2956886291504,491.2382447719574,683.3157348632812,486.50100231170654,651.1663627624512,444.5016324520111,671.6987800598145,435.94446301460266,666.7201995849609,416.33978962898254,684.895076751709,415.949045419693,679.0419387817383,431.5999925136566,700.2971076965332,432.1321642398834,916.2783622741699,936.9301342964172,961.2464904785156,917.1258401870728,991.5293884277344,1305.368127822876,923.2915306091309,1328.692274093628,1026.521987915039,1652.1382284164429,944.1057014465332,1671.6172456741333,1056.0676574707031,1700.234785079956,969.1298675537109,1718.9732551574707,938.0152702331543,1715.5416584014893,866.5954971313477,1747.6220798492432
665.9813117980957,313.280907869339,669.4545364379883,268.4214448928833,674.8264503479004,264.51485574245453,680.8443260192871,260.56460559368134,665.2926635742188,269.06091034412384,667.6737213134766,265.68015217781067,670.8988380432129,262.06707179546356,736.7877388000488,244.09903407096863,723.7538909912109,244.31803107261658,700.2996253967285,331.7155373096466,696.544361114502,333.056845664978,863.2497024536133,406.5142786502838,846.5535163879395,384.85488295555115,824.6805953979492,705.8621621131897,816.247615814209,633.963360786438,669.7267913818359,501.5091848373413,692.3701858520508,471.26983165740967,644.3727493286133,452.9872512817383,674.1799163818359,432.54228472709656,657.9317092895508,427.93617010116577,686.1186790466309,415.9340465068817,670.7049751281738,442.9648232460022,700.572566986084,434.9747157096863,902.603874206543,935.6214952468872,961.2507247924805,915.2984189987183,954.704647064209,1302.827582359314,914.2352485656738,1320.946011543274,989.6135330200195,1650.0498390197754,934.5733451843262,1665.5266571044922,1025.017204284668,1700.0824785232544,959.7190475463867,1714.649577140808,895.6341934204102,1703.3339595794678,856.7937469482422,1732.4196195602417
665.624828338623,313.9544105529785,669.2038536071777,269.4698238372803,674.7794723510742,265.5639910697937,680.8032417297363,261.60326421260834,664.56298828125,270.0928580760956,666.8448257446289,266.70778691768646,669.9611663818359,263.07674646377563,736.50146484375,244.90937769412994,723.1523895263672,245.11994183063507,700.1861572265625,332.09250569343567,696.0365867614746,333.6433482170105,861.3495254516602,406.65998697280884,847.8616333007812,384.5840334892273,834.4259262084961,701.53648853302,820.0746917724609,635.8335900306702,668.3455467224121,513.4287822246552,697.9096412658691,478.40699672698975,640.6244087219238,469.2618441581726,677.0760726928711,436.52855157852173,653.2404327392578,445.36648392677307,685.8501434326172,418.55377078056335,665.950870513916,458.04211020469666,699.7207260131836,439.15419816970825,891.8337249755859,933.0730319023132,950.207405090332,907.6908159255981,950.4303359985352,1298.5897779464722,897.6114463806152,1315.9038019180298,978.9646911621094,1647.7188920974731,909.752025604248,1664.6189975738525,1015.7453155517578,1695.6404829025269,934.6132850646973,1713.6266899108887,887.215576171875,1705.4667663574219,828.6562728881836,1732.657413482666
664.7992515563965,314.4272303581238,668.067455291748,269.8923683166504,673.6050224304199,265.97893953323364,679.6350860595703,262.0246821641922,664.0596771240234,270.3008794784546,666.591854095459,266.84314727783203,668.9691352844238,263.39602053165436,735.3561401367188,245.40736734867096,722.3341941833496,245.6939721107483,699.5133018493652,332.4341332912445,695.705394744873,333.9022886753082,859.8281478881836,406.3334548473358,842.6555442810059,385.242440700531,844.2421531677246,700.8784675598145,817.3659324645996,637.2835278511047,667.3146629333496,519.1247642040253,699.5938682556152,491.8981969356537,638.2939338684082,475.01434564590454,678.8904762268066,442.0829129219055,650.3272247314453,452.5577223300934,686.660041809082,430.28079628944397,663.2395362854004,463.8131511211395,700.4874801635742,440.30235528945923,893.433895111084,934.0863275527954,918.4716796875,907.8015375137329,944.5477867126465,1299.2329931259155,867.3954963684082,1316.3769435882568,973.9257431030273,1648.1973123550415,885.8054351806641,1665.05042552948,1011.0114669799805,1696.7688131332397,910.7026863098145,1714.3933725357056,883.6893653869629,1708.715672492981,807.9843521118164,1735.3055906295776
664.2174339294434,318.1951117515564,667.7129173278809,277.81620383262634,673.2727432250977,273.1414031982422,679.3561363220215,268.4279787540436,663.1894111633301,279.5611310005188,665.1996803283691,276.2422513961792,667.1216011047363,272.6789152622223,732.6179122924805,248.73076915740967,720.4201698303223,251.0196965932846,699.4010353088379,335.5129015445709,695.4488182067871,338.88691663742065,858.5174560546875,402.7786159515381,842.4419975280762,385.346177816391,847.5724411010742,698.6427927017212,817.5639152526855,638.4278225898743,666.3788795471191,522.8983747959137,701.7312240600586,501.8868935108185,636.870288848877,481.9439399242401,678.6411094665527,459.19329285621643,649.1430473327637,460.8411133289337,685.3874588012695,441.3073790073395,662.6245307922363,473.65800619125366,699.4891548156738,456.6244876384735,894.2406463623047,931.5282726287842,912.4072265625,907.3905801773071,946.8806648254395,1297.0969676971436,870.2100563049316,1314.3887186050415,971.4846038818359,1646.6316318511963,881.572093963623,1662.6056671142578,1009.815559387207,1695.0420713424683,905.5685806274414,1712.6429414749146,875.2138137817383,1709.1526365280151,799.7650909423828,1734.6071434020996
664.1031074523926,325.94536542892456,666.0941505432129,289.0752375125885,671.491584777832,284.2790937423706,677.5552940368652,279.084609746933,660.6094551086426,291.9372618198395,661.7107772827148,289.34113025665283,662.7078437805176,286.3122832775116,728.5906219482422,257.3718810081482,713.0283737182617,263.30407977104187,699.0406036376953,342.03932762145996,695.2245140075684,346.07442140579224,857.4555587768555,402.8173363208771,842.431468963623,385.03058910369873,850.6634902954102,697.4282670021057,829.3411445617676,640.8425831794739,665.7780647277832,537.6204192638397,702.7400779724121,511.24792098999023,631.2863731384277,497.71114468574524,678.9536476135254,470.4916262626648,642.249813079834,477.09723114967346,684.0456962585449,454.6722149848938,657.8299140930176,487.2760212421417,696.9355201721191,468.4364855289459,894.9522972106934,928.3888649940491,920.8215522766113,903.6964058876038,939.6518325805664,1293.328185081482,875.5183982849121,1308.324007987976,959.0059089660645,1636.6908931732178,886.0651588439941,1651.746325492859,997.7720260620117,1682.590913772583,912.4251937866211,1700.1541900634766,861.7577934265137,1704.6367406845093,802.6330375671387,1726.5952777862549
660.3571701049805,341.23534083366394,661.0991477966309,303.50003957748413,666.5857315063477,298.4495258331299,672.6273536682129,293.1446099281311,654.8879241943359,306.37423038482666,655.6944465637207,303.67735505104065,656.6918563842773,300.56269884109497,721.6857147216797,271.54099345207214,705.0134468078613,278.53010058403015,696.7461204528809,356.00823998451233,691.0873603820801,358.6862540245056,849.276180267334,403.3121395111084,843.0314254760742,385.0914537906647,848.895320892334,698.0557107925415,839.2403984069824,647.1639490127563,664.0778160095215,546.0474586486816,704.5287895202637,515.7721531391144,626.1469459533691,507.9718816280365,679.3295288085938,475.81820368766785,636.7778778076172,486.56206011772156,680.0461006164551,455.6128656864166,651.6725921630859,495.69082975387573,695.9619140625,471.28862857818604,903.4787178039551,924.6755075454712,923.056468963623,903.8762640953064,940.1209259033203,1286.30521774292,877.1389389038086,1302.6069116592407,965.9129333496094,1622.198338508606,896.0466957092285,1645.383825302124,1005.7808303833008,1669.9822998046875,920.4287910461426,1696.7927598953247,865.0000190734863,1692.7632665634155,811.7163848876953,1716.6657400131226
653.4209060668945,362.118558883667,649.896411895752,323.0742645263672,655.6208610534668,318.06095838546753,661.8026733398438,312.5380754470825,643.4529304504395,325.4875445365906,644.2203140258789,322.713485956192,645.6055641174316,319.4354510307312,708.2100677490234,286.75127506256104,693.5208320617676,294.33061838150024,692.7289009094238,374.82267022132874,686.1163902282715,376.5949237346649,838.3129119873047,405.82828760147095,841.7968368530273,386.16146206855774,851.0757637023926,699.1326069831848,838.4649467468262,650.5750751495361,657.9883575439453,546.8165230751038,701.8678665161133,516.5385138988495,616.6349029541016,511.43296122550964,674.3308067321777,483.3773338794708,628.773365020752,489.0260982513428,669.396800994873,461.5975606441498,643.6039352416992,496.89605355262756,687.5922775268555,476.17212653160095,912.4812126159668,924.4818735122681,934.4039154052734,902.7588129043579,949.4141578674316,1284.959306716919,900.0152778625488,1301.4824438095093,985.5596923828125,1619.4720125198364,913.5002517700195,1644.3112421035767,1029.242935180664,1666.739444732666,940.2879524230957,1696.4333009719849,879.8593139648438,1692.4255657196045,816.8923759460449,1715.5183553695679
645.2070236206055,373.09348225593567,638.9896774291992,335.1516079902649,644.6610260009766,330.50278186798096,650.9663200378418,325.2053654193878,632.8482055664062,336.62468791007996,633.6504364013672,333.70846152305603,635.2407073974609,330.19932746887207,695.9596824645996,300.1084506511688,683.2353401184082,305.5546975135803,685.3502082824707,384.2084813117981,677.8376197814941,384.46767926216125,825.9171867370605,409.22879219055176,842.0321273803711,387.06448674201965,851.209545135498,699.9993252754211,843.9786529541016,649.3189001083374,652.5936698913574,558.3505582809448,708.0263328552246,528.1787002086639,606.5054512023926,520.230724811554,674.9758529663086,490.04753708839417,619.9973487854004,496.87851190567017,669.6878242492676,478.8287687301636,634.6189498901367,506.46069288253784,687.8774070739746,482.63118624687195,915.2481079101562,925.12051820755,946.7106056213379,902.8927731513977,955.9063339233398,1284.7515106201172,911.1906623840332,1301.9158029556274,1000.3409957885742,1617.4974346160889,932.9870223999023,1642.232894897461,1047.260627746582,1664.8077392578125,963.9567947387695,1693.6861181259155,892.6731491088867,1689.029245376587,833.9405250549316,1712.4540710449219
640.6400871276855,383.3743679523468,632.1590995788574,345.3853726387024,637.0759391784668,341.1017346382141,642.6177406311035,336.1159157752991,627.5973129272461,345.9819495677948,628.8130760192871,342.75264501571655,630.9040260314941,338.8422095775604,686.5568161010742,310.3245449066162,678.9782524108887,312.8735876083374,680.6558418273926,394.1418492794037,674.5083045959473,393.4566307067871,818.8360977172852,415.49280166625977,849.7131729125977,387.09384083747864,850.1226997375488,702.4461436271667,862.7388381958008,649.7032713890076,645.8115577697754,578.3616828918457,708.4963417053223,532.8206062316895,598.3691596984863,540.36776304245,673.1566429138184,497.7301025390625,611.6351509094238,516.503849029541,667.6990699768066,483.3018887042999,625.8456802368164,526.1431932449341,683.8295745849609,492.62593388557434,925.2166557312012,925.5457019805908,973.8796234130859,902.2695136070251,981.6416931152344,1275.665774345398,967.4647521972656,1293.7732601165771,1041.5996932983398,1606.079978942871,993.1299591064453,1635.2811241149902,1091.6780090332031,1651.8921947479248,1025.8748245239258,1688.549280166626,932.7068138122559,1681.5900421142578,887.7646636962891,1703.1831979751587
636.7548751831055,388.77864360809326,627.301082611084,351.511173248291,632.1731185913086,347.3544144630432,637.7323150634766,342.53947377204895,623.0684852600098,352.17466592788696,624.360237121582,349.13159251213074,626.5328979492188,345.45602202415466,682.5380516052246,315.8506143093109,675.791015625,317.98712253570557,678.1471824645996,399.5263624191284,672.5987434387207,398.93290758132935,814.7085571289062,422.34514832496643,850.521068572998,388.83020639419556,849.6593284606934,709.6490335464478,860.3383255004883,656.9236063957214,635.0015830993652,603.9138436317444,691.182918548584,553.1967902183533,586.5910148620605,568.8073110580444,651.196231842041,528.7906622886658,597.5980567932129,545.1777791976929,649.7194862365723,509.1454017162323,611.8920135498047,554.541928768158,665.3815841674805,522.0231914520264,934.5645904541016,926.6162896156311,983.7674331665039,902.4047613143921,985.5199813842773,1277.3341941833496,969.444465637207,1294.1546058654785,1042.1293258666992,1609.2246007919312,1000.1494216918945,1635.4589223861694,1093.6873626708984,1655.607032775879,1035.4369354248047,1689.0128946304321,929.300365447998,1683.122763633728,896.9426536560059,1704.6866941452026
635.1412582397461,390.5565619468689,625.7312393188477,353.1539726257324,630.7107925415039,348.7468349933624,636.2313652038574,343.7548041343689,621.6783714294434,354.1311228275299,623.2527923583984,351.1153757572174,625.7155609130859,347.4096465110779,681.6077041625977,317.1958816051483,674.9115943908691,319.4517695903778,676.062183380127,401.98615193367004,671.2069129943848,401.5530824661255,813.0829811096191,425.8409571647644,850.5445289611816,393.28089237213135,854.0834999084473,715.8826589584351,861.866626739502,668.8978886604309,625.905933380127,650.6898522377014,688.3782005310059,607.6195406913757,575.2642250061035,619.4337272644043,646.732234954834,589.5262169837952,582.1088790893555,593.1235098838806,636.4849090576172,573.948655128479,596.4375686645508,600.7284736633301,657.729320526123,582.1491980552673,942.6155662536621,929.652829170227,990.1552963256836,902.9883670806885,1008.9027786254883,1278.4940671920776,981.4010238647461,1303.055591583252,1072.2444534301758,1611.1470365524292,1020.5577850341797,1637.716097831726,1124.1491317749023,1657.8750228881836,1054.8109817504883,1690.727276802063,963.5584259033203,1684.1511869430542,924.221248626709,1705.0650787353516
634.936695098877,391.0518157482147,625.7025718688965,352.02422618865967,630.5355262756348,347.77860045433044,635.7942008972168,342.958220243454,622.0969390869141,352.6301050186157,623.9661026000977,349.4995164871216,626.638240814209,345.6295716762543,681.0436248779297,316.66412830352783,675.9586715698242,317.1809470653534,675.362548828125,403.6872410774231,671.092472076416,403.2075011730194,805.4320907592773,429.62876200675964,860.1366806030273,392.81525015830994,853.4680366516113,724.3812489509583,875.547981262207,671.8659353256226,617.3654937744141,714.3342304229736,688.7660980224609,660.031213760376,561.2912750244141,708.4377264976501,648.5430908203125,635.0660705566406,566.7603492736816,667.1070957183838,637.5107002258301,637.1681070327759,582.8074264526367,668.1215500831604,660.2680778503418,639.7510743141174,940.2486419677734,934.9970769882202,993.7168121337891,903.7173914909363,1001.5489196777344,1285.1443147659302,979.764289855957,1311.650676727295,1057.9862594604492,1616.1580896377563,1015.579719543457,1647.1118545532227,1107.4540328979492,1663.9684438705444,1050.8429718017578,1700.5155801773071,950.9317588806152,1686.7030620574951,911.8958473205566,1711.8479347229004
635.1508712768555,386.98917031288147,626.8153953552246,348.121258020401,631.6263198852539,343.8919508457184,636.8322944641113,339.0501022338867,623.1140899658203,348.77628564834595,624.9563598632812,345.66439747810364,627.5974273681641,341.8352007865906,681.4638519287109,313.19828510284424,676.545524597168,314.19523000717163,674.9605751037598,399.8123073577881,671.0034370422363,399.7300064563751,802.4170875549316,430.3581726551056,859.6334266662598,392.48202323913574,856.5871810913086,731.9345211982727,876.6214370727539,676.4031386375427,620.2914619445801,783.5062551498413,692.5257110595703,705.8915162086487,556.9133949279785,785.7081985473633,656.3540840148926,694.2387127876282,560.577220916748,747.6794528961182,641.2948608398438,684.8799061775208,578.6890411376953,746.3081789016724,659.9426651000977,690.0513768196106,940.5255889892578,940.8037805557251,990.3694152832031,908.0935978889465,997.8960800170898,1293.7780237197876,977.4778747558594,1318.3744382858276,1053.0000686645508,1622.7052116394043,1014.0567398071289,1655.416488647461,1100.4687881469727,1673.024697303772,1047.791748046875,1709.567198753357,949.2157173156738,1687.002010345459,915.9233665466309,1714.9916553497314
636.4169883728027,384.5211088657379,626.9157600402832,345.38289427757263,632.0959281921387,341.1171519756317,637.5905227661133,336.32174849510193,624.1495513916016,346.1961829662323,626.1580467224121,343.0844557285309,628.9834213256836,339.30115699768066,682.3245620727539,311.3593089580536,676.6902923583984,312.2447919845581,675.4113578796387,397.7629280090332,672.7776718139648,398.1712782382965,801.1139488220215,429.96710658073425,860.6673431396484,388.59373211860657,854.8077964782715,737.1889686584473,900.6574058532715,662.8141236305237,634.3509864807129,841.044659614563,746.766529083252,709.864296913147,559.193058013916,875.5059814453125,716.6960906982422,707.0099973678589,568.491268157959,841.4049553871155,689.0061378479004,701.3037157058716,585.4814529418945,829.7263383865356,698.822193145752,704.9274015426636,930.6109428405762,941.0871505737305,994.372673034668,904.9216818809509,967.9014587402344,1293.9578819274902,974.2671203613281,1315.9547853469849,1035.7294464111328,1625.0510931015015,1015.2857208251953,1661.0611009597778,1083.4873580932617,1677.948203086853,1051.8034744262695,1716.710286140442,928.864631652832,1687.058916091919,915.2127456665039,1719.542441368103
641.0129356384277,382.91889667510986,630.988712310791,343.8013458251953,635.6831932067871,339.52974557876587,640.6878662109375,334.70334649086,628.2508277893066,344.582576751709,630.0857734680176,341.4527928829193,632.7008056640625,337.6751911640167,682.5666618347168,310.0030016899109,679.2497062683105,311.05833292007446,679.2446136474609,396.287659406662,677.1960639953613,397.1895897388458,801.3814544677734,430.74547290802,864.5845985412598,387.7830505371094,852.8165817260742,740.8622860908508,969.8664093017578,653.5646867752075,669.6457672119141,917.6225423812866,858.4823226928711,797.7720236778259,608.0920028686523,963.9928078651428,842.8792190551758,829.3402934074402,595.6611442565918,931.6779398918152,819.1569900512695,823.945062160492,610.24658203125,920.6228399276733,819.4054412841797,813.8693976402283,926.4914703369141,942.6081562042236,998.5237884521484,904.681441783905,968.2645797729492,1301.9581604003906,1002.2592544555664,1315.7169914245605,1038.500862121582,1641.356520652771,1043.0242538452148,1667.930989265442,1088.2786560058594,1691.9224262237549,1082.1409606933594,1724.4902801513672,928.5015106201172,1713.7914848327637,933.7066268920898,1733.8436794281006
646.4998626708984,383.01687240600586,634.4308090209961,342.90215134620667,638.4944915771484,338.6347997188568,642.9189491271973,333.90936970710754,632.3060989379883,343.794264793396,634.1730880737305,340.66592931747437,636.815071105957,336.89122438430786,682.8275871276855,309.68390464782715,681.7746162414551,310.1112449169159,682.9855155944824,396.8083083629608,682.1866035461426,398.09728145599365,800.4156303405762,435.0342607498169,866.407299041748,387.7958285808563,841.6908645629883,742.7460980415344,964.5668792724609,655.9102463722229,725.5070114135742,951.022675037384,876.5969467163086,859.7047233581543,676.6623115539551,1004.7147917747498,862.8527641296387,906.2834930419922,661.5668106079102,993.4264039993286,834.5257759094238,899.8903512954712,678.3298301696777,978.3383989334106,836.6721725463867,885.2004289627075,916.2372779846191,943.4644460678101,996.2844085693359,903.4668517112732,932.3910713195801,1269.3690633773804,992.9945755004883,1266.4595317840576,1015.9855270385742,1597.8721618652344,1036.2543869018555,1602.262659072876,1077.846450805664,1650.2943277359009,1074.8579406738281,1663.077392578125,895.9475898742676,1667.786021232605,932.7442359924316,1661.4647197723389
648.8164901733398,385.8013916015625,634.7209739685059,344.79578018188477,638.6346244812012,340.7630681991577,643.1582450866699,336.29799485206604,634.017448425293,344.92430090904236,636.5942001342773,341.4881980419159,640.1949119567871,337.3420286178589,683.2205200195312,311.3526463508606,684.4493293762207,309.47813630104065,684.3264198303223,399.46495056152344,685.3443717956543,399.23542857170105,795.7903861999512,438.1599247455597,876.471004486084,387.6380503177643,829.852409362793,741.8741011619568,978.4245300292969,661.5619397163391,768.6039161682129,973.5275459289551,909.2958641052246,908.3751010894775,744.6829032897949,1036.8879103660583,889.1888809204102,946.3202261924744,723.8622093200684,1042.7309846878052,868.644962310791,966.8262505531311,736.0982894897461,1020.9221792221069,870.6456756591797,949.1686677932739,897.604808807373,945.7151198387146,990.2502822875977,905.9927201271057,876.2683296203613,1149.0700578689575,974.9328231811523,1105.8903121948242,962.2936248779297,1368.171730041504,1002.4761199951172,1300.2325773239136,1027.03125,1406.5692043304443,1038.064842224121,1337.6723098754883,842.6137161254883,1403.0110502243042,889.9703979492188,1341.3023042678833
648.9194869995117,391.58681988716125,634.8173332214355,348.6609935760498,638.6449241638184,344.3697917461395,643.0020332336426,339.6952164173126,634.0409088134766,348.93760442733765,636.6170883178711,345.3602349758148,640.2444648742676,341.0706424713135,683.1418418884277,314.10855174064636,684.7699928283691,310.82765221595764,684.3561172485352,403.9068818092346,685.543384552002,404.35572266578674,794.0910530090332,441.87360405921936,893.5792350769043,387.93654799461365,826.8296241760254,743.3833909034729,986.2004470825195,670.0701212882996,803.7938117980957,1011.6708111763,925.7768440246582,938.5331511497498,795.6054496765137,1081.4530277252197,922.1553611755371,1003.5733938217163,775.0106620788574,1092.1178340911865,895.5659294128418,1012.8851437568665,778.7060165405273,1061.7336416244507,895.418529510498,992.0101976394653,900.5413627624512,952.9310131072998,997.4384307861328,910.3610730171204,900.8047485351562,1250.4939937591553,961.9421768188477,1227.951979637146,950.7118606567383,1558.3222818374634,972.6164245605469,1525.5772733688354,1000.1945114135742,1616.2897968292236,1004.1670989990234,1591.763162612915,826.7338943481445,1615.6711721420288,866.268424987793,1555.221176147461
648.797721862793,397.8994953632355,633.7858200073242,354.9747312068939,637.4459838867188,350.3133201599121,641.6546058654785,345.18343448638916,632.610969543457,355.88319540023804,634.7850608825684,352.4783778190613,637.9351615905762,348.4154427051544,681.4978408813477,317.93256640434265,682.3299980163574,316.14579677581787,684.1802215576172,408.1978905200958,685.2382850646973,409.19493198394775,794.8382949829102,445.54721117019653,891.6402053833008,392.73311018943787,826.9640350341797,746.0521030426025,975.1975250244141,674.0000295639038,846.3922691345215,1005.7227444648743,927.5784873962402,939.5108485221863,834.8941040039062,1079.3880701065063,914.0542602539062,993.309051990509,817.2564125061035,1092.1331548690796,907.1782493591309,1006.9624400138855,822.6480102539062,1061.7946672439575,903.7378692626953,991.2585139274597,906.8032264709473,952.403154373169,995.7872772216797,910.0548505783081,905.7727432250977,1267.060260772705,928.3597755432129,1234.8425960540771,958.9143562316895,1582.2852659225464,955.2235794067383,1559.4548606872559,1008.0956268310547,1620.8080101013184,988.1917190551758,1615.1839971542358,847.0194053649902,1695.2348041534424,869.4526863098145,1652.2654294967651
647.3787117004395,403.52099776268005,631.3723754882812,362.8637731075287,634.7384262084961,358.05198669433594,638.730411529541,352.6530861854553,630.2479362487793,363.4740614891052,632.3260116577148,359.76389050483704,635.3386116027832,355.38469076156616,679.2864990234375,322.53037691116333,679.8309516906738,320.86562633514404,682.9478073120117,412.436660528183,684.0231513977051,413.06880354881287,794.8123168945312,447.0163321495056,888.5497856140137,393.91725182533264,830.5158233642578,745.8816432952881,974.2825698852539,676.4158201217651,857.8987312316895,990.3934049606323,930.7108497619629,929.1770482063293,845.1589965820312,1059.7585487365723,930.0185394287109,983.0823683738708,832.7625274658203,1069.8813343048096,915.4379081726074,1000.8398580551147,839.824161529541,1041.9371366500854,910.9157752990723,984.6680045127869,913.8549613952637,950.0762629508972,971.9789886474609,911.9891309738159,938.7939262390137,1275.2859735488892,935.5098724365234,1253.6800718307495,973.8459777832031,1601.227798461914,958.8199996948242,1589.6326732635498,1016.1898040771484,1644.0191173553467,993.5480117797852,1646.1302947998047,866.5896606445312,1699.7956323623657,874.940013885498,1673.278841972351
646.4473342895508,407.8222095966339,629.8770904541016,367.45089769363403,633.0973434448242,362.5713264942169,636.9903945922852,357.1284592151642,629.0125465393066,367.8328227996826,631.1715888977051,363.92927527427673,634.2702484130859,359.3960952758789,677.5688552856445,326.4063084125519,678.8519096374512,324.1218388080597,682.3238754272461,415.89255809783936,683.5935401916504,416.1862277984619,794.6514129638672,455.29927253723145,886.472110748291,395.6572222709656,831.108512878418,751.1991763114929,996.3813400268555,675.9901213645935,846.8639945983887,1007.2255325317383,929.4626998901367,927.3534893989563,833.8712882995605,1078.5198068618774,929.736156463623,977.19571352005,820.7493782043457,1088.5722970962524,912.8022193908691,990.8971881866455,826.4115715026855,1059.3152117729187,907.8543663024902,977.6511526107788,915.9871673583984,960.841555595398,972.6976776123047,933.3536338806152,939.9075508117676,1306.8510246276855,936.6363143920898,1292.461338043213,977.7731323242188,1639.5294857025146,965.2068328857422,1629.029860496521,1022.6376342773438,1688.9711809158325,999.5566177368164,1686.1629724502563,862.6987266540527,1722.7908325195312,882.6787376403809,1702.5574922561646
646.4279365539551,408.25379848480225,629.9956512451172,366.59000515937805,633.2644844055176,361.7334473133087,637.2003364562988,356.3515090942383,629.0282249450684,367.1739971637726,631.1884689331055,363.3982300758362,634.2998886108398,358.9882278442383,677.9098320007324,326.2798476219177,679.0593910217285,324.0156555175781,682.4133110046387,417.5514829158783,683.6369705200195,418.0301284790039,795.0056648254395,456.36883020401,884.9625778198242,399.4626009464264,828.3880233764648,753.1949329376221,995.9112167358398,674.153881072998,823.9703750610352,1003.070318698883,935.6921195983887,927.2071051597595,813.3972930908203,1072.228889465332,929.8067092895508,988.5893511772156,796.1429786682129,1079.0190196037292,907.672004699707,998.8258194923401,800.119743347168,1046.5210103988647,906.5582656860352,977.9464960098267,912.4155807495117,962.6141953468323,972.4338912963867,946.2977600097656,935.9380531311035,1316.684775352478,937.8921890258789,1310.1704835891724,980.0603485107422,1653.2856130599976,971.71142578125,1648.009729385376,1026.1784362792969,1707.0876789093018,1007.6718521118164,1704.665322303772,862.924919128418,1725.1920747756958,892.7169227600098,1714.8500347137451
648.5553359985352,406.7149615287781,632.5139236450195,365.37670254707336,635.562572479248,360.57077407836914,639.2317771911621,355.2393686771393,632.0755004882812,366.05567693710327,634.5145225524902,362.3773384094238,637.8706741333008,358.0922198295593,679.0239143371582,325.5807566642761,681.6567420959473,323.68632316589355,683.9623260498047,416.39920592308044,685.967845916748,416.94061517715454,795.7028961181641,455.3639030456543,884.637565612793,401.3756060600281,825.6525993347168,756.5694952011108,986.9779586791992,677.413215637207,810.7796859741211,988.2531952857971,917.9977798461914,927.153160572052,807.5214958190918,1047.3840594291687,909.7216415405273,984.083948135376,779.2224311828613,1047.432725429535,900.7061004638672,988.3884429931641,783.2636833190918,1020.8724188804626,896.68212890625,969.9190521240234,904.0317535400391,962.470064163208,972.7301788330078,948.0070567131042,927.0475387573242,1297.2492742538452,941.1928939819336,1288.7314367294312,981.287727355957,1617.6942873001099,1006.8093109130859,1610.7275819778442,1029.9707794189453,1676.2123203277588,1044.9139022827148,1669.3256950378418,864.872989654541,1671.7271947860718,930.6441307067871,1663.5613489151
648.8071632385254,398.41435074806213,634.6551132202148,356.0431945323944,638.0318641662598,351.74574851989746,642.0053672790527,347.2522222995758,633.7525177001953,356.6567659378052,636.2186050415039,353.04202795028687,639.5941543579102,348.96705508232117,683.2530784606934,322.0804738998413,685.3842544555664,318.96733045578003,684.7661590576172,412.68040895462036,686.2906837463379,413.76805543899536,798.1999969482422,455.0823676586151,883.9316940307617,400.3571927547455,826.2200546264648,764.9999785423279,984.5898056030273,677.1011352539062,746.484203338623,973.3557987213135,911.1644554138184,907.0631146430969,714.6466827392578,1031.0918283462524,890.6630516052246,954.5369911193848,694.1801834106445,1028.760495185852,870.1364135742188,962.1371912956238,705.3508758544922,1005.07000207901,871.0036468505859,948.9526319503784,906.2013816833496,961.8007135391235,982.2570419311523,941.4263319969177,917.8841400146484,1296.812310218811,941.3110542297363,1290.6605672836304,981.7505264282227,1621.9198608398438,1004.864387512207,1628.986988067627,1030.99365234375,1683.4549283981323,1042.9316711425781,1688.6212491989136,858.3887672424316,1672.8412342071533,925.9293937683105,1684.2640972137451
649.2671012878418,385.53160429000854,637.7614974975586,344.75361585617065,641.5441703796387,340.70255756378174,645.8870887756348,336.6628932952881,636.705436706543,345.36065340042114,639.5356178283691,341.7811918258667,643.2928276062012,338.0507755279541,688.6325454711914,314.37692284584045,691.4624404907227,310.206001996994,686.9523811340332,402.4784767627716,688.3727073669434,404.61453437805176,800.7607841491699,447.6587748527527,893.3264923095703,390.0126099586487,828.827075958252,763.8311576843262,981.5203857421875,655.6344079971313,678.5844039916992,950.9873986244202,840.2779197692871,788.1937050819397,630.5341529846191,989.5278453826904,809.9348831176758,802.9323577880859,617.5020217895508,948.649628162384,783.1708145141602,799.72651720047,631.6818237304688,938.8481283187866,789.8285293579102,796.9213342666626,913.8321876525879,956.2473821640015,1010.8750534057617,920.4116320610046,944.593677520752,1290.8678483963013,1001.2577819824219,1290.7351112365723,1025.0254440307617,1620.7875394821167,1056.7079544067383,1649.8235034942627,1078.802833557129,1677.6408863067627,1097.7964782714844,1710.1067733764648,911.1028289794922,1673.155117034912,959.3514060974121,1711.222743988037
651.3887786865234,372.2652268409729,643.3646965026855,334.7612178325653,647.6434135437012,330.6622338294983,652.3556900024414,326.3659143447876,642.022819519043,336.0384750366211,645.0393676757812,332.95217514038086,648.944034576416,329.6149170398712,698.1515693664551,305.41265845298767,698.1766319274902,304.5513153076172,691.2388801574707,388.8296592235565,692.442626953125,392.6075506210327,817.8252983093262,439.66110348701477,891.7581367492676,390.7614290714264,834.0818023681641,758.2908940315247,917.5156402587891,669.7806358337402,626.8953323364258,868.5585880279541,738.8663864135742,751.7552947998047,565.367546081543,879.9553155899048,707.1106910705566,744.3920516967773,566.4217758178711,838.3143424987793,677.4338150024414,734.4385027885437,584.2513275146484,833.8610172271729,686.1760139465332,738.6034369468689,932.8391075134277,956.111490726471,1012.2848510742188,920.4596543312073,990.6377792358398,1312.4374437332153,992.687873840332,1317.113242149353,1050.4096984863281,1645.7450866699219,1041.423225402832,1673.1672191619873,1099.050064086914,1696.703667640686,1080.4043197631836,1727.8796482086182,942.1622657775879,1703.2319927215576,946.4663887023926,1740.0861883163452
658.3179473876953,364.40219163894653,651.672534942627,327.69158005714417,655.6836318969727,323.48721742630005,659.966926574707,318.9794969558716,650.7726287841797,329.0162479877472,653.7726974487305,325.904746055603,657.3658561706543,322.45306491851807,707.1332931518555,296.8204700946808,705.9860229492188,297.06360697746277,699.7774887084961,380.71247935295105,701.1762428283691,384.5206904411316,829.4871711730957,436.37824058532715,892.1158790588379,390.8978033065796,834.1770172119141,757.6935124397278,883.9683151245117,692.2842836380005,586.182689666748,790.6650495529175,677.0026016235352,707.4355673789978,520.2009773254395,785.9887361526489,641.4217185974121,678.3208751678467,527.2574043273926,740.4058814048767,602.4310684204102,685.8487200737,545.7460784912109,741.0057735443115,615.3011512756348,686.1247515678406,941.7616653442383,958.2701110839844,1009.3850326538086,926.0540556907654,992.6671600341797,1329.1923236846924,984.6257400512695,1336.6567611694336,1046.1689758300781,1667.3012924194336,1019.3797302246094,1687.9495811462402,1093.2006454467773,1718.9387512207031,1053.1671524047852,1739.8723411560059,941.4827156066895,1718.3700799942017,932.823314666748,1756.4541864395142
664.3609428405762,359.20873761177063,657.5214958190918,323.6472165584564,661.314697265625,319.5069372653961,665.4204368591309,315.06922245025635,656.846866607666,324.53115463256836,659.7066879272461,321.2283682823181,663.1261825561523,317.5640308856964,712.8820610046387,291.9697380065918,711.9558906555176,291.7814791202545,705.9661674499512,374.43060636520386,707.4008560180664,377.4139416217804,831.4941215515137,433.95498275756836,894.4256973266602,389.4714903831482,833.975830078125,750.3362560272217,875.7242774963379,690.0297474861145,582.7211380004883,709.7164964675903,663.4356307983398,645.6954073905945,529.3244361877441,685.1843905448914,622.5051498413086,583.4887361526489,538.4407424926758,648.043863773346,612.5211524963379,601.2834978103638,555.1836204528809,654.2263126373291,627.253303527832,609.0689635276794,939.5606803894043,957.3813128471375,1008.7218475341797,926.0675740242004,997.9167938232422,1329.2382860183716,973.9678573608398,1340.3206157684326,1043.2645797729492,1667.9269981384277,998.4817886352539,1688.7975025177002,1088.4051132202148,1715.4825639724731,1028.1597518920898,1737.8832149505615,946.7656517028809,1732.6281881332397,920.2895164489746,1765.4934453964233
664.0290069580078,359.32267785072327,657.6866912841797,323.9561104774475,661.5828323364258,319.56039905548096,665.8097076416016,314.8449468612671,656.7286491394043,324.94101762771606,659.556884765625,321.4563453197479,663.0346870422363,317.512629032135,713.6919593811035,290.8293056488037,712.3271369934082,291.270968914032,705.2922821044922,374.7277843952179,706.3598442077637,376.92567229270935,835.2617454528809,429.0821385383606,893.9645004272461,389.64272260665894,833.9835548400879,739.7141933441162,860.0808906555176,688.9130687713623,597.3987007141113,628.997175693512,655.5081939697266,568.9933490753174,552.7888298034668,594.8232793807983,619.5578956604004,534.3426418304443,560.9492683410645,563.0359482765198,616.3195610046387,518.0007469654083,575.3019905090332,570.4117441177368,627.5898170471191,532.5373649597168,938.0142974853516,954.2948198318481,1006.0878753662109,925.3062987327576,994.0366744995117,1326.6913032531738,952.6657676696777,1337.4472618103027,1041.1538314819336,1664.0030765533447,978.5459518432617,1681.9352102279663,1085.80810546875,1711.5756368637085,1007.5082015991211,1731.4983129501343,944.8844146728516,1731.8882846832275,900.1774978637695,1758.6974573135376
666.1648178100586,360.58419585227966,661.7865371704102,323.8176119327545,666.0080909729004,319.1799223423004,670.2785110473633,314.28953647613525,658.9663696289062,325.19107460975647,661.1519050598145,321.76578640937805,663.9827156066895,317.8540635108948,718.0763626098633,290.45597434043884,713.2002639770508,291.6896188259125,706.2823104858398,375.18383502960205,706.3480567932129,377.79680013656616,840.772876739502,420.6316673755646,885.193977355957,389.74095582962036,834.9611663818359,733.4375667572021,838.3354568481445,680.2077126502991,621.0700607299805,555.7601881027222,672.5314521789551,528.6076819896698,578.4939193725586,519.0991759300232,640.4500579833984,477.9980993270874,578.0658531188965,497.2089385986328,642.4029922485352,469.6266782283783,590.5228042602539,506.3570201396942,651.8530082702637,479.9620234966278,937.3221588134766,944.3281388282776,989.0145492553711,918.7607216835022,991.0535430908203,1325.6662273406982,930.5047988891602,1333.776068687439,1031.0728454589844,1662.952380180359,938.4877967834473,1684.2649984359741,1074.1941833496094,1709.5411920547485,964.830207824707,1734.259271621704,930.1219940185547,1742.5954484939575,850.5216407775879,1771.4579916000366
665.899829864502,361.81169271469116,660.7601737976074,324.01983976364136,664.9653053283691,319.0867745876312,669.3633842468262,313.83116841316223,658.6101722717285,325.7604217529297,660.611686706543,322.35917687416077,662.592830657959,318.47590684890747,716.7514801025391,289.70606088638306,711.1490249633789,292.20160961151123,705.6305122375488,376.2732517719269,702.872371673584,378.8186252117157,844.6405220031738,420.1040983200073,875.0922775268555,389.783570766449,837.4539756774902,730.608115196228,833.8704872131348,679.4441843032837,655.6086158752441,522.509046792984,695.2013397216797,501.9829058647156,635.3913688659668,480.84522128105164,668.6385154724121,463.73632192611694,652.0878410339355,458.48161697387695,661.252326965332,440.1905071735382,662.0781898498535,468.9258813858032,670.8294296264648,448.99081349372864,936.6418647766113,942.6996302604675,981.8708038330078,917.9899191856384,989.9233245849609,1321.8738842010498,932.1793556213379,1331.964225769043,1033.670310974121,1656.473364830017,950.8564567565918,1681.8302822113037,1076.0434341430664,1700.7299423217773,979.9634170532227,1732.6955223083496,938.162899017334,1736.155185699463,861.4258003234863,1765.2951765060425
665.4989433288574,368.0458331108093,660.2866744995117,326.569139957428,664.3965339660645,321.2761974334717,668.723258972168,315.7846963405609,657.9900169372559,329.5246982574463,659.3386459350586,326.399484872818,660.7638931274414,322.9067659378052,715.9905052185059,290.3089141845703,708.1079292297363,295.44848799705505,705.1483154296875,380.95722556114197,701.0044097900391,385.34913897514343,845.7656478881836,420.9143936634064,872.9236221313477,390.88544368743896,842.5125503540039,729.5528483390808,843.204345703125,676.0259771347046,680.5894660949707,519.7794055938721,707.8726387023926,502.76098251342773,661.4663314819336,476.6808342933655,681.3695526123047,461.19194626808167,678.6561012268066,453.8396465778351,663.1517601013184,444.9103045463562,690.0809669494629,462.9027557373047,672.1072769165039,457.9447138309479,936.2347412109375,942.5791239738464,987.0581817626953,916.1986756324768,988.7931060791016,1320.5507612228394,934.2875862121582,1330.4719305038452,1033.0839157104492,1655.8176612854004,955.8425331115723,1679.8923969268799,1075.6735610961914,1697.9422044754028,986.7384338378906,1731.3841152191162,936.3985061645508,1732.3909091949463,868.0916976928711,1760.943946838379
664.8391342163086,377.13082909584045,659.2619132995605,332.2626757621765,663.4191513061523,326.56875371932983,667.935848236084,320.7194995880127,656.1337852478027,335.57212471961975,657.0760917663574,332.2560775279999,658.3157730102539,328.6128866672516,714.4212913513184,292.795547246933,704.9459838867188,298.82980942726135,703.2365226745605,385.8294904232025,698.2344818115234,389.33547019958496,844.951171875,421.3009536266327,872.0353317260742,391.39196276664734,846.4991569519043,728.6231088638306,843.8357162475586,674.0642094612122,686.2471961975098,547.2724771499634,707.5006484985352,519.4319522380829,661.3556098937988,499.81594920158386,680.8245849609375,473.8585925102234,675.7352256774902,476.4525353908539,673.465747833252,458.46970796585083,686.9828224182129,485.6013572216034,682.3598670959473,471.6208577156067,935.7208442687988,939.2290234565735,978.6601638793945,914.9041986465454,989.1603469848633,1314.6144104003906,935.6999015808105,1328.4477853775024,1035.1698303222656,1649.1414070129395,959.4198417663574,1674.79727268219,1077.9256439208984,1691.1969423294067,989.3799591064453,1724.8778057098389,939.0753936767578,1729.5001745224,872.1831893920898,1759.5670080184937
662.2341728210449,387.6220214366913,656.3616371154785,340.7033622264862,660.8878898620605,334.2448818683624,665.9705543518066,327.779803276062,651.3526153564453,345.5123484134674,651.6057014465332,342.3651194572449,652.4002075195312,338.91385674476624,712.8491020202637,298.151478767395,699.3246459960938,307.26219177246094,700.6320762634277,393.6137652397156,693.2390785217285,397.7825617790222,848.7922096252441,421.9141387939453,862.7974319458008,397.30639457702637,855.1328086853027,728.0687928199768,845.9207153320312,674.1307711601257,688.9000511169434,551.5657711029053,707.6720809936523,530.8715844154358,660.8346176147461,505.256724357605,679.0627098083496,481.72378420829773,674.6028900146484,483.1402802467346,677.3266410827637,466.19630455970764,686.2516593933105,490.87424755096436,686.72607421875,478.3681797981262,942.7781867980957,939.5240449905396,973.7697601318359,915.5205702781677,997.4898147583008,1313.100357055664,935.1716995239258,1327.7555179595947,1039.0264892578125,1647.707176208496,959.5071029663086,1671.6088771820068,1081.5989685058594,1688.8791275024414,988.3229827880859,1718.8975524902344,946.8526268005371,1726.777195930481,873.7548065185547,1758.6525249481201
660.9564399719238,395.0118827819824,654.0642929077148,349.7817599773407,658.6112594604492,343.14242362976074,663.6642837524414,336.6304814815521,648.493537902832,355.0478267669678,648.7334632873535,352.0664870738983,649.6307945251465,348.6815285682678,709.5644187927246,305.57478189468384,695.4380035400391,315.3454792499542,699.557991027832,399.9093496799469,692.5746917724609,404.99491453170776,850.1181793212891,421.79949045181274,861.3095855712891,399.76698875427246,855.9661102294922,724.8702263832092,848.6384010314941,673.7624931335449,687.8995513916016,542.8279066085815,706.6064643859863,529.2960870265961,658.9167022705078,495.6552314758301,678.5928153991699,480.39573669433594,670.1963424682617,472.07430124282837,678.8587188720703,466.1133277416229,682.2259712219238,482.6238477230072,688.1772994995117,479.9198913574219,950.8627510070801,939.7578477859497,980.7539749145508,916.082353591919,1012.2016525268555,1312.8822612762451,954.2325782775879,1327.1326446533203,1055.2494049072266,1644.6914291381836,970.8539199829102,1670.8732223510742,1100.3007888793945,1684.7094297409058,999.085578918457,1718.3087968826294,956.5018272399902,1725.3828763961792,880.2053260803223,1756.0053777694702
658.0378532409668,401.98132395744324,650.4194068908691,359.46014642715454,655.3100395202637,353.36862444877625,660.5306625366211,347.25157856941223,644.6500396728516,362.7352845668793,645.2449607849121,359.29911732673645,646.651496887207,355.3811824321747,706.3044548034668,315.75347542762756,692.9873085021973,322.2527039051056,697.9858016967773,406.25627160072327,691.6020011901855,408.86959075927734,849.1156768798828,422.94970750808716,861.873664855957,399.6549153327942,856.135368347168,725.3709197044373,848.0953216552734,672.4279761314392,683.492317199707,554.8211145401001,707.2582626342773,530.0186741352081,654.1928672790527,511.650767326355,678.1670379638672,478.3453595638275,668.5663604736328,489.2292594909668,678.7386703491211,467.5349736213684,680.1555633544922,498.71729493141174,688.6684799194336,483.1454622745514,952.8143692016602,941.0166621208191,985.5295944213867,915.8139181137085,1018.8764190673828,1312.7213287353516,961.2737274169922,1328.6824893951416,1066.0863876342773,1644.6341371536255,977.7842330932617,1670.8205652236938,1110.1349258422852,1683.8161897659302,1005.3145980834961,1718.8455390930176,970.5017852783203,1726.3556814193726,889.0774726867676,1754.3009090423584
654.873046875,401.73715710639954,647.7401733398438,360.595782995224,653.0811882019043,354.8179507255554,658.6022186279297,348.981249332428,641.2084579467773,363.8815426826477,641.8069267272949,360.8514082431793,643.2666206359863,357.3337125778198,704.7687721252441,318.9756667613983,690.706901550293,326.35313630104065,695.9960746765137,407.36525774002075,689.1424369812012,409.9713349342346,850.3359603881836,424.6387588977814,858.6237144470215,401.18663907051086,856.6890335083008,725.792498588562,822.6761627197266,663.4702777862549,660.215892791748,571.5873885154724,698.4392738342285,540.9505319595337,627.5547409057617,533.7371814250946,669.3206977844238,490.6789720058441,644.9508476257324,511.65533781051636,673.5796165466309,482.35937118530273,658.7650108337402,519.8146498203278,683.6254692077637,492.8506922721863,957.7385330200195,941.1062049865723,985.5210113525391,915.763578414917,1020.1326370239258,1310.7430171966553,960.457878112793,1328.3089971542358,1066.4387512207031,1639.7777080535889,981.240234375,1665.6041622161865,1112.8241729736328,1679.864330291748,1010.9314727783203,1713.1521320343018,966.6168594360352,1722.129979133606,892.291374206543,1747.9542446136475
652.525806427002,400.4337000846863,644.9464988708496,360.24556159973145,650.4761695861816,354.74263429641724,656.140251159668,349.0975069999695,638.884334564209,363.3177959918976,639.8721313476562,360.4185962677002,641.7208671569824,356.9957220554352,702.733154296875,319.64521050453186,690.1085472106934,326.30865454673767,695.0299644470215,407.415372133255,688.7896156311035,409.8597764968872,850.0757217407227,425.3733193874359,859.1998100280762,402.8161132335663,862.9422569274902,726.913812160492,839.9077606201172,675.0075316429138,644.1967964172363,606.8793797492981,676.461009979248,568.7475085258484,598.5019683837891,567.2661566734314,643.2833290100098,527.5689589977264,610.7059478759766,540.908625125885,641.2346649169922,506.543025970459,625.3228569030762,549.843213558197,660.0210571289062,520.0238621234894,957.4339485168457,942.2749614715576,989.2742156982422,917.0021796226501,1016.6162109375,1315.7027006149292,954.8978805541992,1330.3973865509033,1062.8929138183594,1646.712613105774,974.9256134033203,1668.946795463562,1111.5464401245117,1690.3154182434082,1007.823600769043,1717.791109085083,941.6599273681641,1728.7546062469482,872.8341865539551,1752.9480457305908
650.2801895141602,399.3516218662262,643.3465576171875,359.76691603660583,648.7173843383789,353.927800655365,654.2250823974609,348.1437885761261,638.1387519836426,362.81571865081787,639.4846343994141,360.0545024871826,641.6034507751465,356.6261887550354,701.1963272094727,318.9303481578827,690.1419639587402,325.75398445129395,691.6826820373535,406.85381412506104,686.9337844848633,409.47585582733154,846.4695167541504,428.3248543739319,863.3585929870605,402.7379643917084,865.7468605041504,731.3243937492371,860.9959030151367,680.0214171409607,634.332447052002,682.2202706336975,683.7222862243652,641.9270753860474,576.7887496948242,654.7609949111938,649.9199295043945,603.4236431121826,583.6091995239258,624.0073013305664,640.2192306518555,593.6572909355164,601.8001556396484,629.866533279419,662.9220771789551,596.3543915748596,956.1969566345215,946.2366700172424,1003.505973815918,917.3421335220337,1006.5694427490234,1312.6368713378906,973.3794021606445,1329.5359468460083,1058.690299987793,1641.6349983215332,1004.0984344482422,1666.885313987732,1109.2992782592773,1687.8595876693726,1040.9859466552734,1716.2865829467773,936.8964958190918,1709.7344398498535,893.9805793762207,1739.8674488067627
649.5919418334961,391.79226636886597,643.2873916625977,352.4982690811157,648.5466957092285,347.3686408996582,653.9644432067871,342.24992394447327,638.1930541992188,354.2481207847595,639.5912933349609,351.02689504623413,641.8929862976074,347.28811025619507,701.1457443237305,316.55279517173767,690.714111328125,320.17529010772705,690.5693435668945,403.93147230148315,686.5338134765625,405.9514009952545,844.295482635498,429.1415870189667,863.931770324707,401.53547644615173,869.9807739257812,737.6084232330322,884.2806243896484,682.3839712142944,628.4845161437988,750.2807021141052,689.703483581543,680.3136706352234,568.1018257141113,742.3369431495667,661.3165855407715,662.4221563339233,573.7298583984375,701.5311455726624,646.9131088256836,652.3204207420349,590.1069831848145,701.8421316146851,666.807804107666,655.536367893219,956.0902976989746,946.6115140914917,1002.4176406860352,917.4974012374878,1007.3525619506836,1312.120599746704,975.5295181274414,1329.9138164520264,1058.0651092529297,1639.3403577804565,1008.8932800292969,1666.815791130066,1106.652717590332,1685.7889652252197,1043.924674987793,1716.2111377716064,946.6402816772461,1706.4521884918213,908.2460975646973,1739.3451261520386
649.7620010375977,386.94987058639526,643.4955596923828,348.1461703777313,648.5898399353027,343.4903597831726,653.9670753479004,338.7750041484833,639.375057220459,348.94790410995483,641.2291717529297,345.4138255119324,644.0165519714355,341.38301253318787,701.0509872436523,314.9229669570923,692.7417755126953,314.92557406425476,690.6031608581543,400.3447365760803,687.2118759155273,401.78128480911255,841.0735130310059,429.99555945396423,870.1983261108398,398.0521881580353,868.8728713989258,744.7710156440735,897.9594612121582,682.3064661026001,631.5178298950195,808.9116454124451,710.7657051086426,717.6970767974854,572.5335502624512,815.005452632904,677.0513534545898,708.5688543319702,576.8987274169922,777.4428963661194,647.7579116821289,699.3488359451294,594.1928100585938,775.4007911682129,668.818187713623,704.1697955131531,955.7090950012207,946.885871887207,1010.3697967529297,915.8690857887268,1007.0601654052734,1312.0182466506958,987.1515655517578,1329.052505493164,1057.9053497314453,1639.8906183242798,1015.9946823120117,1668.2177066802979,1105.3301239013672,1688.0118942260742,1048.879165649414,1720.6224918365479,948.7423324584961,1704.590392112732,915.1490020751953,1737.3140287399292
649.9389839172363,380.99189043045044,643.9829063415527,343.76771092414856,648.8479042053223,339.5894193649292,654.0780830383301,335.3640067577362,640.7279777526855,344.06466364860535,642.9195213317871,340.519255399704,646.0204696655273,336.59777998924255,701.0282707214355,313.4512710571289,694.2413520812988,311.2248659133911,690.5977249145508,395.4740810394287,687.6192283630371,396.74126386642456,839.6796226501465,431.54820442199707,871.9228935241699,395.3259587287903,872.2160911560059,746.7993450164795,907.1835136413574,666.0900020599365,651.5472793579102,855.9899497032166,745.0506591796875,711.382212638855,576.577033996582,883.0235910415649,714.5193672180176,704.9251484870911,584.6109008789062,849.9920582771301,682.8362846374512,699.4558882713318,600.2718544006348,841.9365477561951,694.288330078125,704.4890856742859,955.2595710754395,943.9768552780151,1013.038215637207,906.6678643226624,1009.4692611694336,1302.456922531128,1012.0979690551758,1304.8803091049194,1067.816162109375,1630.5704355239868,1057.9895782470703,1653.9341068267822,1114.2537689208984,1678.0712842941284,1094.6905517578125,1706.3329696655273,966.6999435424805,1694.6388387680054,964.214973449707,1720.5852842330933
651.1934852600098,379.1134536266327,645.0154495239258,341.92609548568726,649.5937728881836,337.8826653957367,654.6160697937012,333.830029964447,642.3942947387695,342.03755736351013,644.7334671020508,338.38422775268555,647.9763221740723,334.3877577781677,701.2328910827637,312.55931854248047,696.782112121582,308.4546375274658,691.0350608825684,394.3666398525238,688.9518356323242,395.67344427108765,834.777774810791,434.2831885814667,877.7149772644043,392.3582983016968,873.2213401794434,747.3740029335022,929.2107009887695,664.9445486068726,685.7275199890137,904.8663854598999,843.7419891357422,822.9719996452332,625.6849479675293,947.4804210662842,832.6823616027832,854.0951299667358,613.2257080078125,915.9697651863098,806.2621879577637,844.9750185012817,628.4517288208008,904.7173619270325,804.1430854797363,835.6553506851196,947.7413177490234,944.1518211364746,1011.6683578491211,906.8735361099243,991.8499374389648,1306.7544651031494,1006.0820388793945,1305.4192399978638,1049.8284530639648,1643.22114944458,1042.9270935058594,1668.0831670761108,1100.2228546142578,1693.8500118255615,1078.5654830932617,1725.9548950195312,930.4961013793945,1710.4149913787842,955.433406829834,1732.8684282302856
652.8267288208008,379.2540442943573,646.3099479675293,341.68588757514954,650.7242202758789,337.6218259334564,655.6301879882812,333.5518741607666,643.538646697998,341.8945848941803,645.6406402587891,338.25464487075806,648.6514663696289,334.2618763446808,701.4049530029297,312.38988876342773,697.0228958129883,308.20680141448975,692.0940399169922,394.5708954334259,690.0874900817871,395.938435792923,832.7760887145996,437.9173672199249,878.4420204162598,392.33914732933044,871.2807655334473,752.32177734375,946.9071006774902,670.1352024078369,715.5729103088379,947.7756357192993,864.7094535827637,875.1892018318176,667.2095489501953,987.7203798294067,851.6956901550293,920.4483246803284,652.9487800598145,968.8229727745056,825.7059288024902,914.2884707450867,667.9155349731445,957.0988440513611,826.4989471435547,900.0859808921814,933.409595489502,945.168206691742,1008.2291793823242,907.2887420654297,973.8067245483398,1307.3899555206299,1004.1923904418945,1307.1896266937256,1035.9916305541992,1643.7393522262573,1043.7366485595703,1668.2300662994385,1090.5198669433594,1696.2444305419922,1080.3310775756836,1727.0337867736816,914.9893569946289,1710.491852760315,949.5645904541016,1732.8600597381592
653.2860374450684,379.3716859817505,646.3968086242676,341.5938663482666,650.8077049255371,337.46906876564026,655.7144165039062,333.31214904785156,643.5772705078125,341.92773699760437,645.6496810913086,338.3229124546051,648.6483764648438,334.35467004776,701.3138008117676,311.7456114292145,696.7041778564453,308.20831418037415,692.3903274536133,394.5914304256439,690.2881050109863,395.9627687931061,831.346435546875,438.5923182964325,876.5167236328125,393.00495743751526,870.1769256591797,751.9483494758606,935.0896453857422,670.1816153526306,764.0192413330078,966.266462802887,871.717414855957,887.0922875404358,721.442699432373,1014.0907859802246,862.760009765625,951.3950729370117,706.472282409668,1006.1085319519043,834.9240303039551,946.5793919563293,723.8595199584961,992.1757006645203,838.641414642334,930.2811741828918,933.2788467407227,944.9779844284058,1010.6302642822266,905.537281036377,937.4917602539062,1229.329433441162,1026.0738372802734,1220.3819704055786,1025.4539108276367,1525.9651851654053,1045.964469909668,1523.2196760177612,1087.6002502441406,1565.345377922058,1079.6066665649414,1573.0458068847656,911.3469886779785,1613.044753074646,942.9250717163086,1601.4976501464844
654.3982315063477,382.71917939186096,646.4046478271484,344.5736610889435,650.7895660400391,340.4129755496979,655.620288848877,336.0372519493103,643.7684440612793,344.65985655784607,645.912036895752,340.9743082523346,648.9798545837402,336.74657821655273,699.6727180480957,312.5156092643738,696.5714836120605,308.90499114990234,692.8116989135742,396.7519176006317,691.4447021484375,397.68226861953735,825.0464057922363,442.3776125907898,883.4896087646484,392.82004594802856,868.3523941040039,751.1729121208191,983.638801574707,670.5487990379333,799.7583389282227,984.0206050872803,926.7181777954102,910.5811643600464,773.5781478881836,1039.173345565796,917.8289794921875,969.0574836730957,754.4291496276855,1041.7427945137024,890.3005027770996,970.1589059829712,766.3839340209961,1023.7491846084595,892.518196105957,952.2314071655273,933.7228202819824,946.9713592529297,1010.0455856323242,915.3738641738892,939.8637199401855,1249.356780052185,1022.1449661254883,1244.0051937103271,1021.9586563110352,1555.7205820083618,1050.992660522461,1559.2657327651978,1084.6263885498047,1602.345314025879,1086.0666275024414,1616.5819215774536,904.1541481018066,1624.9350929260254,943.9679145812988,1617.6429176330566
654.0098762512207,388.7826347351074,644.491024017334,349.8195147514343,648.7584114074707,345.28234362602234,653.5198974609375,340.3297734260559,641.7043304443359,350.3496587276459,643.6923408508301,346.75548791885376,646.5380859375,342.39315390586853,696.287899017334,313.7091815471649,692.8373908996582,311.1747193336487,692.3931312561035,400.8293688297272,690.8648872375488,401.97527289390564,824.2576789855957,446.54216051101685,882.0692253112793,394.07857060432434,867.7766990661621,750.7651090621948,971.982307434082,671.4692687988281,829.0146446228027,1003.7448191642761,919.9416160583496,919.6414732933044,806.3468170166016,1070.216782093048,920.2921485900879,984.9951481819153,788.4792137145996,1071.94970369339,897.3785591125488,989.5647954940796,796.4566612243652,1047.4445700645447,900.5389595031738,968.244903087616,934.2106246948242,949.590117931366,984.3945693969727,919.8279619216919,935.8222389221191,1250.7697677612305,992.1318054199219,1242.647180557251,1003.5962677001953,1552.5684928894043,1019.7920608520508,1544.304027557373,1062.8150939941406,1595.4132413864136,1057.588119506836,1599.0352535247803,885.4213714599609,1633.5291481018066,902.1992683410645,1608.8614082336426
648.0571746826172,390.5332911014557,638.0333518981934,351.3644027709961,642.8879928588867,346.7301893234253,648.127269744873,341.62647128105164,634.4965553283691,352.0282816886902,636.5298843383789,348.4804916381836,639.4470405578613,344.0943717956543,691.7843055725098,314.8094129562378,687.6660346984863,312.6741600036621,687.6729583740234,402.3596441745758,684.3535995483398,403.48958373069763,821.5499496459961,447.98450231552124,883.3389472961426,393.5128605365753,867.4758911132812,748.5001444816589,982.9371643066406,671.500232219696,860.0000381469727,1005.7694149017334,941.3042449951172,921.6946506500244,846.6971397399902,1078.0480813980103,930.4726982116699,1001.4921498298645,825.2103424072266,1085.1119899749756,908.7423133850098,1009.9886155128479,829.7546768188477,1058.8987827301025,913.7944793701172,985.7810139656067,945.2194976806641,948.8386273384094,985.3815078735352,919.6445631980896,930.6467056274414,1255.3200387954712,988.0928421020508,1252.267599105835,989.4683074951172,1563.2124423980713,1001.4419174194336,1566.7584943771362,1045.3847122192383,1608.2879734039307,1037.2992324829102,1622.2261476516724,869.084415435791,1648.1962823867798,878.4848213195801,1633.2214450836182
643.6138343811035,392.4326813220978,632.8840255737305,353.3104956150055,637.5710105895996,348.807989358902,642.6166534423828,343.7300205230713,629.4232177734375,353.73178482055664,631.4777183532715,350.1730191707611,634.3744468688965,345.7096195220947,686.0183715820312,316.7548942565918,682.9443168640137,314.3171203136444,682.7658462524414,404.2641842365265,679.3860626220703,405.0954329967499,815.5065536499023,449.5995569229126,883.066349029541,393.52309584617615,865.9695625305176,748.1441617012024,986.6984939575195,667.522623538971,870.9645652770996,992.0767593383789,942.7590751647949,917.2865796089172,856.9927597045898,1067.514660358429,958.165225982666,991.2535572052002,840.3361129760742,1074.98952627182,930.4971885681152,988.3025693893433,845.6529808044434,1048.5293197631836,926.2120628356934,975.8932542800903,945.2762031555176,943.1503057479858,979.4474029541016,916.0333013534546,955.9893608093262,1260.216121673584,989.7223663330078,1254.784197807312,1012.1197128295898,1571.3840818405151,1017.2745895385742,1573.4504556655884,1064.6429443359375,1617.2655630111694,1052.409439086914,1627.8002071380615,900.1202201843262,1649.9906158447266,919.94384765625,1642.8284740447998
643.4844589233398,397.0148813724518,632.1099472045898,356.9534933567047,636.7474937438965,352.1144771575928,641.7236137390137,346.6386830806732,628.4482383728027,358.07709217071533,630.3748512268066,354.7493612766266,633.0847549438477,350.43678760528564,684.9958419799805,318.2463848590851,681.1288261413574,317.81115889549255,682.6127815246582,407.4039137363434,679.3210029602051,408.68152499198914,814.1400146484375,450.9066832065582,881.0469245910645,394.3302047252655,858.5444068908691,747.0783376693726,985.1422119140625,664.5711207389832,858.7104034423828,990.0989627838135,922.7460479736328,908.0345034599304,846.8917465209961,1054.411597251892,926.3613510131836,956.2009048461914,832.0941925048828,1059.7299671173096,908.3802223205566,968.8475632667542,837.5308799743652,1035.4005074501038,904.8432540893555,951.6920900344849,944.8064804077148,943.1914401054382,971.0294723510742,917.3477339744568,951.9157218933105,1261.4720392227173,958.4065818786621,1258.2784938812256,1006.8122863769531,1572.9993295669556,1007.2031021118164,1579.113736152649,1058.95751953125,1618.0711269378662,1043.6124801635742,1632.5354862213135,894.0722465515137,1660.5785608291626,919.7188568115234,1647.0948600769043
643.6663627624512,397.9073166847229,632.5173568725586,357.23255038261414,637.1492958068848,352.3626673221588,642.0815277099609,346.9398522377014,628.8345336914062,358.62358689308167,630.7932472229004,355.3728783130646,633.5294151306152,351.18547797203064,685.026741027832,318.53976488113403,681.5281105041504,318.0552291870117,682.6709747314453,408.40407729148865,679.6239852905273,410.0563716888428,808.3395195007324,453.9883804321289,881.0684967041016,394.1602599620819,850.5679321289062,747.3584246635437,1004.7783279418945,661.6162061691284,835.4981803894043,978.8437914848328,937.1071815490723,905.4434251785278,822.2089004516602,1043.5147905349731,929.2595100402832,961.4334654808044,804.3268203735352,1046.9816637039185,905.2055740356445,972.0629954338074,810.0469779968262,1021.3909435272217,905.2204513549805,953.7211275100708,930.4780197143555,947.6441216468811,979.3203735351562,928.7564992904663,941.0680961608887,1274.7521924972534,959.1463279724121,1272.788429260254,998.9122009277344,1598.2190036773682,1007.2275924682617,1599.0951204299927,1053.3576965332031,1652.925124168396,1044.133415222168,1656.0985851287842,868.3069038391113,1670.490460395813,913.6749458312988,1659.0451955795288
643.8932418823242,393.6310815811157,632.8282928466797,353.30164432525635,637.3283958435059,348.58970046043396,642.1644401550293,343.5510313510895,629.1359710693359,354.65779066085815,630.9718894958496,351.3028299808502,633.6159324645996,347.26908802986145,685.2711296081543,317.49772667884827,681.8904304504395,316.3449990749359,682.8391456604004,406.24117612838745,679.9202156066895,408.6912775039673,809.3803024291992,454.0088188648224,880.5974578857422,393.4240257740021,848.9603805541992,755.6126546859741,994.9742889404297,661.8359756469727,790.7490921020508,985.4974508285522,926.5841102600098,892.1416425704956,770.6620216369629,1043.0695867538452,928.4758186340332,942.2057604789734,746.000919342041,1035.9382152557373,893.2890129089355,950.463080406189,754.5015335083008,1013.6129450798035,898.4268379211426,935.5909824371338,925.4348373413086,947.6699352264404,984.3376922607422,921.7986130714417,931.4921379089355,1265.0707483291626,957.5542831420898,1265.3774213790894,996.122932434082,1576.2867307662964,1013.104362487793,1580.5816984176636,1051.9587707519531,1636.9358968734741,1051.197853088379,1639.587163925171,868.7880706787109,1621.0621547698975,926.0427474975586,1629.3622827529907
645.1667976379395,384.1190028190613,636.0853958129883,343.63117575645447,640.8588981628418,338.8047766685486,646.1032104492188,333.65342259407043,631.607780456543,345.6380367279053,633.1207466125488,342.4533426761627,635.3910255432129,338.834388256073,689.6224021911621,310.2204215526581,683.9217567443848,310.6408417224884,684.1814231872559,398.56369614601135,680.8690452575684,402.66496539115906,812.6483345031738,450.51777362823486,875.3022193908691,393.20679903030396,849.2548370361328,755.5357933044434,936.950855255127,661.3751935958862,739.2925071716309,980.5487108230591,838.8485527038574,850.2053904533386,702.2896957397461,1038.58407497406,821.773509979248,924.4160842895508,679.8583602905273,993.1314468383789,792.066707611084,913.6184120178223,691.435375213623,974.4718337059021,803.9257621765137,899.7050857543945,927.8850173950195,947.8177356719971,1005.7207489013672,916.7872381210327,934.5526313781738,1243.0650901794434,984.4961929321289,1249.4989156723022,1001.3985443115234,1542.5690460205078,1060.5207824707031,1568.020977973938,1059.422378540039,1601.7618370056152,1098.6542129516602,1630.5668306350708,875.1007461547852,1585.689697265625,976.5401458740234,1616.0780096054077
645.3338241577148,366.06127738952637,638.7443733215332,328.7070965766907,643.8771629333496,324.30285573005676,649.6349143981934,319.5199728012085,634.2648124694824,330.5324900150299,635.8846092224121,327.64651894569397,638.2944488525391,324.20507311820984,695.2813339233398,299.215532541275,688.7065315246582,299.87918615341187,684.9508666992188,381.96385860443115,681.3951873779297,385.310515165329,818.5378074645996,438.94646644592285,874.7586822509766,390.95332503318787,854.124870300293,753.5312819480896,920.5791091918945,652.2816038131714,686.3484764099121,914.5937919616699,775.759334564209,747.8401279449463,624.5138740539551,957.3023271560669,746.363525390625,764.3769121170044,619.3366241455078,908.906500339508,718.7968826293945,755.6937646865845,638.4353256225586,896.0851335525513,729.8813438415527,753.1658363342285,932.6653861999512,946.6525840759277,1004.7357559204102,910.0318050384521,984.9348449707031,1255.783395767212,1001.4983367919922,1255.4830312728882,1054.9378967285156,1563.785104751587,1069.2134857177734,1583.2857513427734,1106.4649200439453,1617.31538772583,1108.370475769043,1637.801456451416,943.2900810241699,1601.6236925125122,972.9751968383789,1646.2165546417236
650.5890083312988,353.7793242931366,645.4190254211426,318.159384727478,650.1642036437988,313.74783754348755,655.286922454834,309.1712701320648,642.7775001525879,319.58457112312317,645.3168296813965,316.37506127357483,648.4690475463867,312.7501845359802,701.0354232788086,288.40430974960327,697.0195198059082,287.36252903938293,690.9467124938965,370.24333477020264,689.7316360473633,372.80396461486816,824.3680000305176,433.40102076530457,877.2983551025391,386.06969833374023,853.2410430908203,751.5438294410706,885.2626419067383,653.2429504394531,627.560863494873,844.9551272392273,723.6569595336914,712.7754378318787,565.0484848022461,856.496114730835,692.5046539306641,707.2662663459778,569.2670631408691,812.0057988166809,669.1152191162109,696.431257724762,588.9315605163574,806.4737749099731,678.1327629089355,700.903959274292,938.0072021484375,944.8183393478394,999.4236373901367,908.5856008529663,985.8388137817383,1297.1398401260376,981.9081115722656,1296.8927764892578,1047.8497695922852,1624.791669845581,1024.7637176513672,1645.9675598144531,1104.4606018066406,1676.0838317871094,1062.5374603271484,1698.3100318908691,936.4851951599121,1677.4391412734985,921.082592010498,1718.2526636123657
655.1853561401367,348.050479888916,651.6516494750977,312.4875748157501,656.1369895935059,307.87856340408325,660.9066581726074,303.2010269165039,650.0533103942871,314.04810547828674,653.0700302124023,310.67431569099426,656.6222190856934,306.91625118255615,709.0965843200684,281.7837703227997,706.3360404968262,280.5710470676422,695.0691032409668,363.53524804115295,695.0562286376953,366.4041602611542,834.2372703552246,430.29141783714294,883.4973907470703,386.2651026248932,849.7598648071289,750.0375652313232,868.9790153503418,670.6497359275818,578.9883041381836,761.4289498329163,663.5477256774902,693.0146598815918,522.2908973693848,753.1446576118469,630.5978393554688,649.551157951355,532.529354095459,709.7355508804321,607.7129745483398,666.7778921127319,550.3159332275391,711.3303923606873,619.4638252258301,666.4486885070801,938.5408973693848,953.464343547821,986.3064193725586,923.7599301338196,988.7267303466797,1315.7608938217163,959.8834419250488,1324.2216968536377,1043.9960861206055,1641.9381952285767,1004.6088409423828,1661.4693546295166,1099.892921447754,1688.643136024475,1039.830665588379,1708.7902164459229,938.9993476867676,1701.2568998336792,916.8876457214355,1737.9738521575928
657.6879501342773,342.8222644329071,655.6796836853027,306.6372585296631,660.2311134338379,302.1017611026764,665.1486396789551,297.4377429485321,654.6237373352051,307.8232991695404,658.1411933898926,304.22568440437317,662.2957992553711,300.1507759094238,717.5375175476074,275.0565969944,715.2207183837891,273.01613330841064,697.2260856628418,358.1824064254761,697.7553176879883,360.3073275089264,844.5480537414551,429.29147958755493,888.1100463867188,386.321622133255,848.052921295166,742.7473211288452,870.750560760498,671.858081817627,590.9762763977051,692.0245385169983,681.8588447570801,588.9826512336731,529.368896484375,662.7043676376343,644.3835639953613,539.9417746067047,539.5552253723145,628.9876484870911,622.2930908203125,525.2835559844971,558.5216331481934,636.2993288040161,637.4214363098145,543.8361167907715,934.5871353149414,954.2620539665222,977.7787399291992,927.4790167808533,985.6523895263672,1315.484218597412,947.8451156616211,1324.6424388885498,1034.4830703735352,1642.2492456436157,986.4234924316406,1656.179437637329,1080.2038192749023,1691.072702407837,1017.8564071655273,1703.7519979476929,935.6019401550293,1698.258147239685,908.5239028930664,1727.9081010818481
661.8407249450684,342.8385829925537,659.9569129943848,306.853905916214,664.4839096069336,302.4212121963501,669.2971229553223,297.7894127368927,658.4010887145996,308.1512153148651,661.5682411193848,304.8286986351013,665.3970336914062,300.95022439956665,720.9240531921387,275.2076804637909,718.8988494873047,273.49584102630615,700.1268196105957,358.40375304222107,700.5226707458496,360.716096162796,843.8501930236816,425.8946764469147,894.2883682250977,386.4276123046875,840.5060005187988,735.7911729812622,864.5269775390625,671.6310381889343,598.7650108337402,611.8594694137573,680.5756187438965,548.2193398475647,550.5086517333984,581.0527324676514,645.1047706604004,504.1670501232147,562.2298622131348,547.3180532455444,636.9320297241211,500.4436182975769,578.6354827880859,554.0081477165222,647.4114418029785,509.48834896087646,932.9162979125977,954.1266775131226,976.640739440918,927.1538686752319,983.030891418457,1312.7562189102173,936.5925979614258,1324.3419456481934,1031.224136352539,1640.3736734390259,967.5124740600586,1655.7208442687988,1075.341453552246,1689.4390439987183,998.4049987792969,1704.1645002365112,932.0821380615234,1700.69402217865,884.4610977172852,1727.0922374725342
665.8895301818848,345.69915890693665,664.0459442138672,308.60762000083923,668.9824676513672,304.0729594230652,674.0952301025391,299.3067491054535,660.5533218383789,310.1309108734131,662.8498077392578,306.8950080871582,665.8458709716797,303.0903697013855,724.7578811645508,275.33642649650574,718.700065612793,274.90705847740173,703.4003448486328,360.9202551841736,702.6213455200195,363.5209572315216,848.3997344970703,416.71215534210205,885.2495384216309,387.50746965408325,839.2292976379395,728.4144115447998,834.7495079040527,672.6592040061951,619.7099876403809,552.2259163856506,685.2860069274902,525.4274940490723,577.0595741271973,516.6679680347443,653.6904716491699,472.99161672592163,584.4301986694336,492.6710915565491,649.1577529907227,465.44275403022766,599.5965957641602,500.5390512943268,663.1994819641113,471.53971552848816,933.0554008483887,946.8836832046509,975.3947067260742,924.1171360015869,996.0264587402344,1309.8562145233154,931.9029808044434,1324.5255374908447,1038.061866760254,1643.4872674942017,961.9068145751953,1665.4908657073975,1080.9242248535156,1690.0904989242554,990.2707672119141,1713.6381483078003,943.681468963623,1714.6251153945923,881.8090438842773,1746.0181617736816
670.2700424194336,346.7924702167511,668.0994987487793,310.04841685295105,673.4456634521484,305.1664960384369,678.7711715698242,300.0607180595398,662.5257682800293,311.81597113609314,663.9859199523926,308.5748863220215,666.2266731262207,304.76638555526733,727.4153709411621,275.2111566066742,717.7717781066895,276.34721159935,708.6871147155762,362.5922155380249,705.3232955932617,364.04929876327515,853.5414505004883,416.0063374042511,879.6694564819336,391.4579129219055,835.8185577392578,727.5200128555298,816.4023399353027,666.445791721344,631.8650436401367,506.11974120140076,695.3010749816895,488.35848569869995,627.3488616943359,460.8097314834595,674.567699432373,442.44842290878296,646.6602516174316,434.4053041934967,667.6518630981445,422.0771634578705,656.5368461608887,454.2535972595215,680.0137710571289,441.397340297699,928.8898086547852,945.3513479232788,971.7731094360352,923.9673399925232,980.9905242919922,1309.1734743118286,914.0317726135254,1326.3004302978516,1016.6996383666992,1645.1569747924805,935.6657981872559,1668.8723802566528,1058.053321838379,1693.6919116973877,962.9926300048828,1719.4829607009888,916.4875030517578,1715.0269317626953,850.2193450927734,1745.038275718689
669.6467971801758,347.53369331359863,666.9849014282227,311.0028111934662,672.2179412841797,305.9780788421631,677.5136947631836,300.71455478668213,661.7654228210449,312.9154944419861,663.3808135986328,309.6266770362854,665.7854461669922,305.7865369319916,725.8423233032227,275.00039935112,717.5224113464355,277.353458404541,708.226318359375,362.8796088695526,704.9521064758301,364.50454473495483,858.1249237060547,415.0847089290619,875.6789016723633,391.07173919677734,835.9871292114258,726.1477732658386,828.024845123291,664.5735025405884,679.1071128845215,505.6082332134247,704.5579719543457,486.3760221004486,669.005126953125,460.4689085483551,685.2485275268555,439.9849319458008,686.3400077819824,436.92582964897156,682.8853225708008,422.45957136154175,696.4136123657227,450.971120595932,694.1006469726562,439.48533296585083,928.9800453186035,941.8495845794678,972.2190856933594,922.9933762550354,981.0615921020508,1308.423399925232,919.4692039489746,1323.1909561157227,1016.9271469116211,1642.920527458191,936.7868041992188,1663.3872842788696,1059.1273498535156,1692.8864765167236,964.1138076782227,1714.2999029159546,914.7208213806152,1710.7073736190796,844.9966621398926,1737.5124263763428
669.2278289794922,352.864648103714,666.2140274047852,313.38046073913574,671.389217376709,307.5817394256592,676.7107772827148,301.63315773010254,661.4069938659668,316.7521905899048,663.2288932800293,313.3748924732208,665.2053451538086,309.44485545158386,724.8022270202637,275.5555522441864,716.6082572937012,280.50432443618774,708.2091522216797,367.12974071502686,704.5886421203613,370.73437213897705,860.3056526184082,415.58823466300964,875.610523223877,393.400593996048,837.7920341491699,726.1287188529968,833.543815612793,668.3474349975586,692.4285507202148,515.8054661750793,712.0046424865723,499.1899859905243,677.4343872070312,469.76565957069397,691.8144607543945,450.7833766937256,693.5886383056641,449.13986921310425,688.9077758789062,437.86973118782043,704.2177391052246,460.8725917339325,698.7205696105957,449.65131282806396,928.9487457275391,941.5978217124939,972.7355575561523,922.834632396698,980.5318450927734,1307.4366903305054,924.0620613098145,1322.8229999542236,1017.2325897216797,1640.4287767410278,944.8198127746582,1662.1031713485718,1059.796142578125,1690.0244522094727,973.8103866577148,1713.8631963729858,912.9226112365723,1709.1150426864624,850.3366470336914,1735.4503011703491
668.9052200317383,362.24427938461304,665.7719993591309,319.7624337673187,670.8762359619141,313.4479880332947,676.1590576171875,307.0584189891815,661.3104057312012,323.93969535827637,663.0785179138184,320.7054018974304,665.0058174133301,316.98126196861267,724.2961692810059,279.1048550605774,715.4007911682129,285.965473651886,707.9972076416016,372.6667535305023,704.3639945983887,377.01592326164246,864.1429710388184,416.2107217311859,875.013256072998,394.16837096214294,839.6748733520508,726.5519714355469,814.8912620544434,661.8118357658386,692.1211624145508,507.94098258018494,704.912052154541,496.6147756576538,671.5991020202637,457.71799206733704,685.3403663635254,439.0857696533203,682.9547309875488,432.769296169281,689.7819900512695,432.2874641418457,694.6497917175293,448.50907802581787,698.6736488342285,443.7003171443939,930.9606170654297,941.5457439422607,972.1181488037109,921.7917251586914,980.3069686889648,1308.2273197174072,925.2910423278809,1324.673080444336,1015.8488845825195,1641.6295909881592,941.6428756713867,1665.2931118011475,1057.8144836425781,1689.2952346801758,969.4377136230469,1716.9588947296143,912.696361541748,1716.8988990783691,850.5939102172852,1741.082682609558
668.646183013916,362.6360213756561,665.3366088867188,321.6964566707611,670.488395690918,315.74394822120667,675.8907508850098,309.65789794921875,660.8252334594727,325.3352701663971,662.5657081604004,322.13213324546814,664.5582389831543,318.43795895576477,723.728084564209,281.69902324676514,714.8077583312988,288.05296182632446,707.8423118591309,372.8078269958496,704.8445320129395,377.14051723480225,866.4141082763672,416.66786670684814,876.4175033569336,393.50800037384033,840.4290390014648,726.5834498405457,821.7124557495117,658.2341122627258,660.7803726196289,542.483446598053,688.5883140563965,512.8880488872528,629.4148063659668,500.65672516822815,664.5821571350098,465.28658509254456,644.1662979125977,478.60613465309143,670.3813934326172,452.3345732688904,658.2516288757324,489.8855745792389,681.650333404541,470.1284658908844,934.3338775634766,940.7660579681396,972.2446060180664,919.6578240394592,978.3833312988281,1308.8840532302856,924.7436714172363,1323.5034227371216,1008.0166625976562,1641.748423576355,934.0602493286133,1664.271125793457,1048.9684295654297,1689.191722869873,961.3070297241211,1716.4323234558105,902.7339935302734,1717.2965955734253,841.5326499938965,1739.8008871078491
668.4650802612305,362.5403952598572,665.1222038269043,321.8834602832794,670.2378273010254,315.94411611557007,675.6219863891602,309.87618684768677,660.6025886535645,325.51779985427856,662.3110771179199,322.3367750644684,664.2901039123535,318.65174174308777,723.2609367370605,282.4943518638611,714.4500732421875,288.66244554519653,708.1469535827637,372.91690707206726,705.1662254333496,377.2335362434387,865.5737686157227,419.7154140472412,876.4682579040527,393.55409145355225,849.0420341491699,726.6666841506958,827.1493721008301,661.2799859046936,624.1791915893555,555.366096496582,661.5634918212891,545.3333687782288,574.8068046569824,524.7433376312256,612.8830146789551,526.3720071315765,583.7883567810059,482.22673058509827,620.046329498291,489.75998282432556,600.2859878540039,500.3547513484955,632.6059341430664,484.72556233406067,938.1314849853516,941.6611647605896,972.4318313598633,920.3287839889526,982.0194625854492,1308.448247909546,932.1982955932617,1322.8518390655518,1019.6515274047852,1638.450722694397,952.6055145263672,1663.1439542770386,1067.3926162719727,1687.3476934432983,986.3071060180664,1714.9705410003662,903.7387275695801,1712.6822090148926,843.7621879577637,1738.504285812378
670.0142097473145,361.93644762039185,665.7222747802734,321.51843309402466,670.6072998046875,315.8202624320984,675.8794212341309,309.89392161369324,662.0358467102051,324.7146499156952,664.0536689758301,321.6006052494049,666.5453910827637,318.0053722858429,723.6675453186035,282.6063287258148,717.1977424621582,288.6481547355652,710.518913269043,373.000431060791,708.8147163391113,377.30138540267944,864.572639465332,421.02994322776794,878.1561470031738,394.12739753723145,858.2612800598145,731.2009906768799,845.1460075378418,676.1824035644531,610.3890037536621,679.1381549835205,657.7981567382812,631.9311046600342,550.466423034668,674.3762898445129,616.3140678405762,601.5969944000244,555.9058570861816,625.9935307502747,605.5698394775391,593.8806009292603,574.8430252075195,626.8963623046875,620.2291488647461,594.466073513031,941.8018913269043,949.1962194442749,972.3518371582031,928.7557911872864,985.3230285644531,1315.2159118652344,929.5410346984863,1328.0306482315063,1020.9800720214844,1647.3872423171997,953.4737205505371,1667.3794412612915,1067.4002838134766,1697.412028312683,986.7696762084961,1717.2355699539185,914.7347259521484,1713.3358526229858,848.3377647399902,1744.3245077133179
669.9066352844238,357.02388525009155,665.687427520752,317.870671749115,670.5595779418945,312.83300042152405,675.8608818054199,307.4234139919281,662.1796417236328,320.148800611496,664.3637466430664,317.05448627471924,667.0817184448242,313.4695529937744,725.0378608703613,281.53693199157715,719.4219589233398,285.8102059364319,711.0436248779297,371.9777047634125,709.544677734375,375.8586895465851,864.6984100341797,422.2971260547638,877.5651741027832,395.0249183177948,859.7615432739258,736.2611603736877,847.5575065612793,698.8908863067627,612.0360374450684,761.7981290817261,660.3201484680176,716.7722296714783,543.8153457641602,772.6559257507324,623.1436729431152,678.6833596229553,547.9343032836914,730.6518244743347,587.2247886657715,692.0038104057312,568.7454414367676,724.2631244659424,612.2654342651367,683.7972164154053,946.0589790344238,952.9701519012451,929.4173812866211,945.917444229126,986.2361526489258,1324.778265953064,929.0353775024414,1335.8548021316528,1025.2898025512695,1660.321969985962,956.5750122070312,1677.3890590667725,1071.222267150879,1715.0286054611206,990.0591659545898,1728.7992811203003,921.9474220275879,1715.3366947174072,856.1072731018066,1751.0097742080688
672.051887512207,345.6133818626404,668.9934539794922,308.02082777023315,674.2846870422363,303.2241368293762,680.1224899291992,298.10831665992737,665.3810691833496,310.25267243385315,667.6556968688965,307.4125349521637,670.5223274230957,304.19999957084656,729.8215484619141,275.0412118434906,722.9898834228516,279.34757351875305,714.3026161193848,363.3139657974243,712.2640228271484,367.1213400363922,866.3172340393066,420.85410833358765,878.950252532959,395.0900638103485,862.1418571472168,736.3724613189697,863.5836982727051,695.9268951416016,618.1484985351562,838.8132977485657,689.3451118469238,754.4251012802124,559.1808128356934,872.2357678413391,662.3530769348145,730.9060978889465,557.4801063537598,831.1330819129944,616.9856643676758,720.6156849861145,578.9768600463867,817.9084181785583,614.0704536437988,742.5135183334351,940.3394508361816,952.8549885749817,937.4803733825684,938.9043259620667,966.3256072998047,1323.692421913147,929.3359565734863,1329.0617752075195,1001.8684387207031,1657.4284029006958,956.9154167175293,1677.0809698104858,1047.0687103271484,1710.9873962402344,990.2027893066406,1726.8588209152222,890.533561706543,1714.641079902649,855.4055213928223,1750.2088451385498
682.404613494873,337.2591483592987,678.3901977539062,299.4048857688904,683.4678268432617,294.9275493621826,688.7252998352051,290.24055004119873,675.0371360778809,301.12895607948303,677.5888252258301,298.08533549308777,680.6252861022949,294.70069885253906,736.7926025390625,269.54589664936066,731.7838668823242,271.389684677124,724.4773292541504,356.65316104888916,722.4037742614746,359.73849534988403,865.8485984802246,421.08707427978516,898.0813980102539,391.0527169704437,855.4636573791504,737.2655725479126,906.6125106811523,683.1537437438965,637.306022644043,905.4140067100525,810.2386665344238,831.5615487098694,590.5459785461426,969.8654937744141,786.0593605041504,871.4332938194275,560.7927703857422,949.5597982406616,764.5116806030273,860.1754832267761,587.1260833740234,926.8896174430847,767.3262977600098,847.9021883010864,921.5586090087891,953.9524841308594,947.629280090332,937.278778553009,944.0692520141602,1323.3869075775146,945.574951171875,1325.8339834213257,1003.7720489501953,1657.2624492645264,1001.7227554321289,1679.1454124450684,1048.4111022949219,1708.7577724456787,1042.3821258544922,1733.927493095398,893.3969879150391,1732.142300605774,898.216495513916,1760.0150442123413
690.611400604248,332.73884296417236,686.9249153137207,294.6157908439636,691.9092750549316,290.1623046398163,697.0911598205566,285.41836738586426,683.2630348205566,296.11989855766296,685.6697273254395,292.9178237915039,688.5853958129883,289.27939653396606,746.0964775085449,264.9780035018921,740.1646041870117,265.5909472703934,731.8915557861328,352.41490602493286,728.8712310791016,354.9620819091797,865.6153678894043,421.35905027389526,902.5832176208496,389.48320627212524,848.7547874450684,739.9759340286255,941.9005966186523,682.5799226760864,680.0630950927734,967.3479294776917,852.7151870727539,878.9585638046265,652.0981979370117,1029.9445724487305,850.8747482299805,948.4100961685181,628.2639312744141,1026.5782499313354,819.4899559020996,923.1747150421143,636.6877555847168,1011.0302996635437,820.9309959411621,906.1125183105469,903.4140586853027,954.2048263549805,948.8295364379883,936.1240553855896,930.0817680358887,1325.209436416626,943.6644744873047,1325.1874208450317,983.5870742797852,1659.905219078064,999.7323989868164,1678.5383749008179,1032.7948379516602,1711.689190864563,1040.8220672607422,1734.915747642517,870.5709457397461,1733.4355545043945,890.8077621459961,1757.3135662078857
691.8740272521973,327.4157738685608,689.088306427002,288.5358238220215,694.1693115234375,284.4469141960144,699.5197677612305,280.0389075279236,685.5654716491699,289.42484736442566,688.1597900390625,286.15675806999207,691.3252830505371,282.40551710128784,749.7214508056641,261.30755066871643,744.1416549682617,260.2593970298767,732.180061340332,348.43340277671814,729.2084312438965,350.13655185699463,862.525749206543,421.336133480072,913.8809394836426,382.0501506328583,848.7616539001465,739.7687816619873,986.0451507568359,675.2171945571899,736.3198471069336,975.5140328407288,911.3178062438965,852.0718860626221,723.0163192749023,1036.6515970230103,901.7018508911133,897.110595703125,704.3734359741211,1039.3212747573853,872.3641777038574,889.7266888618469,710.2071762084961,1022.6907634735107,873.1630325317383,877.1980905532837,894.2304039001465,951.9473934173584,957.5931358337402,923.176646232605,883.0694389343262,1265.2601337432861,949.4966697692871,1259.7934484481812,938.1892776489258,1584.0547513961792,997.1744155883789,1587.2829294204712,990.4349899291992,1644.486722946167,1035.8868026733398,1654.073281288147,819.074878692627,1621.5619468688965,883.3761405944824,1622.578010559082
692.6832389831543,325.25065183639526,690.2288246154785,286.68233156204224,695.4176902770996,282.4929678440094,700.9061050415039,277.9800009727478,686.2883949279785,287.85868406295776,688.6640739440918,284.7088158130646,691.6203117370605,281.09378814697266,750.8996200561523,259.04062271118164,744.2892837524414,258.36584866046906,732.4490547180176,346.3579523563385,729.36767578125,348.5249090194702,862.4204635620117,421.24372601509094,910.817985534668,382.49107360839844,857.4472618103027,738.1736826896667,955.1767730712891,671.3252663612366,775.7961273193359,968.8378429412842,890.771598815918,891.6129469871521,764.776668548584,1027.3797583580017,876.1649894714355,945.9878039360046,748.8454627990723,1031.7259669303894,852.4118041992188,943.7104797363281,756.2368011474609,1012.312159538269,856.0116577148438,925.8010697364807,896.0187149047852,948.4991240501404,950.6335258483887,924.0109848976135,899.0017890930176,1275.4856586456299,951.338939666748,1272.155385017395,947.7897262573242,1598.9151334762573,993.0873870849609,1608.1296157836914,997.1294403076172,1654.5162963867188,1028.0060577392578,1670.1479959487915,827.7898406982422,1649.235520362854,871.5402603149414,1658.6082315444946
694.7280693054199,325.8548891544342,691.7451667785645,287.7489924430847,697.0074462890625,283.44504475593567,702.5232696533203,278.854798078537,687.2257804870605,289.23842310905457,689.2342758178711,286.17462158203125,691.8111419677734,282.6478171348572,752.1363258361816,258.9332324266434,743.5886764526367,259.3537652492523,733.9758682250977,346.3204872608185,730.5093955993652,349.21218752861023,862.3929977416992,419.27391171455383,909.4766807556152,384.917711019516,879.0979957580566,728.7653088569641,944.2613983154297,671.7115688323975,800.0632667541504,957.2380185127258,900.9482002258301,894.6209692955017,789.4365692138672,1016.3818860054016,888.5187149047852,961.4107418060303,775.6380271911621,1021.1142683029175,863.7868881225586,958.4724354743958,782.5014495849609,1001.4546203613281,868.0323028564453,938.2723760604858,899.5700454711914,944.0785646438599,954.928092956543,917.9204607009888,909.2238807678223,1276.4185523986816,951.1568069458008,1278.5719585418701,956.6702270507812,1599.7864866256714,990.2317428588867,1614.5177364349365,1004.7826766967773,1655.5363512039185,1023.273811340332,1671.1390829086304,839.783763885498,1666.9091320037842,866.8195152282715,1670.5856037139893
694.5217323303223,326.88820481300354,691.3611602783203,288.77020597457886,696.67236328125,284.419105052948,702.2082710266113,279.80339884757996,686.8389129638672,290.3231728076935,688.8219451904297,287.25473642349243,691.3635635375977,283.72007846832275,751.4928245544434,259.2590403556824,742.7715110778809,259.9153071641922,733.4999656677246,347.06254720687866,730.1474189758301,350.08679151535034,862.2220230102539,418.8164448738098,908.4934043884277,385.10249376296997,886.1862373352051,726.1918044090271,938.1722259521484,669.5011925697327,815.9786224365234,956.897292137146,905.0527954101562,889.1564726829529,806.3247871398926,1014.0931677818298,893.540096282959,946.2395024299622,793.3394622802734,1016.2432909011841,876.8820762634277,938.7471914291382,798.823299407959,998.2263779640198,875.5784797668457,930.6197762489319,901.7340660095215,936.0106945037842,937.7921104431152,915.6065082550049,914.271297454834,1280.6582880020142,946.6448020935059,1281.3540315628052,957.8915405273438,1606.2494087219238,964.1849899291992,1620.2372789382935,1001.8494415283203,1661.6427755355835,992.376594543457,1677.6304578781128,844.9392700195312,1669.5029783248901,851.140251159668,1680.3037405014038
695.6307792663574,327.05766677856445,691.9442367553711,289.50241684913635,697.3559761047363,285.0731348991394,702.9698753356934,280.3630578517914,687.1021842956543,291.34342074394226,688.8698387145996,288.52259516716003,691.1985397338867,285.2030396461487,751.4626693725586,259.5582300424576,742.1468353271484,261.1692774295807,734.7599029541016,347.32747435569763,730.9243011474609,350.46507954597473,861.9015884399414,418.8669776916504,903.6163330078125,385.22711992263794,888.7894248962402,725.2357363700867,934.2911911010742,669.8199033737183,823.7618064880371,955.0628542900085,906.6519355773926,882.346773147583,809.688663482666,1009.4654560089111,897.6274681091309,927.7622580528259,801.0721206665039,1010.7304501533508,877.8468704223633,930.8551239967346,808.3801460266113,992.0739912986755,881.9034576416016,924.6495652198792,903.2168769836426,931.4972448348999,938.0664253234863,907.1048283576965,917.618522644043,1283.8151407241821,941.3552856445312,1282.7224731445312,957.4410438537598,1609.6213960647583,953.2239532470703,1623.9638328552246,1000.6125640869141,1665.0208139419556,980.694465637207,1681.717758178711,845.0380897521973,1671.880145072937,844.2716789245605,1685.6052446365356
695.1583099365234,328.84668946266174,691.3823318481445,290.296972990036,696.767406463623,285.9397566318512,702.3874855041504,281.1290645599365,686.6274833679199,292.06916213035583,688.4184837341309,289.38268303871155,690.7648086547852,286.14996671676636,750.8700942993164,260.2281439304352,741.6890144348145,262.57656812667847,734.3787002563477,349.08591985702515,730.7091522216797,353.0431866645813,861.8278312683105,417.5842809677124,899.8603248596191,387.44608998298645,894.624080657959,720.9224224090576,934.3112754821777,669.9837970733643,835.2159690856934,944.6399617195129,906.2895011901855,882.6776504516602,823.2140350341797,998.0640292167664,904.7039794921875,924.0852069854736,814.9052238464355,999.4841623306274,884.8008155822754,926.6701054573059,821.1942100524902,982.3377656936646,883.5380744934082,920.8623719215393,910.9113693237305,925.8978223800659,960.4091262817383,899.8129105567932,917.2707939147949,1270.8488702774048,943.392333984375,1270.5473470687866,944.835033416748,1603.2527160644531,944.1747665405273,1612.7494096755981,988.8895797729492,1659.633436203003,971.1908340454102,1674.7952127456665,821.3399505615234,1663.1205224990845,823.6969757080078,1664.7162008285522
694.7629165649414,333.02504539489746,690.3215789794922,292.1824908256531,695.6520652770996,287.65523314476013,701.3921356201172,282.63452410697937,685.9473609924316,294.31532979011536,687.8984642028809,291.6659617424011,690.3941917419434,288.49369168281555,749.8623275756836,261.35537981987,740.8370018005371,264.38631892204285,734.1350555419922,353.3387231826782,730.5912208557129,358.2478737831116,861.6510200500488,417.1520483493805,898.7645530700684,391.34072184562683,894.6097183227539,716.831066608429,936.7115020751953,670.3744125366211,839.2574501037598,943.5756182670593,908.1600379943848,884.6148920059204,827.7219200134277,997.6977467536926,907.5076675415039,925.1731753349304,819.1778182983398,998.2792282104492,887.1470832824707,929.0300846099854,825.9287452697754,980.8399343490601,885.3243827819824,922.9221153259277,914.7232246398926,922.7819752693176,964.7939300537109,898.7859678268433,918.6077499389648,1266.6911458969116,943.9369010925293,1264.449806213379,945.5480575561523,1599.1176509857178,944.267463684082,1606.582088470459,990.3742218017578,1655.726637840271,972.1712493896484,1669.5782947540283,820.0247955322266,1658.8059854507446,826.0390663146973,1657.0182180404663
694.4234848022461,338.09863686561584,690.2396965026855,296.30680561065674,695.5227470397949,291.7275023460388,701.2387847900391,286.6173791885376,685.8390426635742,298.6755073070526,687.8313446044922,296.1823081970215,690.2463340759277,293.34275007247925,749.1788864135742,264.5115888118744,739.4462013244629,268.6709064245224,733.820915222168,357.9487645626068,730.3585624694824,363.44316244125366,861.6670989990234,417.3040008544922,898.4462928771973,392.01998591423035,894.092960357666,716.9037437438965,937.8676986694336,668.3942985534668,842.6965713500977,942.4577808380127,918.9154815673828,876.0189700126648,830.7101440429688,998.0962800979614,913.2139778137207,916.9882106781006,822.1896743774414,998.7505674362183,901.6159057617188,919.0606355667114,830.5981063842773,980.4034209251404,897.0902824401855,913.4015393257141,919.1814422607422,923.5655879974365,958.0804252624512,899.4197201728821,923.3962440490723,1270.1034307479858,946.5524482727051,1268.0629348754883,946.3887977600098,1602.8291416168213,947.4621391296387,1610.3654193878174,993.3075714111328,1658.646855354309,975.7047271728516,1672.6406478881836,820.3365898132324,1663.067479133606,836.3654136657715,1664.097318649292
694.4952964782715,343.2814371585846,689.9814033508301,300.65555691719055,695.2910614013672,295.97399711608887,701.0152244567871,290.7864010334015,685.5499076843262,303.26552867889404,687.5325393676758,300.8552098274231,689.9493598937988,298.1949305534363,749.0824699401855,267.3837035894394,739.3041801452637,272.1435248851776,734.0261077880859,362.02563643455505,731.0698127746582,367.84801483154297,861.6415214538574,417.34381556510925,898.2768058776855,394.1679847240448,893.6127662658691,716.4601492881775,940.2568244934082,668.4248113632202,841.2509536743164,940.3352737426758,922.5263214111328,876.4484667778015,829.3815422058105,996.7626643180847,914.9065589904785,928.5897088050842,821.6653633117676,998.0481290817261,907.6037406921387,934.0283918380737,831.1112594604492,979.3356013298035,902.3096466064453,917.5364112854004,921.6042137145996,925.5737042427063,975.8081817626953,900.5566763877869,924.576530456543,1271.6114330291748,951.5641593933105,1268.419303894043,956.4397430419922,1604.004464149475,958.7612342834473,1611.68390750885,1005.7411193847656,1659.782395362854,988.0446624755859,1672.8279733657837,828.1030654907227,1665.8280515670776,846.4477729797363,1667.0665884017944
694.5999526977539,347.0366370677948,689.7828483581543,304.5468735694885,695.1608848571777,299.82887864112854,700.9509658813477,294.6696710586548,685.3154182434082,307.277512550354,687.2933006286621,304.90485191345215,689.7164726257324,302.3018968105316,748.8214302062988,269.60956156253815,738.9961624145508,274.98758912086487,734.0939140319824,364.6922242641449,731.7621231079102,370.79893827438354,861.6195487976074,417.37345933914185,898.2254219055176,396.53961539268494,889.874267578125,715.4212331771851,939.6576690673828,669.0430498123169,837.1570014953613,938.6696863174438,914.5845222473145,877.1686720848083,823.9900588989258,994.7194647789001,912.7394485473633,931.5674757957458,818.4272575378418,997.1122741699219,897.2406578063965,930.6528639793396,825.9969520568848,978.3902835845947,901.120433807373,917.7158188819885,923.309211730957,927.7050948143005,987.3318099975586,900.6830406188965,924.2008781433105,1273.211874961853,959.721736907959,1270.5509519577026,962.1804428100586,1605.8193969726562,972.8181838989258,1613.806414604187,1015.1473617553711,1661.241216659546,1003.212776184082,1674.790964126587,831.9409561157227,1668.5108613967896,859.0522384643555,1669.2783164978027
694.4812202453613,348.59439969062805,689.5013236999512,305.68630814552307,694.8085784912109,300.8341920375824,700.5544853210449,295.55631279945374,684.9308967590332,308.67942810058594,686.7650413513184,306.35186076164246,689.0498542785645,303.8101887702942,747.9939651489258,270.23682832717896,737.2312545776367,276.41300082206726,734.0580940246582,365.58630108833313,731.6741180419922,371.8433904647827,861.9113731384277,417.2735846042633,895.7014274597168,397.9416275024414,881.0611724853516,715.4139590263367,938.261661529541,670.6244373321533,831.9961738586426,941.8106389045715,909.7714805603027,881.5898752212524,819.6834754943848,999.5720314979553,905.0026702880859,938.7817597389221,814.2499923706055,1003.1487250328064,892.888126373291,944.5238327980042,821.1717796325684,982.9926323890686,892.9185676574707,926.3371682167053,923.247184753418,928.1117391586304,963.6561584472656,908.3592009544373,923.843879699707,1273.3381748199463,957.7962684631348,1267.9263353347778,967.7933120727539,1600.9552431106567,971.9326400756836,1603.579216003418,1020.1907730102539,1651.72598361969,1002.2829437255859,1662.574896812439,851.7511367797852,1669.9636316299438,863.0426788330078,1665.0119304656982
694.7821426391602,350.5960142612457,689.3733787536621,307.3004937171936,694.7196006774902,302.40119218826294,700.4802131652832,297.0851397514343,684.8545074462891,310.4606294631958,686.543083190918,308.18562269210815,688.6605834960938,305.7188808917999,747.421932220459,271.27671003341675,736.1919593811035,277.9834449291229,734.3465423583984,367.70726323127747,731.8979072570801,374.16954159736633,861.9550895690918,417.27895975112915,894.1536712646484,399.56955671310425,876.6786575317383,715.480649471283,931.1700439453125,677.2401809692383,828.1649780273438,941.1547422409058,906.3350486755371,885.1858806610107,816.9275665283203,998.6941123008728,900.6485366821289,941.5049314498901,811.3411903381348,1001.6138792037964,888.1285858154297,949.6913123130798,817.5321578979492,982.5900435447693,887.8377342224121,931.7389011383057,923.2827186584473,928.8076114654541,952.1783065795898,913.6751246452332,923.8853645324707,1274.3642807006836,957.1459007263184,1268.6018657684326,975.9867095947266,1602.1364879608154,971.7272186279297,1605.3118801116943,1028.4956359863281,1651.285285949707,1002.2809982299805,1665.1186609268188,865.1233291625977,1678.3452558517456,863.8241958618164,1671.2183904647827
694.7770500183105,351.6328704357147,689.1846084594727,308.1544017791748,694.4101524353027,303.1993532180786,700.0257110595703,297.8299355506897,684.5832252502441,311.50176644325256,686.1313819885254,309.3140172958374,688.0866050720215,306.9703245162964,746.3866424560547,271.68705582618713,734.4006156921387,278.9734697341919,734.2926979064941,368.3927392959595,731.8592262268066,375.096834897995,862.2011375427246,416.8856084346771,888.0953979492188,401.1770796775818,873.8749122619629,715.4100966453552,921.8726348876953,678.8687539100647,825.3124237060547,941.1980652809143,895.6879806518555,886.6604733467102,813.1285285949707,999.1469120979309,885.3839492797852,944.5086407661438,807.0825004577637,1001.7029714584351,877.166748046875,948.5793972015381,813.6919784545898,982.4274373054504,876.5300559997559,934.022855758667,922.4026107788086,926.7439413070679,939.9230003356934,912.5233626365662,895.502758026123,1216.5255117416382,954.2414474487305,1228.1933784484863,944.9968528747559,1547.6509094238281,945.9188461303711,1560.347843170166,997.9096984863281,1591.9394159317017,973.2674789428711,1616.3115549087524,838.971061706543,1643.1991338729858,830.3042793273926,1638.0992460250854
694.5390129089355,352.6891028881073,688.3610343933105,308.8050842285156,693.5419464111328,303.7567913532257,699.1131591796875,298.3269274234772,683.3440589904785,312.3832905292511,684.5962142944336,310.2582085132599,686.271858215332,307.9926323890686,744.9589347839355,272.4491357803345,732.3530960083008,280.3048002719879,733.9694023132324,369.25878167152405,731.3620948791504,376.1767566204071,862.2310066223145,418.33425879478455,886.7488861083984,405.41237354278564,871.9900131225586,718.2533240318298,919.4884300231934,683.9134097099304,824.7881126403809,946.0472846031189,889.6450996398926,888.4765648841858,811.5811729431152,1001.6808271408081,874.8556137084961,945.1564264297485,805.652904510498,1003.050684928894,868.9458274841309,950.2935218811035,812.6938819885254,983.5099339485168,868.1870269775391,933.863275051117,920.9015464782715,927.5013542175293,935.0690460205078,916.2776613235474,897.0136070251465,1232.7254962921143,953.268928527832,1238.2295179367065,948.5604858398438,1561.4638137817383,947.765007019043,1568.2195043563843,1000.3090667724609,1606.8740844726562,975.6946563720703,1623.8644409179688,839.5557403564453,1649.7888708114624,831.8602180480957,1641.193528175354
686.8114471435547,352.4580681324005,682.5917816162109,308.74682664871216,687.758617401123,303.71218085289,693.3299446105957,298.31060886383057,677.7006340026855,312.28795409202576,679.1144371032715,310.1230251789093,681.1004447937012,307.78544783592224,740.038948059082,273.01719546318054,729.0186882019043,280.32018542289734,725.8827781677246,369.05845284461975,722.9680824279785,375.69875478744507,860.3184700012207,419.86018896102905,886.6754722595215,405.82963943481445,870.9897994995117,721.8682551383972,919.7052383422852,685.7522892951965,821.1082649230957,953.4258484840393,891.3250350952148,890.8607482910156,807.6858329772949,1010.342538356781,871.9068717956543,956.9382977485657,800.0586318969727,1011.6525936126709,866.0918426513672,952.334725856781,807.2223472595215,990.6181311607361,868.9221954345703,931.677360534668,914.4390106201172,933.9931797981262,937.4067878723145,927.8790950775146,910.4547500610352,1253.3799648284912,955.0220489501953,1253.8366270065308,968.2944488525391,1576.802487373352,982.0882415771484,1573.3715343475342,1019.2144775390625,1630.8137655258179,1013.4334945678711,1631.681900024414,857.1484565734863,1652.8933238983154,885.4696655273438,1646.3101530075073
681.9314002990723,353.0622410774231,677.896842956543,309.995276927948,683.1809234619141,304.94115829467773,688.718433380127,299.6044099330902,672.429084777832,313.5193455219269,673.7162017822266,311.3144087791443,675.6870460510254,308.91345620155334,734.150447845459,275.75668573379517,722.475700378418,282.71363854408264,720.3094482421875,369.7210764884949,716.6356086730957,375.9804832935333,856.4473915100098,424.38374519348145,880.510368347168,407.8651463985443,869.9733924865723,727.2598171234131,918.815746307373,688.688793182373,820.2813720703125,960.1044845581055,891.7206573486328,898.8913464546204,806.4352798461914,1014.9065852165222,874.5703125,955.1591563224792,798.5947608947754,1015.6410813331604,864.1999626159668,958.6015033721924,806.1018562316895,995.2849173545837,869.4660186767578,942.912962436676,910.5607223510742,936.1174893379211,931.5071296691895,932.0502090454102,913.6242485046387,1278.5579252243042,946.2900924682617,1274.6870470046997,966.9334030151367,1605.8500385284424,968.9809799194336,1601.9755554199219,1015.4714584350586,1664.0312719345093,998.027229309082,1663.4274530410767,852.4454498291016,1666.254587173462,869.5285034179688,1661.1514806747437
681.0859107971191,361.7535638809204,674.6863746643066,318.8303768634796,679.419994354248,313.7249529361725,684.4656944274902,308.3614253997803,670.6994247436523,321.6163122653961,672.4464797973633,318.9100384712219,674.8492240905762,315.79325795173645,728.0893135070801,282.2956645488739,720.285587310791,287.622789144516,719.0569496154785,376.615651845932,716.5155601501465,380.5799353122711,852.7642250061035,429.2346704006195,877.9436874389648,409.288626909256,866.2931442260742,734.9373292922974,927.9847526550293,689.1193842887878,818.8208770751953,968.1012868881226,889.9427032470703,907.8220081329346,803.840446472168,1025.4665279388428,876.4411354064941,964.6832728385925,795.3521919250488,1025.6364727020264,863.115119934082,966.5162944793701,802.6456832885742,1003.7334895133972,865.8371543884277,951.8559837341309,906.357307434082,947.9567170143127,931.2887763977051,940.118465423584,904.390811920166,1279.6635961532593,946.2744140625,1274.7216796875,960.2104568481445,1605.5839204788208,968.1248474121094,1600.6586122512817,1010.2848815917969,1663.724341392517,995.668830871582,1660.3296947479248,851.1310958862305,1667.0355606079102,868.2607269287109,1661.1823797225952
667.5465774536133,367.28925704956055,657.9430961608887,325.80976366996765,662.4674606323242,321.1236333847046,667.9006004333496,315.8849573135376,655.8662796020508,327.34158396720886,658.3864402770996,324.3178868293762,661.9722175598145,320.69313883781433,715.8693695068359,289.23182487487793,711.3134765625,291.831818819046,708.3401870727539,383.09550404548645,707.0525550842285,385.4231357574463,839.7057723999023,431.73826575279236,885.9589576721191,411.3911783695221,856.6302680969238,734.9484658241272,970.1022720336914,690.005156993866,816.2053871154785,975.4630494117737,912.9259300231934,915.9792923927307,801.5649032592773,1038.9363884925842,899.9732780456543,976.0096406936646,792.8001022338867,1042.5384449958801,878.6088180541992,986.8245649337769,799.4464302062988,1018.2637023925781,874.9471664428711,965.6685662269592,902.5737762451172,959.405779838562,936.449031829834,953.212902545929,905.1162528991699,1295.6386613845825,944.8157501220703,1296.9280529022217,959.8715400695801,1625.7629299163818,971.8417739868164,1626.177749633789,1009.9261093139648,1687.5195693969727,1001.0935592651367,1689.0561532974243,847.5593948364258,1677.4969482421875,873.8289070129395,1679.4850444793701
659.1811180114746,377.56956338882446,648.6784744262695,336.73660039901733,653.3955574035645,332.0735800266266,659.2214012145996,326.74655199050903,646.5047836303711,338.00365447998047,649.0682029724121,334.9447453022003,652.8468704223633,331.1483144760132,707.9483413696289,299.7994601726532,703.5808753967285,302.32162714004517,700.7609367370605,391.3744854927063,698.3886909484863,392.6240944862366,822.1182632446289,434.01819705963135,885.9621047973633,412.45256066322327,846.6105079650879,735.6653881072998,978.1379699707031,689.7365283966064,815.6626510620117,985.0317120552063,918.8119125366211,921.8857741355896,801.1570930480957,1049.5783424377441,906.8643379211426,981.4666700363159,791.3900756835938,1054.8329830169678,878.3771324157715,1000.0241231918335,797.7110481262207,1030.586178302765,876.2610054016113,978.219051361084,891.7210006713867,963.807864189148,937.0394325256348,955.4294586181641,914.4883918762207,1315.3698921203613,944.1119384765625,1307.9669952392578,974.1783142089844,1642.2023820877075,984.891242980957,1640.0984144210815,1022.0957565307617,1702.1153783798218,1015.0496292114258,1702.7535724639893,866.8571662902832,1696.786708831787,894.4379425048828,1697.114109992981
647.922534942627,386.978999376297,637.2085762023926,345.9954357147217,642.0455932617188,341.2811744213104,647.870922088623,335.8355391025543,634.5823860168457,346.8413293361664,637.1637725830078,343.47732424736023,640.9224700927734,339.2917585372925,696.214485168457,308.93782138824463,690.6219863891602,310.70167422294617,689.0899085998535,399.50663208961487,686.3433265686035,399.72736716270447,813.1810569763184,439.3411695957184,876.6646957397461,412.9970920085907,843.9460945129395,737.4186515808105,956.6939735412598,688.222861289978,815.3525161743164,988.7888431549072,917.3388290405273,921.9638586044312,801.4664268493652,1052.7698922157288,906.5135765075684,983.3727550506592,791.7791175842285,1058.3056497573853,880.3094673156738,996.2422728538513,797.7294731140137,1034.576017856598,876.2761688232422,974.7225022315979,892.7077102661133,965.5747747421265,934.8477172851562,954.8106408119202,915.3659248352051,1313.7955856323242,935.8933639526367,1301.3346433639526,979.6412658691406,1632.4436902999878,983.8582992553711,1626.0939359664917,1028.0631637573242,1689.6447801589966,1013.5265350341797,1684.3672227859497,874.1633033752441,1690.3898334503174,889.4725799560547,1687.3408699035645
637.6347541809082,394.4611716270447,626.7653846740723,353.37528705596924,631.4815521240234,348.73225450515747,637.0077323913574,343.35453271865845,624.0303611755371,354.2912828922272,626.4656639099121,351.042537689209,630.0029182434082,346.9629943370819,684.4199752807617,317.01634526252747,680.0954818725586,318.2777667045593,677.1659088134766,406.47520422935486,674.0049362182617,406.4510643482208,799.530200958252,448.8452982902527,872.7995109558105,413.56183648109436,838.0640029907227,747.4428176879883,958.0353355407715,690.1277232170105,815.1155662536621,999.9224781990051,918.8223838806152,924.4315981864929,801.9806098937988,1063.1156015396118,904.4487762451172,1001.4361453056335,792.3571586608887,1070.589952468872,884.677677154541,999.4065284729004,798.0600357055664,1046.0338354110718,877.3962020874023,987.2903680801392,893.3901214599609,967.7330088615417,941.3822364807129,953.3784055709839,925.5520820617676,1285.0593423843384,941.4783668518066,1283.128023147583,990.2569198608398,1600.9685039520264,1006.6170501708984,1593.1142234802246,1040.1037216186523,1662.2558641433716,1039.533805847168,1651.8249893188477,884.8489952087402,1649.254961013794,922.6645088195801,1645.201005935669
629.3418502807617,406.47958159446716,617.7364540100098,366.76854372024536,622.218132019043,362.11244344711304,627.6029205322266,356.7962622642517,615.282096862793,367.24281191825867,617.5183868408203,363.72151136398315,620.9022331237793,359.4416069984436,674.6757316589355,328.85621666908264,670.3077507019043,329.25034046173096,668.4275436401367,417.17416048049927,665.7867050170898,416.974732875824,793.8094139099121,456.07487082481384,864.364185333252,415.21310091018677,832.2156143188477,750.8682990074158,956.1867713928223,690.2943205833435,816.5084838867188,1002.369167804718,916.7642784118652,922.8193759918213,808.5994148254395,1065.05606174469,909.1652870178223,993.131833076477,800.4627227783203,1072.4896001815796,888.4265327453613,997.9889702796936,804.8339080810547,1047.1583032608032,890.2817344665527,984.1078305244446,893.9655303955078,972.4083566665649,946.7874526977539,952.1230030059814,938.8838768005371,1281.5250062942505,954.9736404418945,1275.2240467071533,1008.0448150634766,1594.9188566207886,1025.7688522338867,1583.753743171692,1060.323715209961,1651.7391157150269,1060.4011917114258,1640.35062789917,901.4249038696289,1649.7672414779663,948.7519454956055,1639.956922531128
620.2633666992188,417.75007367134094,607.7838134765625,378.41745257377625,612.4221038818359,373.6351811885834,617.9645919799805,368.1350862979889,604.4637107849121,379.07981872558594,606.3111305236816,375.5620586872101,609.2705154418945,371.2873363494873,664.2486763000488,337.98871994018555,658.6578941345215,339.4130051136017,659.3725204467773,427.14969277381897,656.0932731628418,427.2480869293213,788.4674835205078,465.58797955513,855.8209991455078,418.9561343193054,828.8739395141602,756.642816066742,956.7364883422852,690.1880407333374,819.9345016479492,1011.2776851654053,917.8105545043945,923.8748359680176,814.4878578186035,1075.4332494735718,910.2402877807617,1007.9439997673035,807.7028274536133,1084.5552921295166,899.926643371582,999.0436577796936,811.0051345825195,1058.4524202346802,894.7221565246582,987.3528099060059,894.2167282104492,979.7475242614746,948.3534049987793,953.4116864204407,949.5588111877441,1296.678671836853,964.9761199951172,1287.520580291748,1022.7591705322266,1613.366231918335,1036.1550521850586,1601.1882734298706,1075.3391647338867,1666.197166442871,1071.4806747436523,1655.5579805374146,916.4544296264648,1678.2058238983154,960.4665756225586,1663.9678001403809
615.0189971923828,430.01274704933167,601.1588287353516,390.7913303375244,605.4205513000488,386.0260534286499,610.4766654968262,380.5467188358307,598.223819732666,390.82123160362244,600.0269508361816,386.835994720459,602.8759002685547,382.0531761646271,656.3731956481934,348.08067083358765,652.7203559875488,347.69816637039185,654.2236518859863,438.27486276626587,651.5744590759277,437.920264005661,782.8679466247559,476.0960054397583,857.0175361633301,421.37102365493774,820.6036949157715,765.3250622749329,960.5506896972656,691.072268486023,823.2827568054199,1022.7954339981079,920.3807258605957,940.8972501754761,819.3848991394043,1092.0166397094727,926.4894676208496,1006.7463397979736,814.5245933532715,1104.577875137329,903.1759643554688,1035.0929975509644,818.6409187316895,1070.2152371406555,902.5527191162109,997.6753449440002,894.6438789367676,992.3928952217102,947.2163200378418,960.8203125,954.0301895141602,1320.9560537338257,962.8325271606445,1302.9424238204956,1026.064224243164,1637.5715160369873,1028.3082962036133,1620.317358970642,1075.5513381958008,1684.7474098205566,1062.040786743164,1671.4050722122192,927.9247856140137,1715.1962327957153,962.4761581420898,1694.8225593566895
608.3519554138184,434.42973375320435,593.9733123779297,395.6157338619232,598.1715774536133,391.122465133667,602.9815864562988,385.9984052181244,591.2592315673828,395.7691991329193,593.2162284851074,392.0770525932312,596.1242866516113,387.6226007938385,648.2251167297363,355.0157368183136,645.2869033813477,354.4698214530945,647.5119781494141,442.23573446273804,645.823802947998,442.3913884162903,781.1172866821289,484.1505181789398,854.6957015991211,423.3996105194092,820.1561164855957,775.0904488563538,972.3098373413086,699.9417114257812,829.0915489196777,1030.7776880264282,923.7934684753418,948.5374903678894,827.1100044250488,1105.4946756362915,937.631721496582,1007.9411673545837,824.7586441040039,1117.127137184143,908.8506889343262,1045.179090499878,829.3777084350586,1080.0288391113281,911.0245513916016,1005.2046060562134,899.8747444152832,995.1730370521545,957.4962615966797,964.5619297027588,955.8479118347168,1316.2434339523315,970.2729034423828,1301.923656463623,1030.099983215332,1634.590015411377,1037.790756225586,1622.1868801116943,1080.4823684692383,1682.9369831085205,1073.1132888793945,1674.4411611557007,929.4345474243164,1709.2652893066406,970.4738616943359,1692.3767709732056
603.1006050109863,437.54783391952515,588.3687973022461,398.46723318099976,592.2484588623047,394.1853654384613,596.7209243774414,389.2792081832886,586.4910507202148,398.1891739368439,588.7403297424316,394.3378973007202,591.9924545288086,389.72856402397156,641.3372611999512,359.47389006614685,641.0414886474609,357.3840522766113,642.117919921875,445.8584225177765,641.660041809082,445.74177861213684,774.4271850585938,492.89218068122864,852.6226615905762,424.19658064842224,814.3866348266602,781.8312692642212,971.8885803222656,705.5802726745605,829.7750473022461,1032.2436547279358,930.7813453674316,947.2229290008545,827.7571678161621,1105.0909280776978,940.4819297790527,1004.5297837257385,828.9904975891113,1115.8652973175049,920.3633308410645,1033.8081121444702,834.1930961608887,1076.5926718711853,913.9279747009277,1005.9424495697021,899.9149131774902,996.4000511169434,961.3230514526367,963.7494778633118,944.1624641418457,1304.9525356292725,969.8756790161133,1286.2381410598755,1026.0701751708984,1613.4320211410522,1031.693344116211,1603.7262439727783,1075.1214981079102,1650.1833486557007,1065.5419921875,1656.3719129562378,921.9806671142578,1705.3405952453613,963.1138229370117,1676.5753841400146
604.5149803161621,441.9662368297577,589.4573593139648,402.4040615558624,593.400993347168,397.48766899108887,597.9837226867676,391.8109667301178,586.963005065918,403.0831968784332,588.9278411865234,399.2870235443115,591.928882598877,394.68058705329895,640.9103965759277,360.09920954704285,639.5768165588379,360.057270526886,643.7190628051758,448.0424380302429,642.685375213623,448.9820909500122,773.7358474731445,490.48858880996704,849.9185943603516,424.4686210155487,809.6212577819824,786.4486813545227,970.9555435180664,705.4502391815186,828.6856269836426,1037.1593070030212,929.0608406066895,944.2065382003784,826.2975311279297,1110.6420707702637,939.9911499023438,1003.0253219604492,826.1431503295898,1122.1294355392456,920.3630447387695,1028.2495021820068,831.5716552734375,1079.815764427185,912.4502563476562,1006.4098620414734,904.8389625549316,993.6470103263855,966.9147491455078,963.4798836708069,956.1847686767578,1304.0730714797974,983.748664855957,1285.7607507705688,1047.707633972168,1611.853723526001,1060.9088516235352,1603.5126543045044,1100.7773208618164,1649.1087055206299,1097.5273132324219,1656.0917615890503,956.1654281616211,1702.7341318130493,1000.3027725219727,1676.4757347106934
603.5153961181641,440.83343267440796,588.6021995544434,401.33225083351135,592.371997833252,396.51721358299255,596.6612434387207,390.9981608390808,587.0795059204102,401.2993884086609,589.6556854248047,397.1527683734894,593.1863594055176,392.1784722805023,638.5198402404785,359.763343334198,640.9665870666504,357.1683382987976,641.7056465148926,447.6833975315094,641.5849113464355,447.97587633132935,767.061767578125,489.7804534435272,851.7418670654297,416.58411741256714,802.481861114502,793.2338547706604,976.2089538574219,680.4574799537659,810.0908088684082,1057.4160146713257,943.4737586975098,959.1907095909119,811.5171432495117,1134.531798362732,944.7972679138184,1020.2395033836365,807.7140426635742,1141.5402173995972,920.9033203125,1036.5265846252441,812.5090599060059,1099.8087358474731,916.8436431884766,1015.5675029754639,906.0784721374512,994.0243649482727,989.6105575561523,963.3957481384277,973.8478088378906,1305.0333881378174,997.8487014770508,1292.295126914978,1063.033103942871,1612.4526500701904,1090.3908920288086,1607.430911064148,1116.664810180664,1651.3836479187012,1127.779655456543,1660.1462316513062,969.6966934204102,1699.7267532348633,1036.2022018432617,1676.3921785354614
604.5382690429688,437.03693747520447,590.8230972290039,397.39609837532043,594.561939239502,392.6088058948517,598.791561126709,387.14041471481323,589.5035934448242,397.5719976425171,592.1823120117188,393.6093235015869,595.7930374145508,388.8815116882324,641.0282135009766,356.46390438079834,643.5495758056641,354.8567998409271,642.7187347412109,444.7235584259033,643.2922554016113,445.1662516593933,764.4349479675293,488.58842611312866,852.5323677062988,406.04570746421814,797.0118141174316,792.9113459587097,974.5919036865234,673.1380748748779,789.2769813537598,1055.3808617591858,941.4962196350098,910.7277417182922,791.8314743041992,1129.7013759613037,942.564640045166,957.190511226654,782.3946762084961,1134.4412899017334,918.5619163513184,962.2676753997803,789.056224822998,1097.6076936721802,916.179256439209,950.3696751594543,906.2450981140137,980.0748610496521,1007.7170562744141,936.0580730438232,972.765998840332,1242.4921703338623,1013.5782623291016,1223.174729347229,1054.6411514282227,1524.129137992859,1113.2124710083008,1494.0602445602417,1106.5518951416016,1574.2647743225098,1152.630386352539,1545.4784488677979,959.6772193908691,1566.127896308899,1054.9314880371094,1532.9107761383057
606.5522003173828,428.1383013725281,592.6627349853516,387.281391620636,596.6254234313965,382.6092302799225,601.0828399658203,377.7733039855957,590.7287406921387,387.981094121933,593.1228446960449,383.97586941719055,596.4603996276855,379.54121232032776,643.9529228210449,350.53157687187195,645.0506973266602,348.24849128723145,644.8953437805176,439.1188895702362,645.0609397888184,441.2662124633789,766.1676979064941,481.2228012084961,856.2545585632324,404.856094121933,788.6832046508789,792.2470808029175,965.5594253540039,674.8231673240662,748.7582015991211,1052.0673894882202,925.2240371704102,947.4414753913879,743.3121871948242,1120.780177116394,916.5933036804199,995.8948516845703,738.3085441589355,1129.3022632598877,881.4455223083496,1000.0389289855957,742.6622772216797,1095.533208847046,884.4098281860352,986.9580101966858,905.7546615600586,976.0705375671387,1009.1950607299805,932.0322489738464,920.8663558959961,1213.3179330825806,986.5559005737305,1216.5239667892456,988.9145278930664,1507.4390172958374,1050.0172805786133,1503.95592212677,1043.7657165527344,1557.4489974975586,1087.737922668457,1559.1036415100098,884.0393257141113,1559.8560333251953,971.9361877441406,1548.999137878418
614.3682289123535,407.45051980018616,602.5883102416992,370.4286324977875,606.1205863952637,365.53274273872375,609.9651718139648,360.4182744026184,599.8626708984375,372.1658992767334,601.3542938232422,368.7619185447693,603.5006332397461,364.9925887584686,651.2169456481934,333.2056438922882,648.8009834289551,333.2271444797516,653.2586860656738,418.3624863624573,653.1668472290039,422.7692377567291,767.4106407165527,467.56439208984375,856.3714599609375,398.4804618358612,775.6726455688477,788.4660029411316,958.1600761413574,676.3925170898438,701.1997604370117,1034.3237400054932,870.3754234313965,917.6674747467041,691.2802505493164,1102.990951538086,852.418155670166,962.7010989189148,681.0070037841797,1105.4878520965576,817.6751518249512,963.7049317359924,689.8144912719727,1073.3140897750854,824.2925834655762,951.3175678253174,898.9739227294922,965.4195713996887,1008.6421966552734,929.6059012413025,854.4071388244629,1220.4977130889893,924.6673393249512,1224.9512958526611,939.7982597351074,1527.528805732727,988.2911682128906,1525.9256601333618,998.3214569091797,1576.491436958313,1029.928092956543,1581.1095571517944,830.4401779174805,1591.408338546753,902.7341651916504,1578.4022855758667
627.8625869750977,375.0218725204468,623.0254554748535,338.34946632385254,628.0678939819336,332.7927231788635,633.2625389099121,327.01833486557007,618.0258178710938,342.34654784202576,619.3876075744629,339.850355386734,621.1952590942383,336.87146186828613,680.0330543518066,300.74506759643555,668.0742073059082,306.1842978000641,668.8071441650391,388.8399267196655,665.7973480224609,393.80701303482056,781.366024017334,441.3426876068115,886.5927314758301,387.3628556728363,777.6185989379883,756.2455058097839,952.8124809265137,655.0993394851685,666.3471794128418,1000.5057621002197,865.393180847168,854.222137928009,648.5438346862793,1058.3041048049927,851.583194732666,900.2726626396179,639.133358001709,1058.3779406547546,827.5281715393066,896.5909767150879,647.9505157470703,1037.863290309906,831.3524436950684,882.0116472244263,910.5305671691895,938.9171361923218,996.6484451293945,921.5543818473816,932.4806785583496,1251.4836645126343,971.2578964233398,1264.4661569595337,1014.2859649658203,1592.214674949646,1020.9674835205078,1620.1248836517334,1071.4679718017578,1644.2974662780762,1066.0649871826172,1679.553279876709,886.1295318603516,1667.54629611969,916.699104309082,1686.6066312789917
652.3300552368164,342.6754295825958,650.5910682678223,301.16159319877625,657.2519302368164,295.202100276947,664.4487190246582,288.6676275730133,643.9203071594238,305.7762050628662,645.2059364318848,303.3927297592163,647.171688079834,300.4173767566681,719.2925262451172,263.5338109731674,697.9660606384277,272.60713934898376,696.8281745910645,355.79213976860046,689.7543525695801,360.1725947856903,816.8763542175293,421.73489212989807,884.8234748840332,385.12264251708984,772.2983551025391,725.6492686271667,955.0564956665039,652.9356336593628,630.6611824035645,952.9178166389465,874.6006965637207,854.3518495559692,609.6907997131348,1020.6908869743347,864.3798637390137,901.4171504974365,598.143424987793,1019.4751381874084,839.849681854248,899.0722346305847,607.8567695617676,998.7425851821899,842.2606086730957,884.483699798584,917.9067993164062,930.7612681388855,993.6229705810547,905.8442759513855,932.4724960327148,1247.7455234527588,987.0295715332031,1255.9685325622559,1016.583251953125,1587.9838228225708,1039.4227981567383,1609.8303508758545,1074.6013641357422,1641.110486984253,1081.831283569336,1667.3291015625,893.0945777893066,1664.3476009368896,926.5011978149414,1673.6523342132568
684.8800277709961,311.4658463001251,688.0888938903809,268.5625344514847,695.240535736084,264.08724188804626,703.0562210083008,259.286350607872,679.3881797790527,271.52284026145935,680.5530166625977,269.36010003089905,682.1832275390625,266.7391365766525,758.5864448547363,241.75865650177002,735.9589576721191,247.16536223888397,724.6006965637207,329.6523177623749,714.2049980163574,333.2893931865692,841.8148040771484,417.8378140926361,889.701976776123,385.1795482635498,772.5357627868652,692.8496718406677,960.6121444702148,647.9338502883911,593.9192390441895,891.2880563735962,878.9367485046387,843.8271188735962,560.2067756652832,958.0675935745239,870.1671981811523,890.0065183639526,551.191349029541,955.752546787262,845.1631736755371,886.3775539398193,562.9950714111328,933.7560939788818,847.3016738891602,871.0284519195557,917.1633911132812,931.5062570571899,986.6843032836914,903.2954907417297,932.698917388916,1263.0539417266846,985.5979156494141,1263.66548538208,1014.7700500488281,1604.1079759597778,1026.4470291137695,1625.4299926757812,1071.2056732177734,1653.2825231552124,1067.7838897705078,1684.4532251358032,890.6393623352051,1685.703477859497,912.2735595703125,1696.4021444320679
711.6767692565918,281.77311658859253,719.4919395446777,242.24559009075165,726.818962097168,238.60431432724,734.8271369934082,234.36480402946472,711.3981056213379,244.85039591789246,712.6251983642578,243.0162477493286,714.1742706298828,240.73069989681244,790.6664657592773,222.74170875549316,766.5960502624512,228.29351127147675,747.8368949890137,303.5717189311981,736.3702583312988,306.46950244903564,871.8552589416504,392.74946093559265,887.7981376647949,386.2514877319336,774.2695426940918,638.1931829452515,872.8478050231934,639.6980309486389,574.8843955993652,828.1215834617615,818.7573051452637,850.8969497680664,539.1354560852051,892.128381729126,815.438404083252,898.0758047103882,531.7247200012207,891.3046646118164,804.0692710876465,895.9184718132019,542.4765014648438,872.8220129013062,804.0023231506348,877.9928398132324,918.2928657531738,919.1257810592651,935.1872634887695,907.3896789550781,942.0499420166016,1261.7431783676147,953.1544876098633,1263.756766319275,1014.3592071533203,1601.2028217315674,996.4640808105469,1616.91987991333,1068.7578964233398,1653.0847692489624,1030.7178497314453,1675.3121280670166,892.3544883728027,1684.424901008606,894.1556739807129,1683.862795829773
733.6246490478516,246.31591200828552,745.3620529174805,205.31504809856415,752.0670318603516,202.94589579105377,759.1816520690918,200.4459536075592,740.1355934143066,206.12189948558807,742.7328872680664,204.35006439685822,745.6598854064941,202.4581092596054,817.7298545837402,200.665642619133,798.9192008972168,202.7889382839203,767.0217132568359,278.048300743103,759.1125297546387,278.41371417045593,908.3670043945312,386.5531396865845,888.4815216064453,385.88417530059814,781.1560821533203,598.5651540756226,852.2427749633789,643.0902314186096,570.3484153747559,749.111430644989,751.534252166748,852.4319887161255,523.6336898803711,819.1742491722107,741.6841506958008,896.9226908683777,513.8936805725098,811.7298316955566,735.2501106262207,892.0877623558044,529.5459938049316,791.2995743751526,736.882495880127,874.3184924125671,918.3534049987793,912.4634957313538,905.0827789306641,905.21399974823,941.8024635314941,1255.801420211792,894.3190383911133,1258.6839151382446,1005.0925827026367,1594.8956823349,954.9978446960449,1607.7682256698608,1048.6431884765625,1650.305142402649,985.1893615722656,1660.1435279846191,892.5761032104492,1661.8772220611572,876.1141777038574,1680.3373432159424
757.031135559082,219.277201294899,772.8676414489746,181.14170908927917,780.1577568054199,179.16194915771484,787.8543663024902,177.42881834506989,767.7037239074707,182.1215146780014,770.8566284179688,180.71438491344452,774.5538711547852,179.32685673236847,848.5403251647949,185.9801298379898,829.6056747436523,187.4679833650589,789.6360969543457,256.6608649492264,781.5545654296875,257.50289618968964,932.907657623291,379.3074417114258,888.0024147033691,385.9870755672455,802.5686073303223,568.6490178108215,847.6924896240234,639.7835183143616,574.5692825317383,683.1220722198486,738.3852195739746,816.8336462974548,522.465648651123,737.6422190666199,725.8830070495605,855.7893633842468,515.4721641540527,721.2094616889954,719.0169525146484,844.3350863456726,533.4011077880859,704.6441602706909,721.0502243041992,827.2452092170715,918.0479049682617,908.8206267356873,862.7950286865234,907.0941424369812,934.8206520080566,1254.3942260742188,849.3124008178711,1256.9388914108276,963.1959915161133,1587.8909969329834,898.5702323913574,1596.935019493103,991.6193389892578,1645.8278703689575,921.1758041381836,1645.355887413025,877.4552536010742,1642.4185466766357,840.1037979125977,1673.1979894638062
795.2700805664062,220.57261168956757,810.0984764099121,182.55276560783386,816.9346046447754,181.05622172355652,824.5552253723145,179.47280645370483,806.0726737976074,182.79455065727234,809.3256568908691,181.48478507995605,813.2696914672852,179.86284255981445,881.0165405273438,186.3327169418335,865.0002479553223,186.61473512649536,825.0702667236328,258.6861848831177,818.173942565918,259.2021507024765,945.6292533874512,378.3719730377197,899.9887847900391,385.5478262901306,832.6431655883789,551.1341500282288,861.6757965087891,601.5830254554749,601.2614250183105,626.243941783905,770.7033348083496,791.0911345481873,553.6109161376953,672.4611282348633,756.5135765075684,836.3822507858276,545.8055305480957,653.9728116989136,745.1207542419434,828.036675453186,561.4038276672363,641.9537258148193,749.2834854125977,811.0933756828308,891.731014251709,905.8523869514465,857.852897644043,902.1211338043213,907.086009979248,1218.5746335983276,826.8101119995117,1218.3575677871704,906.4611053466797,1529.5313215255737,849.4464111328125,1538.3079385757446,928.2264518737793,1581.1046648025513,868.560791015625,1586.8999099731445,832.2097206115723,1587.488923072815,792.7482032775879,1609.1615152359009
814.1531753540039,207.1975564956665,832.8354835510254,173.88772308826447,841.0154342651367,173.42797100543976,849.312915802002,172.62461185455322,826.6902923583984,172.90305733680725,829.284725189209,171.96060419082642,832.807674407959,170.6649684906006,906.3933563232422,184.33668673038483,887.7586555480957,182.5400197505951,843.6559867858887,250.89016199111938,835.2374267578125,250.19881188869476,959.0006446838379,379.7548019886017,911.4924430847168,384.4849956035614,857.8951835632324,527.6427626609802,866.1997604370117,602.8643703460693,616.5945625305176,580.2051329612732,776.8490982055664,790.0323915481567,563.3960151672363,617.2397661209106,757.7192115783691,846.1307072639465,556.1232376098633,597.419958114624,752.483081817627,838.3350706100464,566.1496353149414,588.8476610183716,760.5337715148926,816.7395329475403,892.8795433044434,910.2882671356201,831.1107444763184,903.7412738800049,863.0112648010254,1223.0633640289307,773.2952499389648,1221.6582298278809,850.4891967773438,1526.155858039856,784.3403434753418,1533.265085220337,871.0996627807617,1579.4312238693237,802.3309135437012,1583.7010860443115,773.2843208312988,1581.8636226654053,718.5391616821289,1601.1363887786865
835.8638763427734,202.87017703056335,855.765495300293,171.25922799110413,863.5673332214355,171.55238270759583,872.0918083190918,171.55630946159363,849.0100479125977,169.78856205940247,851.0089874267578,169.0897125005722,853.6672210693359,168.14547300338745,926.7470169067383,186.4612376689911,905.5926704406738,183.8904368877411,863.7955284118652,247.68164992332458,854.4051933288574,246.46081566810608,965.7618713378906,385.02949476242065,928.5272598266602,383.5163426399231,853.9656829833984,552.8202724456787,873.6054611206055,609.093747138977,670.8093452453613,545.7460641860962,782.0270919799805,801.0216379165649,622.6217651367188,570.0796437263489,770.8115386962891,859.4212245941162,624.1089820861816,546.7925763130188,769.8245429992676,854.2074608802795,640.7869148254395,540.347421169281,778.4295272827148,833.4139466285706,894.9015998840332,912.2535109519958,831.291561126709,908.2593584060669,863.5476493835449,1230.7895421981812,765.9387588500977,1223.1129312515259,855.1119232177734,1533.2514381408691,784.1072845458984,1541.6205739974976,872.783145904541,1586.468997001648,801.1364364624023,1592.9473686218262,783.2094955444336,1590.3676843643188,728.9878463745117,1608.185749053955
856.0098266601562,209.53758001327515,878.6915016174316,174.14022624492645,886.8919944763184,174.1561907529831,896.1600494384766,174.12937939167023,869.8702812194824,173.29465448856354,871.5590286254883,172.96744644641876,873.7883949279785,172.53550350666046,945.2794647216797,189.98657763004303,917.1091461181641,189.01745796203613,881.2803268432617,249.8055249452591,870.1656532287598,249.74919855594635,1003.2835006713867,382.75754570961,922.2920608520508,383.4866988658905,968.258171081543,488.0431544780731,852.7913475036621,587.1910858154297,803.210620880127,496.3910150527954,775.261344909668,720.3767323493958,754.4518661499023,511.6629660129547,754.4503784179688,773.4954786300659,761.5618515014648,489.11461114883423,769.8875999450684,760.8159255981445,776.6735458374023,485.35603165626526,777.3886871337891,740.4788160324097,863.8673973083496,904.2730593681335,811.7264556884766,901.53160572052,835.1115989685059,1228.9577436447144,751.8359756469727,1222.724633216858,813.889274597168,1537.8631210327148,739.9128913879395,1533.5279846191406,827.9635620117188,1593.4686613082886,750.8187675476074,1585.2670240402222,743.9087104797363,1580.856442451477,674.4500541687012,1587.015266418457
870.5793571472168,210.13985395431519,896.2399291992188,175.1751673221588,904.0839385986328,175.53386986255646,912.6171684265137,175.87371110916138,886.538143157959,173.53701889514923,888.1930160522461,172.97095477581024,890.280590057373,172.37508594989777,961.9014358520508,193.8414591550827,932.2116279602051,190.99910080432892,891.9557762145996,249.77449715137482,881.4567375183105,249.62024331092834,994.3656921386719,381.13492727279663,928.2253646850586,383.1816351413727,1058.8774108886719,474.83683705329895,872.6288223266602,561.5699172019958,901.8318557739258,520.4221057891846,783.8354301452637,661.8266415596008,860.8077049255371,505.59271931648254,764.1816329956055,703.680431842804,843.167610168457,485.67928075790405,774.0218353271484,696.5634799003601,864.4333648681641,479.3722379207611,780.505199432373,680.9821200370789,866.1680030822754,905.127546787262,811.0051345825195,901.0620045661926,810.3207778930664,1231.0039043426514,738.5165977478027,1225.8451795578003,771.0945510864258,1541.6499280929565,707.8742408752441,1539.338035583496,782.3227500915527,1595.125494003296,719.4375228881836,1591.4942121505737,699.561824798584,1587.7923774719238,627.8986358642578,1592.6360607147217
871.9067573547363,209.77725684642792,899.3326377868652,176.2753987312317,907.1652603149414,176.89411997795105,915.0819969177246,177.29432702064514,892.6958084106445,174.33725595474243,895.4239654541016,173.77310693264008,898.8250350952148,173.04517686367035,963.4397506713867,195.92774033546448,941.0381698608398,192.32494354248047,891.7652320861816,249.9869441986084,882.9361724853516,249.76828515529633,1000.3182220458984,378.9318573474884,932.8258895874023,378.2538163661957,1101.0526657104492,465.2354085445404,915.7791709899902,528.2166159152985,943.1328964233398,499.16220903396606,803.3838844299316,565.4648065567017,899.9489593505859,517.0606756210327,805.4435920715332,544.5755696296692,877.7176666259766,492.3955428600311,812.1026802062988,537.1185994148254,887.1362113952637,487.2773087024689,816.8583869934082,530.3025591373444,861.741828918457,905.2560997009277,812.3519325256348,896.2425899505615,745.898551940918,1192.5857019424438,706.3171005249023,1202.5264406204224,714.6109199523926,1498.5391902923584,659.425106048584,1527.0171689987183,735.2066230773926,1553.2231664657593,674.410400390625,1586.0225057601929,632.0235443115234,1559.1327381134033,554.0033912658691,1580.8482027053833
887.2029304504395,214.772087931633,917.003288269043,181.94262206554413,924.5856285095215,182.42411613464355,932.0463180541992,182.65441060066223,908.9400672912598,179.97351586818695,911.0535621643066,179.33994054794312,913.6017608642578,178.49372506141663,979.04296875,197.25614190101624,953.441162109375,195.4247134923935,905.7695960998535,254.12217020988464,895.221061706543,253.2226538658142,1014.6189880371094,380.53909063339233,946.5605735778809,379.3162930011749,1131.5325164794922,475.1263225078583,956.0135078430176,541.9433569908142,957.3482322692871,502.80752420425415,833.613452911377,619.5436120033264,908.4555244445801,518.5654270648956,812.0714378356934,644.936900138855,892.5892066955566,496.21888160705566,814.4400215148926,643.6940503120422,905.2118110656738,491.93968534469604,820.2541351318359,632.5956916809082,857.7678108215332,906.6049718856812,817.2089195251465,896.2807631492615,774.9271202087402,1200.0503969192505,735.7003211975098,1207.437071800232,719.6608543395996,1505.781798362732,685.1287078857422,1532.0314407348633,733.6307144165039,1555.99365234375,696.8166732788086,1589.8418855667114,637.0517921447754,1570.2830457687378,599.7476005554199,1587.9323244094849
895.8320045471191,218.73292744159698,922.3904800415039,185.42658627033234,929.5709037780762,185.77593863010406,936.9391250610352,185.85658192634583,914.8014450073242,183.57228934764862,916.680965423584,182.86614954471588,919.3315887451172,181.95902109146118,983.6330795288086,198.05134177207947,959.6385955810547,197.01797783374786,913.9463996887207,257.4602007865906,903.9757919311523,256.74176573753357,1042.8144836425781,384.16136026382446,942.1718788146973,381.6079080104828,1147.7108001708984,481.89385771751404,942.0217323303223,545.1578879356384,979.5950317382812,492.15768456459045,831.5673065185547,595.7913208007812,933.7731742858887,512.3743844032288,823.9703178405762,558.5862278938293,912.059383392334,489.43296790122986,826.1144256591797,558.3761787414551,918.987865447998,482.2105085849762,831.8803024291992,554.3108296394348,861.7501258850098,919.0270972251892,811.6512107849121,900.0074458122253,798.5038375854492,1204.6069765090942,747.9946517944336,1213.033790588379,752.1096611022949,1516.1558961868286,705.6380081176758,1550.4526805877686,767.3153686523438,1576.3651371002197,717.5394630432129,1610.000295639038,672.6395416259766,1576.128888130188,623.4102630615234,1612.601351737976
899.3280601501465,221.68418884277344,924.9894332885742,188.02846312522888,932.6250457763672,188.02551805973053,940.6706428527832,187.71345376968384,917.5710868835449,186.44078314304352,919.5748329162598,185.64429581165314,922.5042915344238,184.63755011558533,987.9170608520508,201.4158296585083,964.2673873901367,198.17596793174744,918.8192939758301,259.41266655921936,910.1025009155273,259.09455120563507,1040.160255432129,384.2913293838501,954.5129013061523,381.80649876594543,1157.7526473999023,495.80628275871277,949.6121406555176,553.2630300521851,967.2173309326172,498.35262179374695,830.3133201599121,640.0672745704651,918.6640548706055,516.8361103534698,804.3265914916992,643.3822274208069,900.263729095459,492.8092360496521,809.9955940246582,638.3066082000732,909.6149826049805,484.313188791275,818.9984321594238,628.4776210784912,863.4318923950195,923.8026094436646,812.0112991333008,904.2087507247925,804.558048248291,1225.4770946502686,749.8769760131836,1221.3458919525146,743.8802146911621,1524.3070650100708,705.0380516052246,1550.5939149856567,754.4891738891602,1582.6753664016724,716.07421875,1609.4074201583862,664.7637748718262,1578.150715827942,624.6558952331543,1612.3154067993164
894.569091796875,222.10687816143036,920.4917335510254,188.73592257499695,927.7930068969727,189.11644756793976,935.536937713623,189.08879935741425,913.5642242431641,186.53972446918488,916.0112571716309,185.79393088817596,919.3932151794434,184.8888784646988,984.400749206543,201.79120481014252,964.3590545654297,199.51716363430023,916.0083389282227,260.28521060943604,907.9420852661133,259.54270005226135,1025.2215957641602,384.48567152023315,960.2207565307617,382.54685282707214,1137.6353073120117,501.78631067276,947.8304100036621,570.4733490943909,926.0723304748535,515.4068684577942,810.2017593383789,716.554262638092,876.3644027709961,540.944995880127,768.8404083251953,765.1253128051758,866.2750053405762,516.2233436107635,767.0557022094727,771.0649466514587,878.5208702087402,507.0398247241974,780.3065299987793,754.5280981063843,857.9376983642578,917.9319834709167,811.9274711608887,902.5027370452881,790.3650856018066,1225.9235858917236,741.7214584350586,1222.2191762924194,721.8952560424805,1527.9303646087646,690.6295967102051,1548.3449792861938,730.0402450561523,1586.3981866836548,699.7122573852539,1605.2346324920654,645.4363059997559,1581.8337535858154,617.4196815490723,1607.6044607162476
892.2815322875977,217.39950478076935,918.8654708862305,185.33644795417786,926.1779022216797,186.4776849746704,933.709659576416,187.16814994812012,912.7495765686035,182.24683284759521,915.7377433776855,181.56874358654022,919.6993446350098,180.79547882080078,983.7106704711914,202.81574964523315,966.1338043212891,199.37020003795624,914.630298614502,257.3320984840393,907.3040199279785,256.39102935791016,1039.903793334961,384.6964931488037,960.197868347168,383.3997309207916,1119.1827392578125,502.32884645462036,944.1644096374512,591.4577293395996,908.7324142456055,525.6733989715576,809.3639373779297,745.7176852226257,822.1901893615723,552.0109105110168,771.7999076843262,798.2801198959351,824.7524070739746,522.7018439769745,767.303352355957,803.1545734405518,851.8662643432617,513.6658358573914,776.2909126281738,784.6765565872192,860.1980209350586,912.5805258750916,810.860595703125,898.9069890975952,798.6157035827637,1240.4418897628784,747.0455360412598,1229.3253135681152,743.4129524230957,1546.4782905578613,696.6768264770508,1551.498613357544,749.3380165100098,1600.908637046814,700.9625816345215,1606.0671043395996,667.1349334716797,1603.033332824707,634.680061340332,1613.1437587738037
887.5182151794434,207.32649564743042,914.8178672790527,176.79498553276062,922.1256637573242,178.24881792068481,929.8747444152832,179.41129803657532,908.9152908325195,173.67064118385315,911.5748977661133,172.96414732933044,915.2695083618164,172.1240794658661,979.7289276123047,198.60198855400085,963.8990020751953,193.92760634422302,909.0824317932129,249.2361617088318,901.1349105834961,248.29460978507996,1035.2534866333008,385.3184974193573,956.3737106323242,387.15306401252747,1098.984260559082,505.49335956573486,907.4975395202637,603.9143586158752,855.8843421936035,520.7683682441711,796.6211700439453,750.0302267074585,770.0820922851562,540.4423069953918,768.076057434082,801.8684005737305,784.0470314025879,510.5507290363312,764.5963668823242,800.9823060035706,813.7922859191895,501.942994594574,768.1847190856934,782.5447797775269,850.5330276489258,912.7737092971802,798.8938522338867,900.2486515045166,801.8859672546387,1263.1248807907104,746.044807434082,1244.0748453140259,755.6040573120117,1576.8487071990967,697.3730850219727,1564.5580959320068,765.1543807983398,1633.0426168441772,700.2037811279297,1618.5165882110596,677.8771018981934,1627.348952293396,638.6111068725586,1621.3157844543457
882.5603485107422,204.86435651779175,909.0077590942383,173.6825180053711,916.2180519104004,174.7580623626709,924.0474700927734,175.67542612552643,903.0462455749512,171.09218001365662,905.680046081543,170.45688271522522,909.3627548217773,169.63802576065063,975.3307342529297,195.66260397434235,960.4520416259766,190.76148390769958,904.6329689025879,245.66988050937653,896.4071846008301,244.30055379867554,1028.0614471435547,391.9792699813843,954.1156768798828,392.5452697277069,918.0671310424805,514.9150907993317,859.1762351989746,607.8778696060181,688.6675071716309,529.1440379619598,754.6056175231934,753.3349442481995,626.5560150146484,548.8984107971191,733.9485740661621,804.8722386360168,638.4371566772461,523.942312002182,728.0562973022461,797.1528840065002,657.6470947265625,514.7639751434326,731.4909553527832,778.9252781867981,867.5653839111328,921.6076827049255,801.3728713989258,913.3082628250122,827.1613311767578,1271.6142654418945,748.7456703186035,1270.5857133865356,768.1724166870117,1581.1099433898926,706.783332824707,1590.332407951355,770.364990234375,1637.8037738800049,712.9932403564453,1645.7437992095947,695.8539390563965,1633.3360290527344,642.5035858154297,1646.0369539260864
879.5100975036621,203.18059980869293,905.1803398132324,170.89223742485046,912.392520904541,171.74704670906067,920.2132987976074,172.46932804584503,899.1680145263672,168.72341394424438,901.8017578125,168.14923882484436,905.4443550109863,167.3397159576416,971.5407943725586,192.04342424869537,955.7719802856445,187.6353532075882,901.8964576721191,242.75024235248566,893.6836624145508,241.16470277309418,1024.160270690918,392.58949398994446,952.8631782531738,396.95533633232117,899.996166229248,515.1639246940613,869.0723419189453,607.5131964683533,626.2402725219727,532.9859161376953,749.0196418762207,767.6125574111938,558.0925941467285,554.3847298622131,726.1716842651367,823.0674004554749,552.8744888305664,530.2639675140381,716.7997169494629,815.9342265129089,574.7856903076172,518.5827112197876,721.6475486755371,797.5772953033447,872.8169059753418,923.6537146568298,809.8958015441895,918.4829521179199,881.6493988037109,1267.1548891067505,787.5854873657227,1269.0600728988647,822.8336334228516,1580.2173471450806,765.7000923156738,1585.795397758484,827.5762939453125,1636.36709690094,777.5997734069824,1641.9002151489258,759.7541427612305,1629.9390649795532,691.4016151428223,1645.7772731781006
870.4852867126465,197.01635241508484,898.0035209655762,162.78785169124603,906.4025688171387,163.79124999046326,915.1124954223633,164.570871591568,892.3075675964355,160.5197650194168,895.9399223327637,159.940584897995,900.7881546020508,158.97846579551697,969.3335723876953,184.87704992294312,953.6043548583984,179.10224318504333,893.8486862182617,237.0060932636261,885.4405975341797,235.45138835906982,1022.1550369262695,390.75405836105347,956.8660926818848,393.22376132011414,856.7483139038086,515.6490397453308,848.1850433349609,604.6209168434143,557.3190879821777,549.1484355926514,685.7205390930176,708.0970001220703,490.7643699645996,577.336413860321,646.7032241821289,797.2903847694397,488.22166442871094,554.4453048706055,639.2703437805176,781.8265056610107,507.85892486572266,548.4906721115112,652.7543449401855,770.8789730072021,889.8958969116211,922.4846363067627,832.9751586914062,917.9989314079285,898.4805107116699,1241.7507219314575,816.35009765625,1255.9514093399048,838.1337547302246,1546.9072723388672,793.8439178466797,1579.888916015625,848.4056282043457,1600.0988245010376,808.7725067138672,1641.4243698120117,766.2108421325684,1609.3051958084106,708.6707496643066,1632.6365518569946
856.9168281555176,197.1066516637802,883.2848167419434,162.06846714019775,892.3804664611816,162.7878999710083,902.3089027404785,163.39587092399597,876.6542816162109,160.13507187366486,879.8819732666016,159.43147480487823,884.2165946960449,158.38927567005157,959.8992919921875,182.33072698116302,942.8354072570801,175.9890514612198,882.8359794616699,236.17798268795013,872.6828956604004,233.85416507720947,1021.7452239990234,385.69247245788574,955.9212112426758,385.20156383514404,805.7451438903809,523.5153901576996,786.9628715515137,555.8378219604492,508.5622787475586,589.8390698432922,544.6376609802246,612.9667496681213,442.6534938812256,622.7757811546326,476.6604709625244,644.773199558258,434.91522789001465,610.5781245231628,466.02413177490234,638.7147974967957,451.8762016296387,603.8482475280762,489.6653366088867,634.6698546409607,903.9377403259277,922.1598744392395,845.0287628173828,917.2534275054932,895.6176567077637,1214.29434299469,827.362232208252,1235.6986284255981,844.2083930969238,1518.0771732330322,805.6429481506348,1564.972529411316,861.4742660522461,1566.5719413757324,820.7524681091309,1630.0481128692627,765.2204132080078,1596.6759824752808,712.3368072509766,1618.1667852401733
840.4146194458008,198.34053754806519,865.9230422973633,162.63921439647675,875.5166816711426,163.10603141784668,885.9640502929688,163.5240215063095,857.680721282959,160.8215457201004,860.2905464172363,160.03413498401642,863.7274360656738,158.95310282707214,944.4083404541016,180.5657958984375,926.678638458252,174.12120401859283,868.9391899108887,236.96264147758484,858.1266975402832,234.6287977695465,1001.5673446655273,384.00261640548706,956.4480400085449,377.3582911491394,774.9297523498535,540.5404114723206,784.1997528076172,553.4538316726685,478.4323310852051,631.5030884742737,542.8011131286621,612.4326467514038,414.5204257965088,674.4293975830078,477.72997856140137,646.7555665969849,408.0238437652588,665.9931206703186,476.8231773376465,641.4064908027649,425.3576374053955,655.9109544754028,550.634651184082,635.0970339775085,911.6591835021973,922.7607321739197,850.0911712646484,923.1635141372681,897.0133209228516,1253.9745140075684,823.2781219482422,1263.2865858078003,850.3483200073242,1570.793137550354,795.2629280090332,1608.7657499313354,863.4199333190918,1623.811011314392,809.1779136657715,1672.8288745880127,773.2621192932129,1634.644603729248,707.3807144165039,1664.2446041107178
819.686164855957,204.21257972717285,841.8871307373047,166.92708492279053,851.5514945983887,165.92268884181976,861.9664764404297,164.87134873867035,834.5781326293945,166.73354744911194,837.5814056396484,165.6786024570465,841.4632987976074,164.21416461467743,921.8129539489746,181.61015152931213,904.0671730041504,175.7549911737442,851.1541557312012,238.8932365179062,841.3348960876465,236.6792392730713,985.3129577636719,384.1724646091461,960.1688003540039,377.9373264312744,754.954776763916,559.360249042511,758.9105415344238,557.5869655609131,460.3022289276123,684.5621609687805,510.3647804260254,639.1210556030273,401.90016746520996,732.961528301239,441.5459632873535,676.6324353218079,396.8474292755127,724.5661926269531,439.91177558898926,672.8075194358826,413.7986755371094,712.2488021850586,462.7628803253174,664.4692826271057,915.9912300109863,930.965588092804,874.134407043457,940.3624391555786,900.3200340270996,1223.1013441085815,852.0512008666992,1255.2942895889282,871.9003486633301,1552.5642442703247,833.8821029663086,1601.0301733016968,900.1009368896484,1605.6320714950562,853.5056304931641,1668.0247163772583,782.6213264465332,1630.4539203643799,724.3901252746582,1646.8636322021484
797.4886322021484,218.51961135864258,815.3782081604004,178.549987077713,824.4555473327637,175.78041851520538,834.7787475585938,172.56965339183807,809.402961730957,179.17628824710846,813.021183013916,177.23203003406525,817.6970100402832,174.87480282783508,895.5228996276855,182.44086921215057,878.2060432434082,176.1459445953369,831.3302993774414,249.56969439983368,824.1002655029297,248.81316661834717,965.775260925293,386.096316576004,959.4289970397949,378.44770789146423,743.2426071166992,586.5545010566711,756.009349822998,564.0671396255493,471.0791873931885,735.7965803146362,511.22732162475586,675.1226949691772,411.2211799621582,792.0198440551758,447.9741382598877,699.6606588363647,404.2680358886719,783.8221979141235,439.7874069213867,702.1305227279663,421.0004138946533,767.1217775344849,461.9494915008545,697.8169512748718,924.8354530334473,943.097198009491,896.2646484375,949.8547554016113,903.4024429321289,1186.343321800232,888.3354377746582,1232.4945259094238,903.9153671264648,1510.1343154907227,885.0473785400391,1566.7936420440674,941.5634536743164,1556.4732313156128,904.3500137329102,1633.8907957077026,815.8955955505371,1606.663842201233,782.0264625549316,1621.0863590240479
773.1303977966309,229.33999121189117,788.7288093566895,187.84546673297882,795.9722900390625,185.1037073135376,804.1133308410645,181.96455717086792,784.9423599243164,188.5869312286377,789.323787689209,186.66053652763367,794.5583724975586,184.3093603849411,864.9102401733398,186.85502350330353,852.3837089538574,183.2158076763153,804.8447799682617,262.22130954265594,801.1790657043457,262.2889655828476,940.0140380859375,389.9014377593994,959.3544387817383,380.78505992889404,734.0081977844238,621.5848159790039,771.5240478515625,580.18150806427,486.7343330383301,796.2688493728638,610.1953125,675.9724187850952,435.4328727722168,848.6348819732666,601.5218925476074,705.2687072753906,426.5435314178467,840.8358335494995,589.5125770568848,702.9635739326477,440.7425594329834,827.6875162124634,583.143310546875,697.3467707633972,932.6809501647949,950.1797747612,910.9610366821289,959.7752809524536,957.3834800720215,1269.7048330307007,937.701358795166,1299.797158241272,977.3605728149414,1589.0529298782349,942.3439979553223,1655.5626153945923,1010.4423522949219,1636.458764076233,962.0401382446289,1721.2524461746216,899.6075248718262,1671.438159942627,852.0351791381836,1718.2893562316895
749.8012733459473,258.1094026565552,759.5072364807129,217.18039512634277,766.5704154968262,213.84670972824097,774.1915512084961,210.18288731575012,754.6266746520996,217.86601603031158,758.1972312927246,215.57948648929596,762.7863121032715,212.93388426303864,834.6585273742676,205.8820778131485,819.3209266662598,206.96162939071655,779.5631790161133,291.3253319263458,775.6204605102539,291.5924799442291,905.3108596801758,397.5291895866394,961.8017578125,387.3018944263458,736.6423988342285,660.4723620414734,958.0950164794922,612.3106598854065,518.1653022766113,848.5687065124512,877.5679206848145,701.3284349441528,470.11247634887695,903.4482479095459,876.7751884460449,721.4567828178406,462.8283405303955,898.0650544166565,854.1996574401855,712.0028972625732,477.9279899597168,883.570568561554,850.0437355041504,709.1874146461487,930.3723907470703,949.8749041557312,944.6672630310059,960.8969163894653,957.1393775939941,1269.5377206802368,959.3404769897461,1292.0790910720825,970.8366394042969,1587.8333187103271,967.7879333496094,1638.7925434112549,1002.6457214355469,1641.9873762130737,983.7587356567383,1703.7123441696167,895.3011131286621,1657.2959232330322,908.1575775146484,1695.4536724090576
727.1014022827148,292.7967381477356,731.2469673156738,250.6626033782959,738.0292510986328,247.08964347839355,745.6137084960938,242.77652263641357,725.888671875,252.23287045955658,728.8717460632324,250.09304702281952,732.8956031799316,247.48230278491974,802.2095489501953,230.69258093833923,789.8291015625,233.01203727722168,761.9023704528809,324.2789089679718,757.448616027832,326.7635464668274,884.6078109741211,411.2713158130646,966.1002731323242,392.6225817203522,747.8403282165527,692.9431414604187,1032.3723220825195,624.3598079681396,541.9393157958984,898.1399202346802,962.7195739746094,706.9334578514099,516.6470718383789,960.0157785415649,962.845458984375,721.9891476631165,499.8720359802246,954.1542291641235,935.2120971679688,713.0455470085144,517.0691299438477,938.3447957038879,930.3512763977051,709.7722434997559,925.9303092956543,950.701003074646,973.4194564819336,957.9550695419312,947.5716590881348,1266.9468355178833,973.8581085205078,1290.5360698699951,984.829216003418,1582.4841785430908,1009.0190505981445,1629.5705938339233,1027.2677993774414,1636.5065288543701,1029.1208267211914,1692.8635597229004,912.3116111755371,1653.276343345642,958.1896018981934,1688.302731513977
706.087474822998,316.3991367816925,708.2314682006836,273.0133008956909,714.9291229248047,269.0721434354782,722.1981239318848,264.7997063398361,702.9254150390625,275.22422432899475,705.6861305236816,273.1217694282532,709.2596626281738,270.679167509079,776.2020492553711,250.8376657962799,764.9117088317871,253.5640400648117,742.7386665344238,346.16602420806885,737.684211730957,348.86335015296936,872.1009635925293,427.9905331134796,955.9210395812988,401.1182427406311,765.2291679382324,719.0861177444458,1025.7450485229492,643.1435322761536,620.7247924804688,928.1667137145996,986.2430191040039,792.473931312561,602.8531265258789,993.3131074905396,992.7873229980469,829.8277258872986,589.4472312927246,993.5160756111145,962.9961776733398,819.025354385376,595.843505859375,968.6890769004822,954.122257232666,810.2946996688843,924.5623397827148,956.6083216667175,967.1821975708008,961.379714012146,964.665641784668,1265.5912685394287,967.5543594360352,1281.3842868804932,995.1069259643555,1562.0272064208984,1016.663932800293,1587.451457977295,1029.8646926879883,1614.4749927520752,1035.069923400879,1644.9821376800537,930.2503395080566,1615.692286491394,984.4171142578125,1637.8784465789795
687.7672576904297,341.658239364624,685.5417823791504,295.6361997127533,692.6045608520508,290.51873803138733,700.0825309753418,285.22866010665894,679.4546699523926,298.6656904220581,682.0391464233398,296.2847900390625,685.6014060974121,293.3561396598816,754.5855903625488,267.39313423633575,741.6203498840332,272.3202931880951,729.9377059936523,365.88454127311707,724.292049407959,369.4307541847229,865.5293083190918,437.1123504638672,930.6782341003418,411.95363759994507,773.8460540771484,738.1503796577454,982.3928833007812,640.8774733543396,691.5905570983887,955.9437346458435,932.9778099060059,813.0671811103821,675.7533073425293,1019.3232178688049,933.819408416748,859.2380833625793,662.4847412109375,1019.6373581886292,915.4805374145508,851.506884098053,672.8087425231934,998.5763096809387,910.7254600524902,837.0042872428894,928.0455207824707,964.404923915863,961.9576263427734,963.0740761756897,961.3929748535156,1262.447805404663,968.6342239379883,1270.9836673736572,1013.5960006713867,1565.8095073699951,1029.9444580078125,1583.4563398361206,1063.1391906738281,1616.487808227539,1062.1302795410156,1639.532446861267,927.3873138427734,1627.5239181518555,962.376823425293,1638.243956565857
668.0704879760742,354.41497564315796,666.2739944458008,310.2651286125183,673.5822486877441,304.6988904476166,681.4593887329102,298.84175062179565,659.0453910827637,314.19172167778015,661.0659027099609,312.2932970523834,664.1294288635254,309.6628224849701,735.8211708068848,281.1077570915222,719.893684387207,288.68224024772644,711.2060737609863,376.5642178058624,704.1126251220703,380.7081663608551,852.612419128418,447.8193211555481,911.1936378479004,422.7971112728119,791.1569023132324,750.3004002571106,1008.7511444091797,661.9577693939209,758.4652519226074,971.9280052185059,955.9068489074707,856.4961791038513,744.521427154541,1040.074245929718,952.5871467590332,908.1877756118774,740.800666809082,1046.0096311569214,927.4706268310547,905.494794845581,747.2565650939941,1017.6588535308838,925.6505584716797,889.4425463676453,932.8109550476074,972.7190852165222,967.0046997070312,968.0567407608032,971.444206237793,1275.263442993164,983.8973236083984,1278.7735748291016,1027.3539733886719,1583.8208198547363,1049.7275161743164,1592.8617525100708,1075.6542205810547,1638.8163614273071,1079.318962097168,1650.2768182754517,930.8770179748535,1638.4929513931274,982.3955154418945,1645.7555150985718
657.8087997436523,380.52618384361267,652.5541877746582,337.1729528903961,658.8701820373535,332.22646594047546,666.4496612548828,326.50888681411743,646.3299751281738,340.09352445602417,648.0443000793457,337.7317428588867,650.7822418212891,334.8682701587677,719.8309135437012,302.24907875061035,704.5034980773926,310.61518907546997,699.3986892700195,397.26300716400146,693.6757278442383,399.838410615921,836.5880584716797,460.3942680358887,896.7706489562988,424.9920701980591,805.1969718933105,763.0672430992126,1000.3724670410156,666.6739296913147,796.7118072509766,986.3930082321167,964.6001815795898,884.6524214744568,800.9612846374512,1046.7709708213806,963.8468170166016,941.8277621269226,799.0317535400391,1057.1233105659485,940.9921073913574,944.1932773590088,801.5179252624512,1032.8514647483826,938.7067222595215,924.9873948097229,925.9895896911621,977.9649066925049,958.5397911071777,967.9329514503479,971.2697982788086,1303.573021888733,983.528938293457,1305.7480573654175,1036.5522766113281,1626.9634866714478,1055.0632095336914,1638.9552783966064,1084.8827362060547,1684.6019268035889,1084.1594696044922,1700.0237703323364,943.1232261657715,1685.8798599243164,994.2148590087891,1694.6808099746704
646.215991973877,395.7046329975128,640.4926300048828,355.43940782546997,646.3359260559082,350.9150791168213,653.2363700866699,345.82327008247375,635.2174186706543,356.958224773407,637.078971862793,354.18986320495605,640.0183296203613,350.8068037033081,704.7538948059082,320.701185464859,692.7396583557129,324.7739052772522,685.4466819763184,410.9591066837311,680.1902389526367,411.76573276519775,824.1366577148438,466.76188588142395,888.662281036377,424.87690687179565,822.9856109619141,764.1659617424011,1009.9241638183594,666.9450688362122,830.193042755127,983.7559032440186,985.447883605957,879.6198034286499,836.4719581604004,1045.6186294555664,989.4263076782227,920.6201362609863,836.3349723815918,1053.85901927948,959.8209571838379,934.6552562713623,840.2147483825684,1027.1558690071106,957.6080131530762,917.4522113800049,924.9075508117676,976.9858574867249,975.3490447998047,967.0356559753418,980.6493759155273,1293.740816116333,1007.2033309936523,1297.405185699463,1062.5994873046875,1615.7833099365234,1096.9500732421875,1629.5944118499756,1114.193229675293,1673.8126230239868,1129.9927139282227,1690.4655361175537,977.4748992919922,1673.836054801941,1039.0443420410156,1686.6048288345337
636.1649322509766,403.1428062915802,630.384407043457,363.9426004886627,635.4973411560059,359.8334777355194,641.4753341674805,355.153945684433,626.641960144043,364.5283305644989,628.8237190246582,361.4259374141693,632.1143531799316,357.6447629928589,691.5585136413574,329.8879551887512,683.8343238830566,331.14004254341125,672.9733657836914,417.7986431121826,668.9362907409668,417.6706051826477,815.950870513916,470.8340907096863,885.0758743286133,424.2712211608887,830.7804107666016,769.2081713676453,1016.4860916137695,670.3827166557312,854.9948501586914,987.8078627586365,990.0457763671875,895.405740737915,860.6293487548828,1048.3616924285889,990.9532928466797,949.1665434837341,856.4103126525879,1055.7037568092346,965.1104736328125,957.2596478462219,859.0542411804199,1029.479477405548,961.8207550048828,938.7726831436157,927.6131629943848,976.6451954841614,984.6949768066406,966.617488861084,992.6116561889648,1315.8950471878052,1016.407585144043,1313.1606101989746,1080.6055068969727,1638.8964414596558,1102.7181243896484,1646.383023262024,1133.507308959961,1694.3208360671997,1136.279296875,1705.1611232757568,984.2484283447266,1701.7653179168701,1041.8342971801758,1704.5150756835938
629.7711753845215,407.7148997783661,622.8196334838867,367.95011043548584,627.7741241455078,363.7666046619415,633.5497856140137,358.8643741607666,619.1586112976074,367.8391635417938,621.2418365478516,364.175341129303,624.3724250793457,359.7074353694916,682.5208282470703,333.7915027141571,676.1852645874023,332.1934425830841,668.0948638916016,420.06129026412964,663.8564872741699,419.87985491752625,813.3592414855957,473.91713976860046,876.9632148742676,423.9414703845978,842.9018211364746,769.114830493927,1002.2528457641602,674.4138836860657,871.1330223083496,991.7417621612549,969.5820236206055,910.865113735199,878.7673759460449,1048.215308189392,966.4615631103516,971.5066838264465,874.4072914123535,1053.7340068817139,956.4296722412109,965.6041932106018,874.1533470153809,1030.2623176574707,947.7473831176758,953.5499596595764,939.2013931274414,975.1051998138428,982.0140838623047,962.8044819831848,1024.412956237793,1326.5653896331787,1022.40966796875,1320.4482793807983,1106.418571472168,1652.688102722168,1102.2925186157227,1654.689974784851,1156.1811447143555,1700.2701902389526,1137.4865341186523,1708.1852388381958,1011.6119384765625,1734.6923732757568,1037.5219345092773,1726.9235801696777
620.8062744140625,406.7641746997833,614.3955230712891,364.7888481616974,619.6053886413574,360.37681818008423,625.4532623291016,355.24590253829956,610.8006477355957,365.2442228794098,613.2176971435547,361.72887682914734,616.6684341430664,357.34230637550354,674.3381309509277,332.469699382782,667.4151992797852,331.79230213165283,659.289665222168,420.42821645736694,655.832576751709,420.98214626312256,807.5988578796387,473.32072377204895,854.7005653381348,430.4395401477814,848.873291015625,766.6583561897278,996.2083053588867,678.6480188369751,876.961498260498,989.6874904632568,953.5885047912598,909.3656086921692,884.3876266479492,1048.8535022735596,956.2945747375488,971.3479399681091,881.4519882202148,1053.7989592552185,945.4456901550293,979.3509221076965,881.6578102111816,1030.706877708435,936.7496681213379,966.6660904884338,947.7189445495605,974.0380239486694,977.1146392822266,960.8584213256836,1026.332130432129,1328.7221431732178,1020.5718612670898,1323.5295581817627,1098.7045669555664,1651.8060636520386,1092.432746887207,1652.9567956924438,1145.9529876708984,1696.2367057800293,1128.614845275879,1704.493317604065,1002.8878784179688,1737.1561861038208,1022.5806427001953,1725.8364486694336
617.8439140319824,405.3681170940399,612.1908760070801,363.92229080200195,617.3421478271484,359.44514751434326,623.0256271362305,354.4151043891907,608.3867454528809,364.9451780319214,610.9365463256836,361.70933961868286,614.4356918334961,357.56043434143066,671.5750122070312,331.52872681617737,665.6111526489258,331.0584819316864,657.645263671875,421.7003881931305,654.0992546081543,422.08540320396423,798.8395500183105,471.71735286712646,858.230094909668,429.0446090698242,847.9401969909668,763.8415217399597,993.7543487548828,675.415141582489,876.2538528442383,987.4296712875366,965.4510498046875,909.3158483505249,884.1456985473633,1044.7696781158447,963.467903137207,968.8686776161194,880.1750564575195,1050.404634475708,954.6007919311523,964.0459156036377,881.0356521606445,1027.6136255264282,944.150276184082,951.6929268836975,954.0843772888184,970.6673884391785,995.4175186157227,952.3263573646545,1028.6572265625,1326.7194986343384,1044.8819732666016,1325.4114389419556,1109.1316223144531,1651.5667247772217,1116.9209289550781,1658.4313344955444,1157.9231643676758,1698.8548851013184,1153.3787155151367,1712.2792339324951,1009.6923065185547,1731.3913249969482,1042.2455978393555,1725.1401901245117
620.1034927368164,399.0820598602295,615.2300262451172,357.5348138809204,620.5559921264648,353.0510079860687,626.3984870910645,348.2653248310089,611.02294921875,358.67392659187317,613.2498550415039,355.4104721546173,616.391487121582,351.4759933948517,674.9905586242676,326.83059096336365,668.8285446166992,326.21901512145996,661.4526557922363,416.4896500110626,656.8276405334473,416.8627882003784,790.1029586791992,471.21450304985046,864.3009567260742,421.7805004119873,845.5066680908203,766.2110280990601,1009.9069976806641,671.9301152229309,870.1693725585938,987.0732378959656,977.0267486572266,900.6881904602051,872.6177215576172,1044.977023601532,973.6703109741211,958.3291411399841,869.3729782104492,1050.1413488388062,950.9750747680664,962.0880746841431,873.1218338012695,1027.1355271339417,948.0740547180176,945.6206202507019,954.305591583252,970.276129245758,1017.2652053833008,950.1029133796692,1024.1072845458984,1326.4027833938599,1053.8620376586914,1330.6268119812012,1105.8774948120117,1651.055989265442,1136.3232421875,1663.4420013427734,1155.6647872924805,1700.70161819458,1177.7546310424805,1719.624195098877,997.551155090332,1730.1113319396973,1050.3525924682617,1724.8215436935425
627.7454566955566,394.0015482902527,623.4884262084961,352.3335385322571,628.7963676452637,347.8808891773224,634.4591331481934,343.18729162216187,618.7516593933105,353.60416531562805,620.6708908081055,350.4352104663849,623.4138679504395,346.7276465892792,681.7971611022949,322.42618918418884,674.6645164489746,322.25383043289185,668.6369132995605,411.63418650627136,663.7334060668945,412.4127781391144,795.450267791748,470.0049018859863,868.337345123291,412.85415172576904,842.3214340209961,762.7381038665771,1015.4758071899414,670.7974076271057,858.508186340332,992.4573969841003,974.5814895629883,907.5190043449402,859.903678894043,1051.1785912513733,969.0937042236328,965.9681582450867,856.5664672851562,1057.853364944458,945.4552459716797,974.1560196876526,860.7974052429199,1034.06418800354,944.4364356994629,955.7892394065857,954.0665245056152,970.0503087043762,1006.5220642089844,945.8536505699158,1022.8301239013672,1328.4130239486694,1042.781639099121,1327.3271799087524,1106.7744827270508,1654.5451354980469,1125.3100204467773,1663.2564783096313,1156.5043258666992,1702.3529148101807,1164.9106979370117,1718.1029319763184,998.4782409667969,1738.434247970581,1047.4156951904297,1730.9180545806885
632.4552726745605,392.5516426563263,629.5353126525879,350.9190058708191,634.9920845031738,346.9455814361572,640.8307456970215,342.97624468803406,624.7859001159668,351.4097213745117,626.8154525756836,348.1549894809723,629.6457481384277,344.35447096824646,688.7509918212891,316.0282516479492,681.0611915588379,318.83942127227783,670.4462242126465,406.6139602661133,664.4321250915527,409.74857211112976,801.5041923522949,466.01503014564514,872.7198600769043,405.83749294281006,836.6348648071289,761.5779733657837,1012.6123809814453,662.0842623710632,847.2090911865234,987.1964478492737,967.5745010375977,906.1402630805969,843.7927436828613,1043.309826850891,961.5150833129883,962.7424263954163,840.0391387939453,1049.6902871131897,939.8646354675293,969.0341806411743,844.5801544189453,1027.6028108596802,937.9936408996582,951.7399835586548,948.4689903259277,969.5242524147034,1002.8318023681641,945.8268713951111,1021.8463897705078,1327.866883277893,1036.4883041381836,1325.598120689392,1098.1400299072266,1653.867416381836,1111.7962646484375,1660.8051538467407,1145.8427810668945,1703.159122467041,1148.1562042236328,1715.8914613723755,989.3659973144531,1732.7534580230713,1036.5977096557617,1726.8016576766968
641.6976356506348,364.2496597766876,637.4337387084961,323.94272089004517,643.0675506591797,318.94930601119995,648.914737701416,313.6886787414551,632.8499221801758,325.8693730831146,635.3572654724121,322.2418248653412,638.4816741943359,317.8911101818085,701.5085792541504,286.5919840335846,689.688549041748,290.8150792121887,684.2218208312988,380.0680732727051,678.4518241882324,382.4557650089264,804.4838333129883,452.38526701927185,876.0977554321289,403.4073793888092,823.4088706970215,760.768096446991,994.0196228027344,664.6124482154846,800.0159454345703,982.3949289321899,957.1164321899414,905.7408285140991,794.4057655334473,1039.185061454773,944.9740219116211,956.3477396965027,789.0390586853027,1046.5742468833923,926.3688468933105,961.0844993591309,794.4435882568359,1023.5265827178955,919.6333694458008,947.6050472259521,939.5359039306641,960.9616112709045,999.785270690918,943.397433757782,999.1350173950195,1328.033480644226,1035.4917526245117,1324.1261672973633,1078.5667419433594,1660.2914571762085,1105.1591491699219,1665.0148916244507,1131.075782775879,1714.6894884109497,1143.3600997924805,1722.3667430877686,956.8937873840332,1728.8936519622803,1016.5217971801758,1726.6481924057007
670.6523323059082,329.9767577648163,673.9758110046387,287.3456311225891,680.6621932983398,282.8361403942108,687.3834800720215,278.0253195762634,666.9805526733398,289.53447461128235,669.3496513366699,286.74689769744873,672.1537399291992,283.4758150577545,742.6883697509766,259.1227465867996,723.1399154663086,264.7929149866104,711.1464500427246,348.21414828300476,704.011402130127,350.26954650878906,815.6146430969238,427.70622968673706,885.4852294921875,396.84393882751465,807.9392051696777,725.5655193328857,994.5998382568359,657.7668929100037,738.7153816223145,947.0450019836426,941.802921295166,869.4594883918762,726.6659545898438,1003.2111668586731,930.7232666015625,916.1209774017334,722.2622680664062,1006.1760592460632,906.3841438293457,916.3616037368774,727.8766822814941,984.074227809906,904.6237564086914,901.5014147758484,933.6458587646484,942.668023109436,997.657585144043,910.7133221626282,957.7971839904785,1257.289981842041,1012.2870254516602,1267.7992630004883,1037.849464416504,1597.3207426071167,1085.5748748779297,1610.4129266738892,1092.9947662353516,1661.8030643463135,1124.472885131836,1673.614354133606,924.1654586791992,1636.315598487854,998.3016586303711,1654.7790670394897
699.6507453918457,297.5516188144684,710.0003242492676,253.81218194961548,717.5390625,249.65049862861633,725.1053810119629,245.4904568195343,701.4228057861328,256.96843922138214,702.8806686401367,255.08519053459167,704.7330665588379,252.6700919866562,780.4788208007812,235.2343064546585,759.155387878418,239.3017315864563,735.0831985473633,319.3016517162323,724.866886138916,322.6516878604889,843.3858489990234,418.6276066303253,897.579402923584,396.518919467926,781.1459541320801,710.7437610626221,991.2150192260742,649.1953039169312,665.5468940734863,921.2158441543579,909.2006492614746,825.2406334877014,649.3987083435059,976.1958718299866,897.912654876709,862.8728413581848,647.4437141418457,968.3333516120911,875.1201438903809,858.1924724578857,651.7453765869141,953.5144901275635,876.3759613037109,847.1837854385376,933.2891464233398,942.9087138175964,996.5162658691406,912.9646396636963,901.549072265625,1258.9245414733887,971.9974136352539,1272.0675802230835,980.6180191040039,1594.7293424606323,1016.8462371826172,1615.3892183303833,1040.716896057129,1646.5456295013428,1059.620132446289,1686.432180404663,858.5825729370117,1648.555998802185,899.8889923095703,1687.6520490646362
725.1886940002441,262.40073323249817,739.1384696960449,220.18252730369568,745.8816146850586,217.33825385570526,753.0778312683105,214.39874053001404,733.2031059265137,221.12691164016724,735.5450248718262,219.17562067508698,738.1431770324707,216.9797444343567,810.538501739502,215.10729432106018,792.9079627990723,216.1432009935379,755.0106811523438,291.581472158432,747.1972274780273,292.3832380771637,864.9737548828125,409.6486973762512,908.7220573425293,391.95847749710083,756.8622779846191,680.7724571228027,905.7674789428711,646.9755935668945,586.8405532836914,870.6192326545715,795.8583641052246,817.2747302055359,562.0363426208496,922.9964661598206,787.8072166442871,846.8227815628052,556.2211990356445,918.6577248573303,770.5563354492188,841.4594793319702,567.0068550109863,902.3450875282288,769.0435409545898,831.6052579879761,929.4889068603516,933.601598739624,963.8581466674805,917.4103689193726,923.8738632202148,1267.5394535064697,949.6615791320801,1277.0096254348755,988.447265625,1610.417947769165,983.3071517944336,1629.1331148147583,1038.812255859375,1673.2203912734985,1018.1553268432617,1697.231011390686,868.0856323242188,1661.5970706939697,877.8628921508789,1698.519630432129
755.1726722717285,232.21440732479095,771.0341262817383,189.22288835048676,779.1808891296387,187.1086210012436,787.994213104248,184.98083531856537,764.0814399719238,190.28887331485748,766.6762161254883,188.95604610443115,770.0784301757812,187.27684378623962,849.3217277526855,193.11885595321655,832.2406768798828,193.06172490119934,792.4443626403809,269.83712017536163,780.6947135925293,270.51546692848206,890.9258079528809,394.07464385032654,915.234546661377,388.25390696525574,733.8826560974121,641.2279200553894,890.6114387512207,647.1646571159363,546.5926551818848,801.6032481193542,785.0510215759277,823.5072612762451,516.0428237915039,860.9371447563171,776.2811279296875,848.1466126441956,509.9275588989258,858.0440282821655,762.3389625549316,848.598575592041,520.3412246704102,842.3319911956787,763.4088706970215,843.4613513946533,918.9900398254395,924.7928595542908,945.5134963989258,920.518684387207,899.6717262268066,1269.6774101257324,909.0923309326172,1274.6059370040894,942.4863624572754,1612.3107719421387,929.7713470458984,1630.6581115722656,985.6760787963867,1677.1154737472534,960.9799575805664,1697.135353088379,819.1233444213867,1660.385184288025,823.9911460876465,1693.9294481277466
790.2558517456055,222.85688817501068,808.5004806518555,183.07875752449036,816.6222381591797,181.8439543247223,825.2205848693848,180.5862021446228,802.1011734008789,183.15087139606476,805.0392723083496,181.91569805145264,808.9332389831543,180.3967845439911,881.7046165466309,189.3217170238495,866.6378402709961,187.57670938968658,826.6124153137207,261.03658854961395,814.6741676330566,260.8221459388733,902.6339149475098,391.327782869339,935.4132843017578,379.5611035823822,725.7913970947266,592.5968742370605,846.8880844116211,604.8171901702881,504.59009170532227,725.4300141334534,698.95751953125,782.7184581756592,466.2843132019043,781.3478922843933,672.2812843322754,805.1517462730408,462.43274688720703,776.4288926124573,655.7278060913086,803.6152911186218,472.84478187561035,761.8569016456604,662.6675033569336,797.9655289649963,894.6232223510742,920.5582737922668,948.7192726135254,918.0789470672607,852.7888870239258,1216.1619329452515,890.7345771789551,1242.7177333831787,858.3995246887207,1555.903787612915,884.6289253234863,1597.6749229431152,897.4835014343262,1624.6530103683472,909.9853706359863,1668.885898590088,728.7585639953613,1577.8164911270142,778.1041145324707,1632.4189710617065
811.3522911071777,211.36833250522614,832.7646446228027,174.67600286006927,841.4624404907227,173.56453835964203,850.9581184387207,172.30176508426666,826.3602447509766,174.4765430688858,829.464054107666,173.31554353237152,833.5109710693359,171.7852520942688,908.2452392578125,182.5950586795807,890.8101654052734,180.5768358707428,843.900146484375,252.1693503856659,833.9975166320801,250.9918874502182,924.726505279541,381.91712379455566,934.9998092651367,372.4191749095917,728.8375854492188,541.3873672485352,784.6164321899414,547.7743935585022,489.3705940246582,660.7189106941223,550.4125785827637,648.4889388084412,444.0607738494873,709.864296913147,504.5273780822754,684.1327929496765,438.0550289154053,705.2842855453491,483.0081367492676,687.2922205924988,452.44977951049805,694.9495196342468,498.83623123168945,680.3584742546082,882.8195571899414,915.5113005638123,906.7390823364258,908.0375933647156,823.1876564025879,1196.3347864151,834.0000343322754,1205.093379020691,848.6992835998535,1530.764193534851,837.3529815673828,1550.2032995224,888.5794258117676,1592.828664779663,861.9571495056152,1615.0857639312744,737.318172454834,1565.8754253387451,736.4703369140625,1594.402585029602
832.4267578125,189.9713534116745,858.6959838867188,155.73902249336243,868.2329750061035,155.60989022254944,878.5367202758789,155.6093591451645,850.8267402648926,154.14785027503967,853.4395980834961,152.96047389507294,856.8926239013672,151.8990594148636,932.9637336730957,174.28224921226501,912.0723724365234,170.64723372459412,862.3729133605957,236.22508764266968,852.0419883728027,233.33337128162384,938.1525421142578,374.63367104530334,939.4804000854492,366.0522651672363,734.91943359375,509.83351707458496,760.2075004577637,515.5425345897675,481.61521911621094,590.9543967247009,521.3014984130859,574.9994802474976,432.28686332702637,641.8434548377991,468.9238929748535,616.6328573226929,424.9770927429199,637.5164937973022,460.31118392944336,622.4240469932556,440.35634994506836,626.0447072982788,473.8653087615967,614.2722988128662,867.6858901977539,915.6269145011902,891.6653823852539,903.7472605705261,828.3354377746582,1164.4926738739014,852.9886436462402,1189.3308734893799,843.0125999450684,1450.4867935180664,878.7508964538574,1499.617052078247,878.0644798278809,1489.7775077819824,904.215087890625,1553.4090757369995,750.3981399536133,1521.576361656189,792.9366302490234,1560.234932899475
853.6299705505371,170.5555021762848,881.7728805541992,139.91447746753693,889.870491027832,140.58688580989838,898.6404991149902,141.65565490722656,876.1109161376953,137.76829719543457,879.4001197814941,136.8807703256607,883.516788482666,136.14490628242493,952.6659965515137,168.4963059425354,935.4327964782715,161.8242198228836,876.1137199401855,216.93585813045502,868.0048370361328,213.47379684448242,966.2956237792969,370.90521812438965,936.3297843933105,365.7544755935669,739.4887161254883,477.42640256881714,738.3853340148926,476.5627098083496,507.2555923461914,529.0825295448303,508.98393630981445,516.5603041648865,447.84210205078125,580.8730030059814,447.9681873321533,554.5072960853577,447.5108242034912,573.8241577148438,445.77587127685547,559.437689781189,462.3408794403076,564.490327835083,461.6157817840576,553.197820186615,866.9821357727051,914.5568418502808,857.9568672180176,902.6222777366638,833.6577987670898,1186.7003345489502,815.8748817443848,1187.2234296798706,828.988151550293,1470.3727769851685,825.5188179016113,1483.7463998794556,861.0306358337402,1514.1746234893799,847.0155715942383,1538.0482578277588,731.4278984069824,1538.7814664840698,731.6911697387695,1544.2464780807495
869.784049987793,185.16774237155914,897.6436614990234,154.63851749897003,906.1675643920898,155.76089322566986,915.5293464660645,156.96008205413818,890.3354072570801,151.99615001678467,892.8379440307617,151.31028771400452,896.2722587585449,150.55609345436096,968.3636856079102,180.11595726013184,948.1402587890625,174.53013360500336,893.2281875610352,232.4426257610321,883.4427452087402,228.91717314720154,979.4149017333984,374.76367235183716,938.4915733337402,367.86906480789185,754.076042175293,434.7993314266205,765.0670623779297,471.45155668258667,526.7717170715332,467.83015608787537,614.1414070129395,623.7154984474182,470.6197929382324,493.01020860671997,572.8398513793945,660.6469416618347,469.93457794189453,494.53089237213135,557.6387786865234,664.6432828903198,484.4110679626465,493.5664236545563,561.7242050170898,657.2469520568848,869.8623847961426,911.1607146263123,840.406436920166,899.0977907180786,846.3595390319824,1174.2844533920288,811.7158126831055,1178.6582136154175,854.3240547180176,1440.5670404434204,832.9661750793457,1470.2227878570557,885.7116508483887,1481.0037231445312,853.5523796081543,1518.9777517318726,763.1906890869141,1514.9279165267944,757.5779342651367,1542.1596336364746
874.5285415649414,189.86729443073273,902.8129005432129,158.8766759634018,910.924015045166,159.90524411201477,919.5679092407227,160.98249435424805,894.9773025512695,156.75589084625244,896.839599609375,156.29200279712677,899.3823623657227,155.725616812706,969.1100692749023,184.21299397945404,947.146053314209,178.11400473117828,894.5518684387207,235.68371057510376,884.9269866943359,232.72652685642242,983.8859939575195,376.3469588756561,941.2905120849609,366.6083514690399,785.0485038757324,414.80021238327026,778.4231758117676,443.140207529068,530.2873420715332,425.02615571022034,590.1391983032227,448.79573106765747,497.1771812438965,442.04206824302673,538.289794921875,467.2681474685669,495.0848579406738,436.9358718395233,537.099609375,457.94777154922485,507.2253227233887,436.5434217453003,549.1910362243652,460.547958612442,878.8450241088867,900.6166076660156,854.3750953674316,889.3392276763916,832.4774551391602,1097.5840044021606,825.6931686401367,1135.630259513855,846.8230819702148,1358.630747795105,858.2232856750488,1413.1662797927856,878.766975402832,1396.4630270004272,882.9229545593262,1461.9683647155762,773.3779335021973,1440.361304283142,780.0833702087402,1483.8987064361572
878.9049339294434,192.70636975765228,908.6653518676758,160.00354170799255,916.3582420349121,161.13811612129211,924.6175575256348,162.33067452907562,901.1617469787598,157.9134625196457,902.9630470275879,157.53258347511292,905.3314018249512,157.10622489452362,971.6092300415039,186.3361769914627,948.1115913391113,178.9508056640625,896.9446563720703,237.60635554790497,886.0535430908203,234.95513677597046,986.6667938232422,377.72560358047485,939.744873046875,366.16308331489563,802.7479934692383,394.8186993598938,793.1271743774414,463.82457733154297,613.8126182556152,392.2151005268097,625.6323623657227,515.7881498336792,558.1481552124023,405.92323780059814,575.0800895690918,448.57187390327454,555.6479072570801,401.265013217926,573.6304664611816,431.1059617996216,573.5775947570801,401.87095642089844,587.5423622131348,440.1171863079071,887.6444435119629,896.8170547485352,838.9591598510742,887.890899181366,843.046703338623,1132.0791864395142,789.2663383483887,1163.8762378692627,832.4790000915527,1366.754879951477,792.1668434143066,1462.9655027389526,851.443977355957,1444.8072910308838,809.1518783569336,1516.613974571228,761.2378692626953,1494.0612745285034,726.2085914611816,1529.8567914962769
874.0082931518555,197.6244843006134,905.2829360961914,164.13450300693512,912.6784515380859,164.85305070877075,920.9246063232422,165.57258009910583,897.682056427002,162.63016998767853,899.7122955322266,162.32098639011383,902.3349952697754,161.82764768600464,969.5964431762695,188.20090234279633,947.0388793945312,181.53452932834625,893.3083534240723,240.7929164171219,882.2298431396484,238.74472796916962,1009.0810775756836,379.0599596500397,935.723762512207,366.6455268859863,798.8021850585938,389.3419075012207,765.1994705200195,472.82695055007935,680.3801536560059,381.03556752204895,647.5298309326172,553.0162239074707,630.1763534545898,383.2567584514618,635.6086921691895,557.8485774993896,631.9971656799316,377.9452443122864,658.4344482421875,551.0570955276489,656.0088157653809,381.1460316181183,671.012134552002,548.5386300086975,887.7826881408691,897.0618653297424,823.9566421508789,888.9818930625916,838.040599822998,1146.4194345474243,755.9391975402832,1170.187110900879,786.7276382446289,1426.8302249908447,738.6409378051758,1474.6932363510132,798.0311393737793,1489.381742477417,755.6262588500977,1533.0306386947632,700.2074432373047,1485.600471496582,643.3034133911133,1518.5127210617065
874.138298034668,196.26553773880005,906.8589019775391,163.49609971046448,915.0280380249023,164.09380316734314,923.4871673583984,164.5441085100174,897.3422241210938,162.13277578353882,899.5590019226074,161.98565125465393,902.4296379089355,161.61782383918762,973.6233901977539,187.38066136837006,945.0493240356445,181.92517697811127,895.0951766967773,239.44526731967926,883.4377670288086,238.372700214386,1063.6018753051758,380.00852823257446,898.9587593078613,367.2618341445923,916.5154266357422,387.54058957099915,683.5004425048828,418.7653648853302,819.426097869873,378.5223162174225,711.5985488891602,400.26214599609375,777.3116683959961,368.8138675689697,737.4204254150391,405.89861512184143,793.688907623291,370.66752076148987,756.130199432373,405.70327520370483,807.2749900817871,376.06584191322327,763.2710838317871,406.59571051597595,885.8451461791992,894.0419340133667,802.6688575744629,884.1068601608276,851.835823059082,1172.1793270111084,757.5787353515625,1178.4075450897217,817.3128318786621,1467.873558998108,747.3416519165039,1475.8605766296387,834.7208976745605,1534.193730354309,761.6995811462402,1538.6408758163452,728.9015579223633,1505.109486579895,665.9441757202148,1536.1137199401855
875.7190132141113,199.31889474391937,907.2197914123535,165.81700444221497,916.2871742248535,166.19934797286987,925.6502723693848,166.5137618780136,895.5386924743652,164.34503495693207,896.8230056762695,163.79293978214264,898.8145637512207,162.9443746805191,979.9111175537109,188.21294009685516,941.8715286254883,183.00031900405884,898.1962394714355,241.86519384384155,884.0722274780273,240.48756301403046,1090.0713729858398,380.9199857711792,888.6597061157227,370.25646686553955,995.2650833129883,421.6952705383301,727.5424575805664,440.8203649520874,834.5811080932617,388.69248032569885,803.0252265930176,497.9622960090637,787.5454902648926,382.4828338623047,828.6993598937988,507.4584746360779,787.3076248168945,378.713504076004,853.5384178161621,508.25756907463074,813.4959983825684,384.9955379962921,850.2841758728027,505.9595489501953,915.5557250976562,894.5864009857178,797.2899055480957,876.0257935523987,865.1456451416016,1178.043451309204,749.4056510925293,1183.0265665054321,824.9430084228516,1472.8983879089355,739.0945243835449,1486.2269496917725,835.6408309936523,1536.0523080825806,753.6288070678711,1546.4323282241821,741.3052368164062,1510.4363536834717,658.776683807373,1542.3810768127441
877.0183181762695,209.0523362159729,906.1691093444824,175.05157113075256,915.5795860290527,175.78466713428497,925.3487205505371,176.26316785812378,895.041561126709,173.65113615989685,896.1786460876465,173.67080211639404,898.161735534668,173.56032192707062,979.6731948852539,197.8893631696701,942.9882431030273,196.1197006702423,902.3330497741699,250.7986557483673,888.5393714904785,248.76855611801147,1065.3386306762695,393.2818579673767,890.7425308227539,374.2688047885895,1071.269645690918,436.00661516189575,804.2266273498535,440.43792486190796,877.3610687255859,401.427104473114,781.9195747375488,429.02336597442627,827.3895263671875,410.54563879966736,772.965030670166,433.51595878601074,825.1183891296387,401.5469992160797,788.3565330505371,434.8301661014557,844.6883010864258,401.58668518066406,795.9387588500977,436.9718563556671,909.0828895568848,895.117027759552,807.5249862670898,878.3451533317566,843.310375213623,1179.632306098938,754.5851898193359,1184.9524784088135,790.8314895629883,1475.4642963409424,739.881706237793,1482.7802896499634,806.1017990112305,1534.2933797836304,757.4001502990723,1539.9034881591797,706.0110855102539,1520.662522315979,651.9206428527832,1532.0269346237183
878.1000709533691,211.9226324558258,907.0333099365234,178.1596451997757,916.4727973937988,179.15720164775848,926.7404937744141,179.93387818336487,894.9379348754883,176.5771633386612,895.5682182312012,176.76419913768768,897.0651626586914,176.89803063869476,979.6622085571289,201.2395602464676,940.872917175293,199.0612256526947,905.0935935974121,253.44826519489288,890.2995872497559,251.3874113559723,1075.7916641235352,392.46747493743896,893.5205841064453,374.41534996032715,1083.7353515625,443.8701331615448,783.2917213439941,428.9699363708496,874.9047660827637,396.4006018638611,793.8145065307617,409.5968449115753,812.5741767883301,400.34602403640747,797.2362899780273,415.43885707855225,818.4158706665039,386.36253118515015,808.7541961669922,417.09272861480713,834.6366691589355,394.3620693683624,816.2528800964355,418.8993573188782,907.1417999267578,895.5350017547607,797.8828811645508,876.6530442237854,849.5827674865723,1206.1335182189941,757.016544342041,1204.1670513153076,807.6214027404785,1514.6216297149658,739.4906616210938,1517.5637340545654,825.9502029418945,1578.2217836380005,751.8623542785645,1578.43421459198,715.5809783935547,1558.3638668060303,656.9411659240723,1558.351378440857
881.9001388549805,215.10657012462616,911.070499420166,181.70717775821686,920.4532814025879,182.8373748064041,930.8585929870605,183.78056824207306,898.5327529907227,180.22632479667664,898.8749885559082,180.64043641090393,900.0355911254883,181.01795196533203,982.6313781738281,204.75336134433746,943.1664848327637,202.45925188064575,908.8494300842285,256.3342523574829,893.4585571289062,254.19093668460846,1085.2309799194336,392.455050945282,895.3811645507812,374.4123888015747,1035.7704162597656,445.78246235847473,749.7772407531738,418.9315116405487,856.6012001037598,395.97171664237976,788.5347747802734,408.009535074234,803.4583854675293,393.1920897960663,796.9887542724609,416.52788758277893,814.1677665710449,386.04472160339355,818.7380218505859,420.9711706638336,829.742546081543,390.1371717453003,823.6557769775391,420.7409083843231,885.3351402282715,894.1628909111023,794.4388961791992,870.6131172180176,850.770149230957,1207.5374937057495,758.481330871582,1204.1861057281494,806.9633674621582,1513.0423021316528,740.1474952697754,1517.5184154510498,819.4104194641113,1573.880467414856,751.9650650024414,1577.9832172393799,723.1849479675293,1559.7619199752808,659.5889854431152,1557.662844657898
887.3758506774902,215.250443816185,915.7928466796875,181.81183218955994,924.6321487426758,182.88990318775177,934.3412590026855,183.79691898822784,904.669246673584,180.3612506389618,905.5404853820801,180.72669625282288,907.335090637207,181.06150031089783,983.7589645385742,204.84634816646576,951.371955871582,202.39483058452606,912.7387046813965,256.2753027677536,898.8857460021973,254.32320713996887,1076.3990020751953,393.8657534122467,900.9872817993164,374.6319007873535,891.6274452209473,401.28828406333923,705.9500312805176,417.6542544364929,826.1524772644043,389.08373951911926,791.5909194946289,405.65866470336914,780.2693939208984,379.55495595932007,824.9444961547852,451.32922768592834,809.2617988586426,377.5365722179413,850.6230354309082,450.22793412208557,814.8973846435547,387.47769713401794,848.8208770751953,453.3700454235077,892.3804664611816,894.8111271858215,796.9084739685059,872.6239371299744,851.8058395385742,1206.9886493682861,764.8768043518066,1202.5896549224854,811.1175727844238,1513.6565494537354,753.3793258666992,1520.150499343872,823.4284400939941,1575.5232667922974,767.5460815429688,1583.3183240890503,729.2120933532715,1559.4641304016113,669.429988861084,1557.7654552459717
890.4133987426758,215.25126457214355,917.8898048400879,181.884605884552,925.8867645263672,182.92834997177124,934.7222900390625,183.8148307800293,909.4539070129395,180.46801328659058,911.2245941162109,180.79708814620972,914.0063095092773,181.09589159488678,983.1564331054688,204.96608197689056,959.1483306884766,202.4800282716751,913.2622146606445,255.86400747299194,901.8772315979004,254.11460638046265,1069.793701171875,393.87231945991516,935.0481033325195,374.66785311698914,808.8010025024414,399.03976678848267,723.9830589294434,437.3614740371704,754.4770431518555,389.1904056072235,753.0566596984863,414.578093290329,719.0887641906738,382.3584008216858,709.7464370727539,462.59183406829834,727.2715187072754,376.180522441864,742.053050994873,427.5636112689972,748.0109024047852,384.67463850975037,750.3356552124023,431.02617144584656,892.5137329101562,893.3250117301941,802.1574783325195,873.9702987670898,847.9200553894043,1199.917402267456,764.5035552978516,1199.5963096618652,789.7958564758301,1506.4331245422363,743.9369773864746,1519.457974433899,799.6025276184082,1571.8185997009277,757.8224945068359,1582.5503540039062,702.8369522094727,1542.1140575408936,646.8353462219238,1552.7644443511963
892.0358276367188,215.01284301280975,919.6805191040039,181.86281561851501,927.3006820678711,182.94830560684204,935.6575584411621,183.83087575435638,912.594165802002,180.09973526000977,914.9343109130859,180.24811506271362,918.2747268676758,180.30283212661743,983.0031967163086,204.94747817516327,963.489875793457,201.54143750667572,913.9057731628418,255.09812951087952,904.0594482421875,253.0445820093155,1021.9365692138672,398.41026306152344,960.1579284667969,375.7314884662628,755.8998870849609,410.355384349823,775.4715728759766,473.91273021698,641.3406944274902,400.59598445892334,652.899169921875,431.92543029785156,597.3363304138184,399.44312810897827,646.2198829650879,487.2690689563751,603.3498573303223,393.692010641098,643.6903953552246,464.84575867652893,614.6724700927734,399.8883640766144,642.7536964416504,450.92026591300964,871.5539360046387,893.353271484375,809.6173667907715,874.5374894142151,810.0280380249023,1115.811095237732,767.3459243774414,1151.6814136505127,762.7933502197266,1403.7156772613525,751.0038185119629,1454.4300270080566,781.4927101135254,1459.563388824463,765.556755065918,1513.9933490753174,677.5877952575684,1455.8843421936035,657.850284576416,1501.7908000946045
891.8675994873047,215.0479906797409,919.1641616821289,181.5489649772644,926.8142509460449,182.62766361236572,935.1754760742188,183.44409048557281,912.8458213806152,179.67451930046082,915.6646156311035,179.72223579883575,919.5524024963379,179.59633827209473,983.0738067626953,203.83866906166077,965.9845733642578,200.3109633922577,913.5372161865234,254.88579511642456,904.4525527954102,252.70884454250336,1012.9165649414062,400.8148205280304,957.8382110595703,381.86105489730835,797.9633903503418,414.19912934303284,787.8940200805664,498.82025957107544,578.6333656311035,405.87376713752747,656.9324111938477,539.2657935619354,529.2717361450195,414.65418219566345,636.3777351379395,657.3045659065247,529.211540222168,399.3995797634125,631.9083595275879,650.8054661750793,542.0237159729004,404.45337653160095,660.457763671875,592.5133180618286,869.6423721313477,904.1174054145813,807.7950096130371,881.5949606895447,804.9439430236816,1099.9033641815186,751.1861228942871,1142.0460605621338,753.1338500976562,1400.204257965088,743.2843208312988,1447.3184823989868,773.9020156860352,1452.7419090270996,760.6792259216309,1508.0638217926025,668.8186454772949,1474.302363395691,648.6261177062988,1503.3195304870605
890.013484954834,213.115496635437,917.3820877075195,177.84976959228516,925.1959419250488,178.9929860830307,933.731746673584,179.90761399269104,910.7751274108887,175.66818416118622,913.5831069946289,175.51909625530243,917.566967010498,175.06515383720398,982.3970031738281,201.12821102142334,965.8790588378906,196.41055405139923,912.7890586853027,253.8410210609436,903.065128326416,250.6899780035019,1006.3580703735352,400.7466173171997,959.7233963012695,388.4252679347992,794.4962310791016,418.92993450164795,785.529899597168,501.31635546684265,535.4229354858398,440.11966466903687,566.6279411315918,530.8715200424194,484.4652557373047,456.11600518226624,516.6606330871582,542.0095324516296,482.0459175109863,446.878799200058,510.9059143066406,547.4768614768982,492.4489974975586,448.0528664588928,519.638557434082,542.9332852363586,869.6971321105957,917.6840829849243,822.4778366088867,909.0737414360046,812.603759765625,989.9322366714478,757.0104217529297,1090.8208465576172,767.0019721984863,1306.7954063415527,747.594108581543,1381.7001056671143,786.6791725158691,1357.044596672058,763.9437675476074,1437.3801898956299,680.9707260131836,1399.0418100357056,654.1278648376465,1447.695837020874
886.6922378540039,192.42433547973633,916.4449882507324,157.8616100549698,924.8275566101074,159.69770550727844,933.512077331543,161.5938127040863,909.9589920043945,154.8665589094162,912.8332328796387,154.59187924861908,917.1776390075684,154.23888981342316,981.4989852905273,189.8006522655487,963.3960342407227,181.57913982868195,909.0394020080566,239.2526149749756,896.6265106201172,235.31530380249023,999.5074081420898,396.1238944530487,955.6087875366211,387.67860531806946,793.5198211669922,450.6912589073181,784.343318939209,485.46730041503906,517.133960723877,475.9097421169281,533.7480926513672,519.8642492294312,449.65813636779785,501.42051100730896,467.7462387084961,518.4888231754303,445.15151023864746,494.30050134658813,458.265380859375,529.5974171161652,462.9848098754883,491.67266607284546,472.3714256286621,538.4376990795135,861.9065093994141,916.8832182884216,838.7089347839355,907.1660470962524,817.5053787231445,962.8084087371826,790.9017562866211,1052.2613453865051,774.3070793151855,1291.5987396240234,770.0868988037109,1352.0523405075073,812.4227142333984,1341.3142776489258,787.793140411377,1411.9429349899292,686.2331771850586,1382.6166486740112,662.8372764587402,1402.453966140747
873.3163833618164,181.17651879787445,906.2116813659668,146.13929986953735,913.5804176330566,147.41583287715912,921.8500328063965,148.9484739303589,902.8063774108887,144.0962129831314,906.8270874023438,143.8540095090866,912.143611907959,143.53055119514465,973.1683731079102,177.3956662416458,960.2447891235352,169.9253225326538,892.6234817504883,227.0095592737198,883.4706687927246,224.6251666545868,983.1897354125977,391.7316269874573,953.1456184387207,383.63903760910034,777.2523307800293,475.44989347457886,762.6113891601562,484.4104242324829,487.49942779541016,524.7764253616333,513.8285636901855,519.7497618198395,422.45006561279297,558.8985013961792,449.37915802001953,526.7415726184845,416.1438274383545,551.7807769775391,444.7316551208496,535.5460953712463,433.2484245300293,546.4682650566101,460.0242519378662,539.8282527923584,864.1849708557129,915.843915939331,849.2289161682129,913.8250494003296,836.6181564331055,837.4329471588135,810.930061340332,1009.6386194229126,805.1700782775879,1215.7082319259644,795.4043197631836,1313.7945556640625,843.8375473022461,1278.6461162567139,816.9934844970703,1373.028416633606,713.6258697509766,1288.475103378296,683.4581565856934,1354.631896018982
859.0254020690918,184.58449065685272,889.592170715332,148.84315967559814,897.6100730895996,149.7579163312912,906.492805480957,150.78399002552032,883.5698890686035,146.97957694530487,887.1120071411133,146.59345149993896,891.7358779907227,145.9715759754181,960.2875900268555,175.42807281017303,946.7410469055176,168.50423991680145,882.8074264526367,228.84092330932617,871.6474342346191,226.40170097351074,977.6982879638672,387.37228631973267,951.1217880249023,383.7524628639221,757.8159713745117,494.30532932281494,742.6951217651367,499.48970675468445,473.5225009918213,582.0725297927856,496.20105743408203,562.006688117981,413.0611324310303,628.8345050811768,428.30989837646484,594.9919366836548,405.58582305908203,624.0507531166077,421.025333404541,601.3698863983154,424.10940170288086,610.8680605888367,443.19605827331543,593.7850713729858,877.4750518798828,923.3875966072083,869.2853736877441,913.9638376235962,842.4729537963867,905.2591896057129,814.7141647338867,1138.945984840393,852.5368881225586,1378.6324739456177,811.9024658203125,1502.5126791000366,894.2568969726562,1441.7087602615356,838.4088706970215,1574.693627357483,765.6974029541016,1494.8419904708862,689.0475654602051,1552.4410343170166
841.5101051330566,187.03475296497345,867.8690528869629,151.1851304769516,876.3801383972168,151.97756230831146,884.9943351745605,152.7721667289734,861.4958381652832,149.4683986902237,864.9686622619629,149.08885538578033,869.450511932373,148.4374487400055,941.2850761413574,175.93464016914368,927.3530387878418,169.06306207180023,868.8182830810547,230.6132572889328,858.354377746582,228.31586480140686,970.2927017211914,384.3303394317627,938.2044410705566,382.00376987457275,753.1296730041504,525.1617300510406,737.3751068115234,525.991884469986,478.5241985321045,640.2873659133911,502.6637649536133,614.1718769073486,426.59826278686523,689.2684078216553,436.7647933959961,659.5560765266418,419.85185623168945,683.7118577957153,434.20151710510254,658.5104012489319,433.7672996520996,670.5134582519531,452.5056552886963,647.7893972396851,897.9559707641602,923.9378571510315,868.2448768615723,916.2790775299072,875.5067253112793,1095.9288454055786,830.2980422973633,1189.0836811065674,880.550365447998,1468.942666053772,831.0549545288086,1538.1428861618042,916.3647079467773,1520.4310369491577,855.8041191101074,1605.1036977767944,797.2556304931641,1576.5592861175537,711.8463706970215,1595.5768775939941
821.3010406494141,189.58662807941437,844.7479820251465,152.0158964395523,853.1787872314453,152.28333413600922,861.8472862243652,153.81335198879242,839.340763092041,151.0096174478531,843.0929946899414,150.15641748905182,847.803783416748,148.8554549217224,919.6847534179688,176.18439137935638,907.9221153259277,169.9882471561432,849.7735404968262,230.88504016399384,841.025562286377,228.75006079673767,954.8384284973145,384.5631766319275,943.9577865600586,382.35572934150696,733.967342376709,557.6837825775146,739.8787307739258,556.6547155380249,474.93358612060547,701.9792461395264,518.3666610717773,660.4162287712097,431.1851692199707,753.5276126861572,458.84270668029785,707.2452807426453,427.2624206542969,743.7969875335693,461.12523078918457,705.9676694869995,440.5924701690674,729.3727326393127,478.394136428833,694.6913838386536,909.7848129272461,926.8959259986877,917.9876518249512,916.7620038986206,877.1326446533203,1032.9856181144714,881.839542388916,1183.7732934951782,876.6518211364746,1441.1612033843994,839.7776412963867,1511.4432764053345,915.6844711303711,1491.3838720321655,860.6513214111328,1579.1066551208496,781.2584495544434,1547.2484493255615,710.9440040588379,1568.906750679016
802.0391464233398,193.2862901687622,824.8868179321289,154.42154824733734,833.4299468994141,153.93249034881592,842.9184150695801,154.64761018753052,819.0158271789551,154.01372909545898,822.2293281555176,152.83571898937225,826.5831184387207,151.17618262767792,900.9514045715332,177.05917239189148,887.786865234375,171.02103173732758,828.0420112609863,232.71033704280853,820.345516204834,231.0196441411972,928.956127166748,386.38593077659607,943.7593460083008,382.3354196548462,724.9320030212402,601.3938975334167,752.937183380127,581.9115328788757,497.7117347717285,761.5617513656616,565.7588768005371,730.1747560501099,454.9279975891113,816.3758254051208,540.3786849975586,760.0526547431946,451.73266410827637,811.9936966896057,524.4882774353027,756.8357419967651,466.0371494293213,794.8656463623047,532.5725555419922,751.2727546691895,911.0030364990234,930.1495313644409,905.4604339599609,934.4378042221069,897.194652557373,1146.0441398620605,881.5738105773926,1214.5515775680542,900.6458473205566,1483.9199495315552,869.1581153869629,1546.4494514465332,936.478385925293,1535.018219947815,890.0515937805176,1612.771553993225,806.8978500366211,1564.7136211395264,755.9040069580078,1599.9644136428833
785.2023124694824,200.5002361536026,804.4168853759766,159.6093052625656,812.2827529907227,158.23251128196716,821.2074851989746,157.76904165744781,798.4183502197266,159.74844753742218,801.089916229248,158.22451293468475,804.7820663452148,156.1401629447937,880.345287322998,177.6301771402359,864.851188659668,171.6878879070282,812.6342010498047,238.154057264328,804.7122573852539,236.4370197057724,918.9284706115723,387.4552309513092,944.7869110107422,382.37616777420044,733.0255508422852,637.1641159057617,824.6157073974609,608.4659171104431,499.3077278137207,818.7074160575867,672.8625869750977,753.9950895309448,482.35387802124023,868.8429880142212,655.195255279541,787.4527716636658,473.09131622314453,867.8480386734009,640.9237289428711,780.5003571510315,485.4632377624512,854.6782207489014,644.3681716918945,772.390193939209,913.7162590026855,931.4473557472229,924.5284080505371,944.6086120605469,899.7393035888672,1188.8270902633667,916.4716529846191,1248.5602283477783,928.5563278198242,1511.8207597732544,915.505485534668,1592.388482093811,967.0140838623047,1560.1748085021973,929.9941635131836,1658.3537006378174,851.6977500915527,1591.512107849121,840.8397674560547,1654.0356874465942
765.0655746459961,210.23094177246094,783.1244087219238,168.16845417022705,790.3579330444336,166.00552082061768,798.6793327331543,164.478657245636,777.8524017333984,169.11031186580658,780.4644584655762,167.5058948993683,784.1657066345215,165.41203379631042,857.6541709899902,178.18001925945282,843.8329124450684,173.3131456375122,792.4082565307617,246.11777186393738,786.0867118835449,245.2597439289093,903.4245872497559,394.52213287353516,933.9742469787598,385.5171525478363,740.101432800293,668.1474280357361,836.3785171508789,630.2986693382263,573.6086654663086,866.0301446914673,732.8680801391602,780.4427433013916,550.5584907531738,922.1956014633179,718.080997467041,820.373260974884,540.1371574401855,919.0731883049011,705.4729270935059,812.4002122879028,549.477481842041,903.6569452285767,708.3816719055176,800.0628018379211,912.2625732421875,934.3080925941467,917.4258613586426,946.135733127594,911.0745048522949,1223.0172729492188,912.2573661804199,1243.2267951965332,938.9051628112793,1539.039602279663,935.3769493103027,1575.7898998260498,975.5878829956055,1591.9197177886963,954.2996406555176,1637.7497005462646,863.5198402404785,1600.2194595336914,868.121166229248,1634.6296691894531
751.3627052307129,222.6359921693802,768.500919342041,179.94179606437683,776.9185066223145,177.11942553520203,786.4603614807129,174.64053332805634,759.7604942321777,182.0069307088852,760.9076499938965,180.47453105449677,762.9202079772949,178.52663576602936,844.1177558898926,182.06584811210632,822.2256660461426,179.66328620910645,782.8057479858398,256.36959314346313,772.2027969360352,256.3216835260391,893.7652015686035,396.5727996826172,925.7429122924805,387.6773500442505,760.8626174926758,688.0178332328796,930.347785949707,654.2541861534119,641.8380546569824,892.3310923576355,846.1025047302246,814.9283337593079,623.0399322509766,957.8776288032532,833.0362129211426,862.1756815910339,611.1282920837402,956.6197800636292,817.4877548217773,853.7891006469727,624.2304039001465,935.824978351593,819.7456169128418,837.0375680923462,911.2890243530273,927.2926568984985,933.0536842346191,944.8271584510803,932.6559448242188,1247.7719163894653,937.536678314209,1264.5267963409424,961.6109848022461,1568.4172582626343,963.7187576293945,1602.6034498214722,996.9902801513672,1626.0031700134277,982.8886413574219,1664.885630607605,880.9962272644043,1617.1717071533203,896.7367172241211,1651.7745208740234
733.2929420471191,236.80402636528015,749.1443252563477,194.50817048549652,756.8953514099121,191.73490047454834,765.2998924255371,189.1703599691391,741.4352416992188,195.58748066425323,742.9304122924805,193.65250825881958,745.1269340515137,191.35117292404175,822.4313163757324,192.21855103969574,804.4609451293945,189.93374347686768,764.1780853271484,267.45818316936493,755.0050735473633,267.4815344810486,881.9253158569336,406.70910358428955,915.5672836303711,391.5930962562561,798.4723663330078,713.2704019546509,938.5599517822266,681.2795877456665,710.2046012878418,919.959990978241,854.4891929626465,845.9330177307129,693.8609504699707,977.2581553459167,842.0166778564453,892.5557541847229,682.6482009887695,975.3514266014099,818.0314064025879,880.3772163391113,690.0591659545898,956.7657780647278,822.2834014892578,865.5168986320496,910.4496574401855,938.2141828536987,930.7523918151855,942.6884293556213,925.4043960571289,1209.315733909607,937.0785140991211,1243.051700592041,962.6986312866211,1566.0033988952637,984.7478485107422,1516.356225013733,1003.2451629638672,1614.9877882003784,1007.1883392333984,1575.292296409607,874.6156883239746,1550.3311443328857,915.1630783081055,1551.3917541503906
718.2992362976074,248.63704204559326,731.1523246765137,205.95139145851135,738.4380912780762,203.02681267261505,746.191520690918,200.1100391149521,724.4523811340332,206.83225572109222,726.3521003723145,204.65726852416992,728.9139747619629,202.1066164970398,801.8677139282227,199.01383101940155,787.6304054260254,197.4028319120407,749.073429107666,277.482590675354,741.5086555480957,277.931045293808,865.7602500915527,408.8766074180603,907.1744155883789,395.09740233421326,813.185977935791,714.0404963493347,919.0427398681641,671.8524813652039,748.5259437561035,947.9670166969299,856.8847274780273,885.5680632591248,733.2617568969727,1008.3424043655396,844.2134857177734,946.9823670387268,726.375789642334,1015.6394076347351,833.0653953552246,942.6274037361145,737.1758651733398,990.5805373191833,834.5151901245117,929.6786427497864,885.9941482543945,947.916419506073,917.7798271179199,946.7924666404724,898.6078834533691,1253.813066482544,921.2961387634277,1257.0185852050781,953.0646514892578,1580.0531959533691,947.8264045715332,1561.0939264297485,982.4155426025391,1639.8183917999268,968.4237670898438,1623.0653142929077,836.3959121704102,1608.8444137573242,871.1422920227051,1598.6147689819336
703.4316444396973,255.9934777021408,715.3633689880371,213.6254918575287,722.6663017272949,210.74227273464203,730.4560089111328,207.87952423095703,708.7990379333496,214.44222450256348,710.7406997680664,212.242534160614,713.4053993225098,209.76146936416626,786.0890007019043,205.26527166366577,772.3606109619141,203.86717021465302,735.1034545898438,284.44775104522705,727.2681999206543,284.90644097328186,866.1163902282715,411.62984132766724,883.1575584411621,395.8795666694641,837.9494476318359,710.9919834136963,894.2697715759277,672.8644895553589,794.0121459960938,945.7621121406555,838.1806755065918,888.3820652961731,782.274112701416,1002.0868921279907,838.7505912780762,946.5704441070557,779.4426727294922,1005.0812673568726,836.3479042053223,949.7680449485779,787.4205207824707,982.9463481903076,834.3559455871582,927.9519653320312,886.4719390869141,948.3835101127625,886.6338157653809,944.9245548248291,906.3805389404297,1287.2549772262573,917.8842544555664,1280.2887868881226,945.2199554443359,1610.8398485183716,932.1755790710449,1599.746060371399,982.0436096191406,1664.3065309524536,952.8613471984863,1656.8073320388794,835.2198600769043,1670.4300785064697,850.8205604553223,1656.8671989440918
695.3822708129883,273.2668662071228,705.1673126220703,232.72847414016724,712.6880264282227,229.2973279953003,720.6287956237793,225.62936961650848,697.8816604614258,233.9121651649475,699.752025604248,231.45229518413544,702.2821426391602,228.52375745773315,773.5124588012695,218.33970487117767,759.5303535461426,218.5383278131485,729.6706581115723,299.7016453742981,721.0860443115234,300.49649119377136,861.4590454101562,417.6003098487854,884.3998146057129,395.8447730541229,856.1959648132324,718.1332039833069,906.1795806884766,666.8667912483215,822.6552200317383,951.122453212738,872.9980087280273,887.4809718132019,811.3579559326172,1007.4487781524658,881.7568016052246,945.4367709159851,804.6778106689453,1011.5404558181763,865.0624465942383,950.9699535369873,813.6302947998047,987.6885795593262,859.8049163818359,937.7229523658752,890.3620147705078,942.443425655365,889.2094802856445,931.3625121116638,935.009593963623,1285.1951694488525,924.5075225830078,1276.419324874878,989.044189453125,1607.0027017593384,976.5606307983398,1596.4659976959229,1032.9352569580078,1660.5613088607788,1004.7316360473633,1650.9702444076538,887.8975868225098,1667.0372343063354,900.1329803466797,1658.8950777053833
692.6324272155762,284.99759316444397,701.1688613891602,246.72806024551392,708.7594985961914,243.04944813251495,716.7768287658691,238.95513117313385,693.0329132080078,248.2304459810257,694.6465301513672,245.78398168087006,696.851634979248,242.84836292266846,766.60400390625,228.55911433696747,751.8287086486816,230.17713010311127,727.8611183166504,310.42792797088623,718.3313941955566,311.7535936832428,853.623046875,420.7773435115814,880.5774307250977,396.79662466049194,877.50732421875,723.8761138916016,934.3484115600586,671.7310738563538,841.7697715759277,955.8227777481079,911.7088508605957,899.6348547935486,832.8842926025391,1006.8194675445557,919.8288917541504,948.2921648025513,829.1332626342773,1011.2246417999268,912.1452713012695,953.3320569992065,835.1224708557129,989.7604250907898,904.7128486633301,943.6330389976501,907.5882911682129,944.0784358978271,903.3725738525391,926.2387418746948,949.1227912902832,1293.7419748306274,930.8108139038086,1282.2699308395386,989.1785430908203,1611.984143257141,974.9880981445312,1606.4318418502808,1029.0648651123047,1662.2603702545166,1002.4642181396484,1659.2003345489502,891.6618919372559,1680.289707183838,895.2272987365723,1676.8984079360962
688.311882019043,290.5834650993347,694.9052238464355,253.06912422180176,701.9684028625488,249.49198007583618,709.4470024108887,245.39454102516174,687.4346923828125,254.03779327869415,689.1140556335449,251.43189311027527,691.2548446655273,248.3287274837494,759.5661735534668,232.87527680397034,746.7525672912598,233.48014175891876,724.3376541137695,315.3819787502289,715.858039855957,316.51999711990356,853.1815338134766,420.98336935043335,877.0049858093262,396.62030696868896,880.9327125549316,718.9855027198792,928.0033493041992,667.4609541893005,853.6953163146973,946.2706589698792,908.8052558898926,884.5422148704529,851.3091659545898,996.7885422706604,922.5835418701172,940.7347726821899,845.8950805664062,1001.2330484390259,908.433780670166,949.0257596969604,849.2341804504395,982.2193193435669,900.3358268737793,929.8230314254761,911.1588478088379,934.3261814117432,907.2334098815918,916.2303471565247,953.3935546875,1282.7860736846924,934.8138999938965,1275.9824895858765,989.0642166137695,1605.4304552078247,968.5703659057617,1603.6227321624756,1029.8248672485352,1654.4812774658203,996.0034561157227,1658.4821891784668,888.0840110778809,1679.1378164291382,885.1334381103516,1670.7518148422241
684.6419334411621,295.98053097724915,689.7559547424316,258.95077407360077,696.1380386352539,255.26210367679596,702.9207801818848,251.12377166748047,683.6496734619141,259.8235756158829,685.5681610107422,257.0260691642761,687.9939079284668,253.76111805438995,752.6456451416016,236.93978905677795,742.6613616943359,237.43346571922302,720.0847434997559,319.68515396118164,713.7974166870117,321.489497423172,851.1159324645996,420.26898980140686,875.1226615905762,395.17271876335144,884.3825340270996,713.5167574882507,924.8128509521484,661.5515112876892,859.9359512329102,934.8286771774292,909.4222640991211,870.0599598884583,860.1582527160645,980.7945513725281,911.0535049438477,920.8081698417664,858.8041877746582,983.2151055335999,904.4523239135742,935.0528883934021,859.8368453979492,966.3504695892334,897.3773002624512,915.0842499732971,916.6938400268555,922.5096774101257,910.0205612182617,901.709725856781,960.0630569458008,1272.0880508422852,941.0285568237305,1269.9128866195679,989.0939712524414,1596.3742017745972,959.454288482666,1601.7414951324463,1029.4050979614258,1644.308795928955,985.7576751708984,1659.232006072998,883.7095069885254,1676.4833307266235,882.2554206848145,1666.3752222061157
681.6530227661133,297.2215139865875,685.642147064209,259.62340772151947,691.8023300170898,255.99223852157593,698.4304618835449,251.9091385602951,679.9393272399902,260.6183731555939,681.8127822875977,257.9631632566452,684.3134880065918,254.7752022743225,750.7262992858887,237.74179637432098,742.0061874389648,237.76469707489014,718.418083190918,321.1121428012848,713.0939483642578,323.2122480869293,846.6218948364258,419.6699023246765,876.1197853088379,394.75435853004456,877.2316360473633,715.9891963005066,924.2303466796875,664.460141658783,855.4131889343262,946.0288095474243,915.2770042419434,883.7682580947876,853.6013031005859,993.9837455749512,916.7519187927246,941.7311382293701,851.9879722595215,996.8264579772949,912.1374893188477,951.4963960647583,854.3364143371582,979.2302870750427,905.0020408630371,939.9183940887451,915.8432579040527,920.2425241470337,909.7378349304199,899.9229884147644,955.7713508605957,1272.584753036499,935.6551551818848,1266.6921758651733,989.5370864868164,1597.4657106399536,954.9887466430664,1601.265778541565,1030.1491928100586,1644.643793106079,981.4093780517578,1658.4684133529663,886.5945625305176,1677.730622291565,873.5099029541016,1668.6540269851685
681.7212295532227,301.3414192199707,685.1923370361328,262.69802391529083,691.4381790161133,258.92843663692474,698.0171585083008,254.78031992912292,679.163761138916,263.58954191207886,680.9731292724609,260.73604702949524,683.499641418457,257.3782056570053,751.2760734558105,240.04017055034637,741.7589378356934,240.04383981227875,719.2025756835938,325.1202642917633,713.6414909362793,327.187442779541,844.1809272766113,419.20886278152466,873.9057540893555,394.1519236564636,870.5829048156738,716.1765217781067,919.1275405883789,664.242753982544,841.0457038879395,949.9340629577637,897.129077911377,886.8899631500244,838.4636878967285,999.6635699272156,896.7451286315918,945.750138759613,835.2127647399902,1002.2251653671265,892.7585220336914,951.275532245636,839.0833282470703,983.4421491622925,886.1319923400879,939.2986106872559,899.8748588562012,917.6381850242615,890.0922775268555,899.1721415519714,924.7248458862305,1269.2198467254639,901.8250465393066,1264.9246215820312,963.4138870239258,1594.9247789382935,919.2266464233398,1598.4992837905884,1006.3112640380859,1641.4821767807007,946.3310050964355,1658.186845779419,863.3222007751465,1677.0209741592407,836.3339996337891,1664.9057149887085
686.2842178344727,303.26382279396057,689.4977188110352,264.8418867588043,695.588321685791,260.8886432647705,702.0608139038086,256.56506180763245,683.6235237121582,265.9582597017288,685.4308891296387,263.1180417537689,687.934627532959,259.843048453331,754.4926643371582,240.99219918251038,745.173282623291,241.72201216220856,723.2470893859863,326.5450966358185,717.5522232055664,328.752897977829,844.3447494506836,419.2937707901001,875.3644752502441,394.1414952278137,863.946647644043,720.2344679832458,919.8274612426758,668.217658996582,825.9534072875977,949.8166465759277,889.8827934265137,892.6450395584106,819.4851493835449,1004.3809533119202,888.317928314209,947.8858423233032,817.4842643737793,1008.5829019546509,883.234691619873,955.1047611236572,823.4558486938477,987.224771976471,876.5385818481445,943.140971660614,894.5883750915527,921.946542263031,890.881404876709,907.3843359947205,928.1793594360352,1294.1718578338623,908.0643653869629,1278.6553859710693,968.2737350463867,1616.787657737732,935.8695030212402,1608.597993850708,1008.9500427246094,1666.7676401138306,962.7254104614258,1664.88112449646,868.3077049255371,1686.8334817886353,855.0232887268066,1675.6106901168823
689.2386817932129,299.6484410762787,693.0044174194336,261.0207849740982,699.0786552429199,257.34020948410034,705.5521774291992,253.3050513267517,687.4041366577148,261.9658774137497,689.4243049621582,259.22506749629974,692.094554901123,256.0263079404831,758.1390953063965,239.6543186903,748.3208084106445,239.72508072853088,726.035041809082,323.68390917778015,720.1986122131348,325.52809953689575,846.6915893554688,418.08964133262634,876.4824485778809,391.90520882606506,850.7086372375488,719.4235610961914,942.9941368103027,665.9152293205261,823.3246421813965,946.8201470375061,885.0672340393066,886.0599374771118,811.3230514526367,1004.3703961372375,880.7013130187988,942.4973058700562,807.8528022766113,1007.3654794692993,879.5540428161621,952.6639294624329,813.8467597961426,986.5601849555969,872.9858207702637,935.578236579895,888.7140655517578,922.2094416618347,895.3804779052734,907.5482296943665,930.0397109985352,1285.6021356582642,916.3498306274414,1276.2899351119995,983.1972885131836,1608.4125995635986,970.9838104248047,1607.5063562393188,1028.488655090332,1658.4475564956665,1001.3802337646484,1661.5507221221924,882.846622467041,1680.425148010254,895.6607437133789,1674.2815160751343
691.1841201782227,297.6071083545685,696.1945152282715,259.6546930074692,702.4361801147461,256.1691838502884,709.0934944152832,252.44972705841064,690.249137878418,260.27246475219727,692.120246887207,257.4612468481064,694.585075378418,254.29103672504425,761.4753341674805,238.52603673934937,751.0879898071289,239.2941516637802,726.9082260131836,322.9412376880646,720.5244827270508,324.7489607334137,848.7726974487305,416.05542182922363,887.2790908813477,390.63889503479004,835.6087875366211,720.441427230835,955.6349945068359,665.4085493087769,786.2503051757812,944.8662972450256,885.6364631652832,881.5919351577759,777.6042366027832,1000.0755572319031,877.0332527160645,937.07111120224,772.2680854797363,1004.9536800384521,873.2989883422852,944.5997285842896,784.3262672424316,982.5231599807739,867.3164749145508,929.3107509613037,889.5873641967773,922.4108004570007,913.9435958862305,911.5430903434753,931.8387222290039,1292.291522026062,928.3965682983398,1281.6442251205444,988.9583587646484,1614.194712638855,989.2702102661133,1611.8610620498657,1034.0834426879883,1665.8353900909424,1021.4056777954102,1665.9174013137817,883.4337043762207,1679.022331237793,904.5329475402832,1675.4675245285034
701.6844749450684,285.3973174095154,709.7598838806152,245.8846127986908,716.136646270752,242.79168248176575,723.1717300415039,239.53566312789917,703.7077903747559,247.69365549087524,706.1088180541992,245.93595027923584,708.8044166564941,243.81973564624786,778.436393737793,230.51093637943268,762.3635673522949,233.08571219444275,739.4266319274902,311.64963126182556,732.2875213623047,313.23558926582336,857.695255279541,413.3413589000702,919.6526527404785,390.5219614505768,812.7620315551758,718.2262873649597,973.890380859375,673.3178043365479,720.2186393737793,940.926411151886,882.7963256835938,881.2678170204163,699.2754936218262,995.6631731987,878.0849075317383,933.5327196121216,690.8577346801758,999.0613603591919,861.0142707824707,940.1170492172241,700.9222984313965,977.5627684593201,859.9075698852539,924.7125220298767,890.2188491821289,925.3255462646484,943.6000442504883,918.5208034515381,931.8295097351074,1291.7909574508667,934.4687461853027,1282.7729415893555,985.9988021850586,1612.5913095474243,984.4045257568359,1614.5449018478394,1030.3265762329102,1667.7279567718506,1012.1495819091797,1670.7890224456787,888.4778022766113,1673.165545463562,910.6210899353027,1673.0168437957764
722.823429107666,269.2267835140228,734.2449760437012,229.86384272575378,741.9413566589355,226.8548548221588,749.5837211608887,223.6912590265274,726.2710189819336,232.14996993541718,728.2642936706543,230.77631413936615,730.8117485046387,228.86422634124756,805.6654930114746,217.92377471923828,782.9764366149902,222.00117766857147,760.1309967041016,295.97917914390564,751.9783401489258,297.8512108325958,882.129077911377,408.8262355327606,917.3739051818848,391.10772371292114,794.6689796447754,702.9772210121155,938.5239028930664,672.3630237579346,656.5561294555664,907.125813961029,824.0649032592773,880.1631760597229,630.1036262512207,962.8706574440002,805.8340644836426,929.5567202568054,623.0141258239746,964.7167468070984,797.6178932189941,927.2606635093689,631.230525970459,946.7833256721497,802.141056060791,909.0434217453003,901.4748573303223,925.3535485267639,938.309326171875,920.1439046859741,934.0259170532227,1289.2572355270386,934.321231842041,1277.6322412490845,984.1376495361328,1609.8011255264282,979.0300369262695,1613.3984184265137,1027.5264358520508,1664.8406982421875,1008.5638046264648,1665.9193325042725,886.6126441955566,1671.1065101623535,903.2874870300293,1671.4491033554077
744.3328857421875,251.791689991951,758.6038970947266,211.73147678375244,765.216007232666,209.5488291978836,772.3063087463379,207.27644562721252,751.9635772705078,212.52379596233368,754.383659362793,211.04920327663422,757.1106147766113,209.2685329914093,827.6919937133789,206.8058305978775,809.3504905700684,209.01329398155212,777.1172332763672,282.3730731010437,769.8758125305176,283.8106834888458,896.2820434570312,408.93306255340576,920.5008316040039,393.26347947120667,781.1909866333008,666.6504335403442,905.5232048034668,652.4270224571228,591.4244270324707,848.567419052124,791.3910484313965,833.4538578987122,550.510082244873,912.2287917137146,774.6731185913086,870.5657386779785,544.8534393310547,903.3496284484863,763.992862701416,863.632378578186,560.4432106018066,885.6608891487122,765.8474349975586,850.2058410644531,912.3189926147461,925.3914642333984,942.5440406799316,923.8403964042664,919.6100234985352,1280.1602983474731,931.8408393859863,1266.846284866333,955.4023361206055,1608.1457090377808,956.6301155090332,1610.6905031204224,997.6969528198242,1663.476505279541,986.54296875,1664.7267580032349,838.1888580322266,1644.3380212783813,854.1186904907227,1657.6457262039185
757.1655464172363,230.41846454143524,774.2309188842773,191.86974585056305,780.3063011169434,190.52143692970276,787.4948501586914,189.12510573863983,770.0891304016113,191.74891769886017,773.2974243164062,190.4061609506607,776.8624305725098,188.86566638946533,847.4723052978516,195.75758635997772,830.1734733581543,195.49175798892975,789.3242454528809,266.1303126811981,783.2989883422852,266.79848849773407,918.9494705200195,400.5835282802582,919.8105812072754,393.50764632225037,782.2467041015625,625.1189589500427,829.2531967163086,635.2237200737,546.7181396484375,762.3210954666138,641.3111114501953,767.6652789115906,504.2811584472656,824.0257859230042,656.6296005249023,869.5050644874573,499.83530044555664,814.574990272522,652.4002647399902,865.7053184509277,514.2943954467773,796.1636638641357,658.6667633056641,852.4005746841431,921.1553192138672,926.5701985359192,920.7042503356934,926.5624737739563,920.0655555725098,1279.8079204559326,894.9654006958008,1267.2424364089966,951.4582443237305,1608.2333850860596,908.4538078308105,1608.8343715667725,989.3198776245117,1666.9960355758667,933.5622596740723,1663.6720705032349,840.6160354614258,1643.471302986145,810.9836196899414,1657.880301475525
777.9925346374512,217.3664653301239,795.1190185546875,180.3211784362793,802.5437164306641,179.3633884191513,810.8522987365723,178.26248109340668,790.0483131408691,180.00164687633514,792.934741973877,178.88224840164185,796.4582061767578,177.4640142917633,869.8361206054688,188.08137774467468,852.2966766357422,186.66842222213745,809.1895866394043,256.80724918842316,802.3907661437988,257.06546545028687,936.8352127075195,387.77146339416504,905.9240341186523,393.5295009613037,756.1982345581055,578.8472485542297,756.2454414367676,593.894956111908,502.6110076904297,677.23149061203,522.6879501342773,672.6003670692444,454.3337345123291,737.5520324707031,478.0558204650879,727.574987411499,448.0910110473633,724.3131422996521,476.7579746246338,718.448760509491,460.72208404541016,708.0879235267639,490.986385345459,704.8488664627075,923.5000419616699,926.5965270996094,888.954963684082,926.2392568588257,906.6397476196289,1255.6349515914917,862.708911895752,1259.5996856689453,929.4461631774902,1566.3798522949219,870.4974746704102,1590.2080392837524,962.4995040893555,1620.0229167938232,891.4001083374023,1646.358561515808,822.3797607421875,1613.2328510284424,776.0525321960449,1638.5093021392822
792.0380973815918,207.57111310958862,809.0908813476562,172.08606719970703,816.6772270202637,171.35215044021606,824.9758529663086,170.36602020263672,805.0078010559082,171.3062846660614,808.6242485046387,170.13780176639557,813.2159042358398,168.6043882369995,883.9314079284668,181.64460718631744,870.6641578674316,179.67208921909332,822.3964691162109,249.6466040611267,816.1433601379395,248.59865963459015,941.414623260498,387.21734046936035,906.1287117004395,391.8472409248352,742.9523849487305,524.3159651756287,727.0096778869629,525.932629108429,481.68256759643555,586.9956493377686,501.9795799255371,575.9630155563354,426.7958450317383,635.2100086212158,446.28756523132324,613.0098152160645,424.08373832702637,623.7199401855469,444.6705436706543,610.0433778762817,437.9554080963135,613.359682559967,459.2530632019043,603.5219407081604,914.2668914794922,927.5711989402771,885.164794921875,927.4077558517456,846.9463920593262,1217.3094463348389,848.7038040161133,1225.0823593139648,864.3582344055176,1477.9346752166748,849.7830963134766,1507.5364780426025,902.9549789428711,1505.3589963912964,872.5057983398438,1558.565354347229,758.0890846252441,1574.7166728973389,746.348934173584,1570.6885957717896
810.8109855651855,207.79818892478943,829.2939376831055,172.7790105342865,837.3254013061523,172.25491762161255,845.9557914733887,171.57293379306793,822.615795135498,171.96911752223969,825.0234031677246,170.98134577274323,828.2085800170898,169.65267062187195,905.7132339477539,183.7550926208496,887.7733612060547,180.53834080696106,838.4972763061523,249.6837955713272,830.0079345703125,248.4502637386322,951.3725852966309,388.2803964614868,896.975154876709,387.8702759742737,755.2459716796875,469.19528245925903,715.8427619934082,469.0556573867798,504.7518539428711,492.3087680339813,515.7333183288574,492.3779046535492,439.8289203643799,522.5114607810974,450.97354888916016,516.0577440261841,433.9192485809326,517.6173090934753,448.1147575378418,517.4951934814453,452.0481204986572,514.8835480213165,470.7153511047363,515.3500270843506,905.8676719665527,927.4173474311829,854.6550750732422,915.4834914207458,840.6191825866699,1201.8532276153564,791.835823059082,1198.9784574508667,846.6512489318848,1472.2169351577759,795.5093765258789,1486.5651655197144,880.1672172546387,1509.2166137695312,817.8606033325195,1537.1960878372192,754.3821144104004,1556.5928363800049,704.417839050293,1554.253649711609
818.8171577453613,202.31547474861145,839.3397903442383,167.9361641407013,847.5724983215332,167.75614500045776,856.5401458740234,167.4968022108078,831.9715118408203,167.1016162633896,833.9408683776855,166.326162815094,836.6570663452148,165.3109359741211,914.7002792358398,182.64097273349762,893.5330009460449,178.80044639110565,846.7783355712891,246.18566930294037,837.1392059326172,245.1439368724823,956.6305160522461,389.2902481555939,896.5023994445801,384.33809638023376,762.2784805297852,416.521418094635,714.6554374694824,405.4958975315094,529.5839881896973,408.8564908504486,523.9146995544434,409.478462934494,470.3225898742676,429.5276641845703,470.2510929107666,423.93348813056946,467.3312473297119,421.43932342529297,470.59624671936035,424.4918918609619,482.8973579406738,421.6000306606293,488.0061721801758,426.5736186504364,905.8783149719238,935.3724360466003,843.2260322570801,917.9110622406006,828.2909774780273,1211.5219259262085,795.0595664978027,1207.1849870681763,821.1906051635742,1482.750678062439,781.8499374389648,1497.3983716964722,854.4046211242676,1523.6149263381958,801.5890502929688,1550.077772140503,722.6874160766602,1556.081199645996,685.9739112854004,1558.4512853622437
824.9689292907715,195.93569040298462,849.7174072265625,164.2492800951004,857.8579330444336,164.66139614582062,866.7014694213867,165.17263054847717,842.2259330749512,162.24100291728973,844.1736602783203,161.1210572719574,846.657829284668,159.91147220134735,920.4364585876465,182.84402132034302,897.1132278442383,176.12201392650604,849.9201393127441,241.0657775402069,839.578685760498,238.60344529151917,955.4351234436035,389.7959625720978,891.6501617431641,355.21510004997253,753.0733108520508,378.6103141307831,751.6731834411621,432.2872066497803,541.3491439819336,338.0258631706238,615.2212142944336,492.9766380786896,501.309871673584,342.04434871673584,594.9992752075195,516.023143529892,494.5150566101074,334.0781235694885,609.5803070068359,512.0136058330536,507.6464653015137,338.4586429595947,621.1755752563477,509.3582832813263,905.7806968688965,911.7335057258606,846.7650032043457,897.787606716156,833.8335227966309,1119.0113353729248,796.2316131591797,1154.6470785140991,836.5227127075195,1377.703185081482,811.3631057739258,1427.3215198516846,866.5573883056641,1420.5098247528076,835.6229782104492,1477.967505455017,751.4014434814453,1450.100040435791,721.563663482666,1489.9335479736328
827.8787612915039,198.30611407756805,853.5655403137207,165.61945974826813,861.8015670776367,166.36790871620178,870.6344604492188,167.23052322864532,845.2214813232422,163.00028264522552,846.569766998291,161.851127743721,848.45947265625,160.61513364315033,921.6665267944336,184.1120409965515,895.4819297790527,176.99224054813385,850.3174209594727,242.15950727462769,839.2069816589355,238.4428346157074,962.325325012207,389.88579511642456,897.458610534668,337.5299334526062,763.3136558532715,358.6942684650421,799.2437553405762,451.2643074989319,641.7786026000977,294.7790729999542,716.8885231018066,531.7665302753448,576.4295768737793,287.2674822807312,699.2728042602539,561.3525938987732,575.2615928649902,282.1003568172455,709.2838668823242,555.7067584991455,603.0131721496582,290.5132985115051,715.7316398620605,550.3291010856628,893.6952781677246,901.7452597618103,853.6049652099609,887.2801280021667,841.9105339050293,1094.8739004135132,812.9285430908203,1120.119194984436,833.5612678527832,1331.403923034668,827.8352737426758,1358.4148406982422,858.3043670654297,1379.1026544570923,850.9055328369141,1403.3571195602417,758.767147064209,1372.9861879348755,728.2877540588379,1409.3861675262451
821.0022354125977,199.98034358024597,849.3198394775391,166.51812314987183,858.0024147033691,167.1976125240326,866.8240928649902,168.0019050836563,838.8343620300293,164.12537813186646,840.1201057434082,163.14898431301117,841.9313621520996,162.11912870407104,917.4277496337891,185.03873884677887,887.493953704834,177.4599426984787,846.6269874572754,241.66618466377258,833.4689140319824,238.22084426879883,1005.8454895019531,390.2505648136139,880.3660011291504,327.1560609340668,847.3025894165039,369.0928280353546,692.0610237121582,300.76289892196655,771.148509979248,275.62983870506287,763.8293838500977,558.8520884513855,688.8727569580078,277.2254526615143,779.4075393676758,599.3834638595581,714.4762229919434,278.70348930358887,805.7773590087891,595.7926082611084,727.2643661499023,293.8860583305359,800.7120895385742,587.1858072280884,894.422550201416,889.5607995986938,805.927562713623,877.1011447906494,842.969913482666,1136.8013334274292,769.6065330505371,1147.0070314407349,831.8601608276367,1398.1062126159668,790.9430694580078,1410.5590438842773,845.0470733642578,1444.77961063385,814.6099662780762,1460.98783493042,762.7245712280273,1455.7478713989258,701.4583969116211,1463.8645362854004
819.4213485717773,199.79881167411804,847.6044273376465,166.54696226119995,856.6714668273926,167.17570960521698,865.6145668029785,167.94215083122253,837.139720916748,164.61702704429626,838.4823989868164,163.82552862167358,840.2861595153809,163.00639808177948,913.9874839782715,185.14608085155487,883.8674926757812,177.49134063720703,847.3297691345215,240.9883850812912,833.2503318786621,237.97646820545197,999.4651794433594,390.61784505844116,879.2411613464355,329.86072540283203,986.806640625,401.059148311615,729.4624900817871,266.46411895751953,871.2204551696777,334.47553038597107,749.0119171142578,271.4769423007965,834.0653800964355,320.3731083869934,757.1347618103027,281.8338203430176,845.1238632202148,314.1506838798523,771.9676780700684,280.19375681877136,845.2344131469727,300.27363181114197,775.4110336303711,284.0231788158417,885.6122016906738,882.551543712616,814.3374252319336,876.8238258361816,828.0658721923828,1141.6363906860352,771.8472862243652,1155.6027603149414,795.3336524963379,1418.3341455459595,774.8991966247559,1433.4961795806885,809.9050140380859,1469.5400476455688,794.2386817932129,1486.7524909973145,720.1138687133789,1465.2238368988037,687.1000099182129,1482.9699325561523
815.5162811279297,199.96650338172913,842.2086524963379,165.09266316890717,850.5778884887695,165.58144748210907,859.1289138793945,166.3270479440689,834.4760513305664,163.74155402183533,836.953125,163.08359742164612,839.8112869262695,162.4527096748352,908.9914512634277,183.81061434745789,882.6404571533203,176.59753739833832,843.7283706665039,240.0330251455307,831.2059593200684,237.59885609149933,990.9956359863281,384.843327999115,879.4609451293945,324.30153608322144,1077.385025024414,424.29623007774353,760.8230209350586,256.45392179489136,921.0448837280273,300.6542372703552,816.7045783996582,259.101744890213,893.8946914672852,300.49195289611816,798.3735466003418,274.7211170196533,899.5339393615723,293.08104157447815,821.8731880187988,259.5104330778122,888.8790321350098,278.69669795036316,823.4672927856445,272.58979082107544,870.5730628967285,867.5114321708679,811.4047050476074,860.9693312644958,816.1337471008301,1123.5968828201294,765.8768463134766,1137.0444059371948,771.7020034790039,1394.6298122406006,751.4780044555664,1406.3279342651367,782.8302955627441,1447.0618915557861,766.8175506591797,1457.9156970977783,703.3129692077637,1444.01846408844,672.4651908874512,1455.7422065734863
814.1691398620605,214.61442232131958,840.0778198242188,175.96067905426025,848.228931427002,176.42105877399445,856.5789413452148,177.3031461238861,832.9035758972168,173.23052287101746,835.751781463623,171.66094779968262,838.92333984375,170.26995956897736,906.5531730651855,191.9042980670929,881.7507362365723,181.384459733963,842.4594497680664,248.37916374206543,832.8450393676758,245.151629447937,984.9081802368164,370.03756642341614,892.313404083252,329.0927231311798,1081.0871887207031,434.67689394950867,927.8578948974609,494.14729356765747,907.2004508972168,280.0568997859955,826.5006637573242,547.6462912559509,850.9284782409668,244.06918108463287,796.7898559570312,570.0918102264404,848.6266708374023,229.62844669818878,799.1644477844238,571.9653224945068,863.1668472290039,241.77209436893463,806.0875511169434,564.6262836456299,863.3401107788086,857.8531622886658,814.5210456848145,858.6902046203613,820.5002403259277,1134.0349674224854,765.1877403259277,1144.4511651992798,785.7100296020508,1420.9581184387207,745.506649017334,1432.710828781128,796.4273643493652,1476.577434539795,759.5096969604492,1488.8012266159058,715.0320625305176,1464.9255323410034,671.773796081543,1470.1537799835205
813.779125213623,214.61448669433594,839.1438674926758,176.06465756893158,847.1898078918457,176.48988962173462,855.3871536254883,177.33122885227203,831.5900802612305,173.40957641601562,834.1928100585938,171.85656130313873,837.1440696716309,170.45620679855347,905.1643753051758,191.90568208694458,880.9526252746582,181.3752382993698,841.4639854431152,248.3696687221527,831.4990425109863,245.2848333120346,988.8785934448242,372.4613392353058,891.0100364685059,325.1438570022583,1042.8281021118164,430.3684723377228,828.2278633117676,281.58830165863037,897.8675651550293,287.11108803749084,813.4245872497559,350.1358115673065,867.3745536804199,291.4001977443695,817.0818901062012,358.8193130493164,879.6184730529785,290.8886253833771,826.424674987793,371.09267234802246,882.971134185791,304.7204875946045,823.6456489562988,373.72697710990906,866.4841461181641,858.2131361961365,798.8215255737305,849.3910074234009,822.8766632080078,1137.8309154510498,760.3356170654297,1142.9689121246338,782.0084381103516,1419.2542934417725,744.3836402893066,1427.0570755004883,791.2715721130371,1472.8713512420654,757.943172454834,1481.215124130249,716.9686889648438,1472.0289659500122,674.8194122314453,1474.5478820800781
812.743091583252,214.61368203163147,837.7781295776367,176.1415833234787,845.983943939209,176.53176426887512,854.50927734375,177.3439747095108,830.5719566345215,173.52107048034668,833.814582824707,171.9170719385147,836.2275123596191,170.5427724123001,904.9316024780273,192.34007120132446,879.5871162414551,181.69325709342957,840.552921295166,248.82259726524353,831.2992286682129,245.51382422447205,1015.4497146606445,386.61226630210876,865.0830459594727,323.7741279602051,1019.6844863891602,435.2933621406555,681.1328315734863,240.88060855865479,862.6372718811035,279.50618863105774,726.053295135498,240.70569097995758,812.4192237854004,270.5058753490448,739.3860626220703,250.98425924777985,827.4524116516113,263.0876415967941,794.6056938171387,253.6691290140152,835.3076934814453,281.66818857192993,800.0560569763184,257.7229231595993,867.3724365234375,862.0831775665283,759.481315612793,849.9385643005371,841.563549041748,1140.6030750274658,739.4285774230957,1142.564778327942,792.8423881530762,1413.6910486221313,732.5220680236816,1417.3421573638916,803.0010223388672,1453.878993988037,749.2545318603516,1469.420313835144,722.8927803039551,1473.257074356079,651.1175537109375,1473.5449504852295
812.570686340332,214.6354240179062,837.7629661560059,176.26233100891113,846.0077476501465,176.64539873600006,854.630241394043,177.43277728557587,830.148983001709,173.73620510101318,832.8925323486328,172.23703801631927,835.2666664123535,170.90742945671082,906.375846862793,193.5102117061615,880.9062767028809,182.93163299560547,839.9364280700684,250.17233848571777,830.368595123291,246.34949862957,1008.9051818847656,396.0507667064667,867.5626945495605,325.52768111228943,932.9058265686035,383.6844527721405,722.3257255554199,292.6666724681854,819.1191673278809,280.62615036964417,709.7773361206055,561.1408066749573,742.5424575805664,281.18983268737793,707.6470184326172,615.679042339325,768.1440353393555,278.226420879364,746.0323905944824,612.1218538284302,777.2527313232422,293.9034068584442,753.2444000244141,597.4306440353394,868.2039642333984,865.6724238395691,777.5194931030273,853.8454270362854,843.4844970703125,1141.9419050216675,752.1303749084473,1142.4154329299927,796.5225219726562,1412.9441928863525,744.2017936706543,1417.77268409729,805.1289939880371,1458.77366065979,760.2486419677734,1473.0159330368042,726.3863754272461,1471.6020441055298,659.87548828125,1462.4205207824707
820.5229568481445,206.75038933753967,848.5776329040527,169.5066887140274,856.6869163513184,170.6209534406662,865.3538703918457,171.9923722743988,840.655632019043,166.6652476787567,843.0342864990234,165.7262223958969,845.8063316345215,164.78335082530975,916.413745880127,191.95531368255615,894.4434356689453,181.48467242717743,846.0345268249512,247.5464826822281,835.3072929382324,243.99009883403778,1000.0017929077148,396.2929379940033,901.1612892150879,339.48487758636475,817.5872611999512,333.6444103717804,785.0877571105957,464.35842275619507,679.8526382446289,268.27459394931793,709.4705200195312,624.0026664733887,611.1467742919922,262.5656408071518,698.2122802734375,668.9385080337524,609.2242240905762,256.6560047864914,710.1065826416016,664.5028853416443,638.1398391723633,264.1968047618866,717.9776573181152,652.263514995575,864.0346527099609,875.0508642196655,819.5486068725586,873.3615875244141,837.8988647460938,1082.1358966827393,798.7296867370605,1124.5301628112793,799.8971557617188,1337.2668886184692,796.8893623352051,1392.6677227020264,807.4334335327148,1388.1802797317505,812.1396446228027,1448.101258277893,727.8837776184082,1376.30126953125,712.7057075500488,1429.9303007125854
828.2759284973145,203.53537559509277,857.1986961364746,165.64297199249268,865.2065277099609,166.88382625579834,873.691577911377,168.25069069862366,850.525074005127,163.0242133140564,853.546028137207,162.3310124874115,857.3873519897461,161.56381487846375,925.9653854370117,190.604510307312,908.9029312133789,181.10368072986603,852.7608489990234,246.0166096687317,841.9916725158691,243.4218943119049,998.8152694702148,395.66951751708984,906.697883605957,356.5360987186432,785.5234909057617,339.046368598938,735.2756881713867,383.65310311317444,585.2393531799316,282.97666668891907,547.9198265075684,316.11029505729675,513.1554794311523,281.047021150589,494.64746475219727,311.2282454967499,507.28769302368164,275.10658264160156,501.4540672302246,311.92373156547546,527.8390502929688,281.48005843162537,511.6811943054199,320.62142729759216,856.4398384094238,897.0034790039062,822.341194152832,893.0169868469238,814.6023559570312,959.6918535232544,778.6461639404297,1084.4848680496216,787.7950859069824,1254.0185451507568,785.5355072021484,1334.5817613601685,810.1204490661621,1302.802734375,807.736701965332,1386.747465133667,692.6407814025879,1317.473087310791,677.3262405395508,1366.212215423584
835.3696060180664,203.41942369937897,863.1826400756836,166.27196073532104,871.1392021179199,167.4092710018158,879.8084449768066,168.65633726119995,856.212215423584,163.68772208690643,858.8357734680176,162.95705616474152,862.3342323303223,162.11792171001434,933.6390495300293,190.91441810131073,913.831672668457,181.89651489257812,860.4684448242188,246.13318920135498,849.0769386291504,243.5841464996338,998.2641220092773,395.49455165863037,909.404182434082,367.028546333313,752.281608581543,358.59217286109924,697.0624351501465,366.67356133461,513.8074493408203,297.6105201244354,486.1680221557617,327.9520332813263,447.1075916290283,285.54373383522034,429.01668548583984,332.94673562049866,440.1706123352051,280.38002014160156,431.5994453430176,336.31505370140076,460.26844024658203,285.29123067855835,446.9720935821533,340.60866951942444,853.1124687194824,923.2652878761292,825.4547882080078,905.1341128349304,812.3648643493652,824.3925833702087,805.2804565429688,888.7585830688477,791.4876365661621,1121.5516233444214,793.6067962646484,1136.0963201522827,812.8444290161133,1174.0050745010376,812.4989891052246,1190.2223110198975,698.9516258239746,1170.5065298080444,678.8712501525879,1159.552173614502
841.2732696533203,201.83602452278137,869.7931480407715,165.5862271785736,877.9088401794434,166.6495245695114,886.5701866149902,167.73334085941315,863.6707878112793,163.39516282081604,866.8587684631348,162.8312712907791,871.0153770446777,162.05345213413239,939.0372276306152,190.8750218153,920.5784225463867,181.93581461906433,866.9417953491211,245.79790234565735,856.1813163757324,243.15405428409576,988.6245346069336,395.2247965335846,924.6189308166504,372.0328402519226,719.5956230163574,369.9412000179291,691.3375282287598,383.7111032009125,459.08483505249023,364.1657495498657,465.415735244751,370.8077895641327,396.3040065765381,372.19332218170166,404.1727066040039,382.7836811542511,394.3311595916748,370.04239439964294,401.7058753967285,385.3115773200989,410.34790992736816,370.58740854263306,416.8102169036865,386.6681742668152,853.1350135803223,923.5515546798706,840.3563690185547,907.0139980316162,816.0391044616699,843.9062333106995,853.5334396362305,857.2461247444153,815.9064102172852,1098.9632606506348,840.1651382446289,1086.8916463851929,850.0320625305176,1141.3754224777222,855.0705528259277,1133.6881256103516,731.568489074707,1138.1440258026123,742.5397109985352,1113.1958770751953
847.8494453430176,199.0143620967865,878.4897994995117,164.36745285987854,886.6870307922363,165.64379274845123,894.9799919128418,166.84026181697845,872.3189163208008,161.8553924560547,875.8701324462891,161.36194109916687,880.3187370300293,160.6076180934906,946.285400390625,190.88517665863037,930.1242828369141,181.98782801628113,872.2012138366699,243.98272812366486,862.1235466003418,241.33675575256348,979.3265533447266,395.15047788619995,935.4521942138672,382.66555666923523,734.5513916015625,423.8020384311676,707.3864364624023,437.92261362075806,446.7982292175293,454.34497475624084,482.94811248779297,429.74547028541565,371.70358657836914,471.8416893482208,425.311861038208,428.04975628852844,369.49899673461914,459.2527413368225,411.8262004852295,430.20010471343994,388.7552261352539,460.2654254436493,427.1600532531738,436.5352141857147,857.4083518981934,927.7779650688171,857.0646858215332,915.6388878822327,817.1459197998047,903.8758134841919,839.1864395141602,1064.1699028015137,824.9504470825195,1287.2814989089966,828.2032012939453,1364.2282390594482,863.4946060180664,1331.2389993667603,845.7404708862305,1416.3340759277344,738.7753486633301,1392.1049737930298,720.6777191162109,1416.9823122024536
849.0193748474121,191.08647108078003,881.0910987854004,157.75479912757874,889.244327545166,159.17839229106903,897.462215423584,160.35638630390167,875.2713775634766,155.0165319442749,878.9761734008789,154.57828044891357,883.6631011962891,153.86533319950104,946.3333511352539,187.11826086044312,929.988842010498,178.2798457145691,872.2936248779297,236.51043713092804,862.5331878662109,233.59882950782776,973.6490249633789,394.25318241119385,937.3190116882324,384.8182225227356,738.2418823242188,487.3235285282135,712.0227813720703,484.16999101638794,452.6718807220459,535.0955164432526,483.27003479003906,512.4979162216187,378.7905693054199,572.5892901420593,418.1036853790283,533.0110538005829,371.7604637145996,557.4869298934937,407.9493999481201,529.3539905548096,394.52513694763184,549.417450428009,424.38076972961426,527.87073969841,865.7730102539062,926.8697905540466,865.8469390869141,916.4533352851868,844.6536827087402,955.5831813812256,837.3675155639648,1105.0535917282104,848.0190467834473,1347.6681518554688,829.9853324890137,1437.621202468872,884.4145774841309,1399.9492120742798,851.2929725646973,1497.4564361572266,766.3567543029785,1454.5399761199951,718.366584777832,1495.495376586914
853.5824203491211,192.1108227968216,883.9968681335449,158.5127431154251,892.1018028259277,159.83388662338257,900.0945854187012,160.92700481414795,877.6883125305176,155.8261674642563,881.2073135375977,155.29011726379395,885.4868316650391,154.46134686470032,948.3312606811523,187.12754666805267,930.6239891052246,178.3378940820694,877.9987907409668,237.06221044063568,868.432445526123,234.14558172225952,973.696174621582,394.1467094421387,938.1169509887695,388.6292338371277,747.1293067932129,540.6715393066406,722.329044342041,533.2488477230072,482.7444076538086,619.6659851074219,514.5452499389648,590.0844597816467,412.5875473022461,668.2040762901306,450.895471572876,621.4983630180359,406.93785667419434,654.4196248054504,445.8767509460449,612.1445775032043,426.37364387512207,640.072295665741,462.82336235046387,604.1405653953552,872.5294303894043,925.1664805412292,869.2928123474121,913.7285542488098,831.511344909668,963.122935295105,834.4095039367676,1109.1053581237793,844.229907989502,1354.628677368164,825.7193756103516,1449.9761867523193,876.7909812927246,1414.5958757400513,846.9296836853027,1513.8402700424194,760.821418762207,1446.9613409042358,704.362907409668,1497.946572303772
853.3321952819824,191.62541806697845,882.8928565979004,157.93164789676666,890.8144569396973,159.18803215026855,898.6922836303711,160.21537721157074,877.1652603149414,155.47197103500366,880.8635902404785,155.00526666641235,885.3925895690918,154.222651720047,946.5890121459961,186.34203493595123,930.9408760070801,178.0498570203781,877.0850372314453,237.0788186788559,868.0257797241211,234.33979511260986,956.3592338562012,396.4218771457672,964.3644332885742,391.0184705257416,754.1444206237793,592.0979189872742,779.3794441223145,575.7370018959045,499.826602935791,704.7114944458008,523.6311149597168,658.4699749946594,444.3963146209717,761.8534255027771,496.2857437133789,698.2669830322266,441.11520767211914,746.4731669425964,447.8715133666992,679.9464225769043,456.9873046875,728.8270425796509,467.894811630249,694.5849752426147,876.7825698852539,925.3549003601074,895.8093452453613,935.3874349594116,854.3125534057617,1187.448992729187,865.6226921081543,1236.6922903060913,858.4708213806152,1514.174108505249,849.5479202270508,1576.0979890823364,892.642993927002,1565.6654405593872,866.4023780822754,1641.002597808838,768.4417533874512,1578.6635112762451,752.8536415100098,1620.0851011276245
851.4252090454102,190.48813998699188,880.6769371032715,156.4260596036911,888.6120986938477,157.37570643424988,896.5771293640137,158.17494571208954,874.9794387817383,154.38831567764282,878.6203193664551,153.87983322143555,883.0948448181152,153.0627143383026,945.0983619689941,184.0381246805191,929.2584228515625,176.45133018493652,875.4210662841797,236.49819016456604,866.2766647338867,233.9354521036148,950.1333045959473,398.18025827407837,963.0619812011719,392.59268045425415,758.334903717041,644.4719982147217,835.019702911377,625.3057050704956,527.5923728942871,790.2733397483826,669.6589851379395,795.0659108161926,495.45312881469727,846.3189339637756,645.7448387145996,822.4109244346619,480.8755302429199,835.0160622596741,623.1839561462402,813.7088513374329,492.4020767211914,818.6873316764832,632.4582481384277,809.6780705451965,876.7232894897461,928.9368081092834,914.0342903137207,942.2886729240417,854.0744018554688,1170.9888124465942,874.3053245544434,1212.9445695877075,852.7109527587891,1476.5897941589355,860.1104736328125,1529.8840856552124,885.5915451049805,1532.5147533416748,873.1032371520996,1595.2160024642944,764.6738433837891,1519.4776725769043,778.8650894165039,1560.4669332504272
847.8094482421875,187.3243510723114,878.5720825195312,153.58302533626556,886.3459396362305,154.32944655418396,894.3025588989258,155.07873237133026,874.5795822143555,151.839337348938,877.9537010192871,151.2895917892456,881.9285202026367,150.48145294189453,941.9774436950684,180.71420788764954,928.0926132202148,173.6424618959427,870.3852653503418,233.77540469169617,863.638973236084,231.4379721879959,936.1765480041504,402.10453391075134,962.5752639770508,391.9613742828369,795.0965309143066,687.2965979576111,879.5871734619141,655.021448135376,607.0339965820312,858.6204886436462,746.6168975830078,822.5632953643799,576.0303497314453,908.4394097328186,720.6417846679688,847.4314284324646,564.8699569702148,896.03196144104,697.6994705200195,834.9163484573364,572.5540351867676,881.6228985786438,707.4957847595215,830.6439113616943,863.397274017334,932.893238067627,931.8925094604492,936.6729640960693,852.3387908935547,1156.1764526367188,884.6100997924805,1188.9381980895996,855.6071090698242,1436.0529470443726,886.486644744873,1489.0140438079834,887.9953765869141,1490.5761194229126,902.5791549682617,1550.2788734436035,765.7597160339355,1464.5105838775635,807.169075012207,1520.496826171875
840.6384658813477,183.97769451141357,871.380558013916,151.17719650268555,878.8998985290527,151.94708168506622,886.6080093383789,152.74920165538788,868.8057518005371,149.58779454231262,873.2061195373535,149.1682916879654,878.1290817260742,148.5109144449234,934.2556571960449,178.7884086370468,925.2523040771484,172.1483963727951,862.0720481872559,231.57653510570526,857.0302391052246,229.10158574581146,929.1376304626465,405.79365491867065,958.3398056030273,392.4445903301239,842.3276138305664,708.6499643325806,886.6742706298828,668.0882692337036,692.0523262023926,909.2075729370117,782.8550148010254,865.1179790496826,665.0818634033203,963.1856989860535,758.7754440307617,907.5989556312561,648.4371185302734,956.2049603462219,745.4060554504395,897.9574227333069,657.9105377197266,935.8497619628906,753.4970283508301,885.6163430213928,835.9097099304199,944.4073176383972,903.0586624145508,952.6444888114929,826.7566680908203,1230.4452753067017,848.0014801025391,1236.2403917312622,829.9454498291016,1521.2537240982056,872.9359817504883,1536.3981199264526,859.3381118774414,1581.7149209976196,882.9072761535645,1598.3809661865234,734.315013885498,1544.2486667633057,785.1739883422852,1564.4530391693115
834.1259765625,181.4809226989746,865.1676177978516,149.25337672233582,872.7968215942383,150.16153514385223,880.4346084594727,151.14328801631927,862.0142555236816,147.56437361240387,866.4246368408203,147.19464719295502,871.4274215698242,146.6582751274109,927.3292922973633,177.6852160692215,918.4612655639648,171.05634033679962,855.3240966796875,230.062175989151,849.4870948791504,227.32833445072174,923.2369422912598,410.2232265472412,955.7769584655762,392.21226811408997,878.8708877563477,717.7564930915833,896.854248046875,669.6363115310669,765.3544235229492,944.7692227363586,823.5062599182129,896.4043593406677,744.0352821350098,1002.8746891021729,798.6135864257812,950.7487678527832,728.2237815856934,1000.119845867157,792.9734230041504,956.3651204109192,736.9914436340332,978.679769039154,795.1679420471191,934.7939157485962,840.7014656066895,947.7236223220825,868.6079978942871,948.6449933052063,825.9499168395996,1272.0128631591797,817.4066734313965,1258.085117340088,812.8881454467773,1578.962459564209,815.8637809753418,1567.4763822555542,837.6102447509766,1635.8267498016357,825.128059387207,1624.042239189148,719.5794296264648,1614.6068286895752,746.1088371276855,1611.5919828414917
823.6025047302246,181.36463284492493,853.5103225708008,148.7116777896881,860.9029769897461,149.61486339569092,868.7891578674316,150.59980273246765,850.9802627563477,147.18867659568787,855.476245880127,146.8820196390152,860.892505645752,146.42384469509125,917.6613235473633,177.11260199546814,909.8636054992676,170.87471187114716,844.995059967041,230.16277492046356,839.7259712219238,227.6090168952942,919.8182487487793,409.58815455436707,950.1285552978516,391.77382349967957,894.4757652282715,716.0912275314331,903.9757347106934,680.8492541313171,781.9851493835449,952.0885634422302,830.3982925415039,907.0054364204407,765.431957244873,1012.5568413734436,806.9718360900879,963.666501045227,754.9466514587402,1017.2457718849182,802.2454261779785,973.7606406211853,762.0655632019043,995.2562069892883,804.3657875061035,950.4906320571899,842.9783821105957,942.8135061264038,860.0582885742188,933.5833168029785,829.5643043518066,1232.2196531295776,819.3075942993164,1225.9910488128662,824.3924903869629,1540.8674097061157,819.0838623046875,1534.338698387146,855.322151184082,1591.51300907135,831.5178108215332,1590.7253408432007,728.6006927490234,1600.3909492492676,747.7384185791016,1587.1377038955688
818.1943702697754,181.47350370883942,847.4846649169922,148.5810488462448,854.5324516296387,149.4901567697525,862.2270011901855,150.4730200767517,845.2341842651367,147.1015477180481,849.6804428100586,146.83306396007538,855.1408767700195,146.41367375850677,911.0859489440918,176.7762529850006,904.2967987060547,170.8247423171997,838.1683158874512,230.30431509017944,833.7749862670898,227.83557772636414,914.0618133544922,409.4960045814514,949.3902397155762,391.3029992580414,895.0693702697754,711.7987704277039,907.7347755432129,670.840859413147,778.9224815368652,942.0695471763611,823.3883285522461,892.2633075714111,756.1627578735352,1002.3605418205261,807.5566291809082,942.7612996101379,743.8235092163086,1002.0297288894653,794.7617340087891,952.0386099815369,753.127613067627,981.1294841766357,803.869800567627,938.2054281234741,843.6561012268066,941.10111951828,858.614616394043,930.1893782615662,833.3512687683105,1230.3148555755615,820.5722236633301,1225.1511096954346,832.7652740478516,1548.4569883346558,828.6444282531738,1541.9613647460938,862.8359985351562,1607.56995677948,842.874698638916,1598.8108491897583,740.5027198791504,1585.9235000610352,762.0688247680664,1587.3944234848022
813.4692192077637,181.65907502174377,842.9161262512207,148.62665712833405,850.3241729736328,149.54451978206635,858.4873580932617,150.55184483528137,839.6181106567383,147.18164384365082,843.6232566833496,146.92687153816223,848.6401748657227,146.52346193790436,907.2374725341797,176.7350059747696,898.007984161377,170.7254308462143,833.4475135803223,230.22718012332916,827.9337501525879,227.85583913326263,911.0025215148926,408.463397026062,941.1539268493652,386.2898862361908,895.8008766174316,710.9045648574829,905.152416229248,658.1280255317688,766.3598442077637,936.3810324668884,807.4358940124512,884.1763830184937,740.917911529541,995.2621936798096,784.6072769165039,936.1920976638794,724.0598487854004,990.2297687530518,774.8928451538086,948.8209247589111,733.062686920166,971.2829232215881,782.3210334777832,928.2803964614868,829.0254592895508,929.6806383132935,836.5530395507812,921.8987131118774,795.2054214477539,1230.211730003357,790.499153137207,1221.4348554611206,777.7546119689941,1542.494502067566,779.2619705200195,1533.146252632141,803.7104988098145,1600.2186870574951,792.5685882568359,1589.8721408843994,679.0290641784668,1577.2142171859741,698.3461761474609,1574.1128540039062
808.5684585571289,181.75388038158417,837.6430892944336,148.74061346054077,845.0020980834961,149.64639008045197,853.3401489257812,150.60852527618408,834.5190811157227,147.23616778850555,838.553466796875,147.05249547958374,843.6612510681152,146.75629913806915,902.7517890930176,176.81479632854462,893.3536720275879,171.0276460647583,828.8915634155273,230.58583438396454,823.6974906921387,228.28144133090973,908.1350898742676,408.3779740333557,933.9005470275879,386.20816469192505,890.2410507202148,714.4502305984497,906.5891075134277,664.556314945221,751.2542724609375,936.3691878318787,799.376106262207,878.7062859535217,723.9395141601562,992.7784252166748,781.6354179382324,942.1150588989258,707.1838188171387,985.6446075439453,766.7938613891602,946.8177652359009,716.5557861328125,966.7047786712646,772.9117012023926,924.0505743026733,831.0520362854004,929.6427226066589,837.092342376709,928.2081055641174,797.3300743103027,1234.6402072906494,796.8585205078125,1236.0884714126587,787.5851440429688,1531.1707735061646,782.8825950622559,1534.6394491195679,816.7314720153809,1589.6817255020142,795.369987487793,1592.8227424621582,690.959415435791,1564.5382690429688,723.3035087585449,1568.3720684051514
804.8232650756836,181.9270759820938,834.159049987793,148.88424575328827,841.6196250915527,149.78141248226166,850.0794410705566,150.72998106479645,830.6229972839355,147.37344324588776,834.4667816162109,147.16645181179047,839.3622779846191,146.83737695217133,899.227180480957,176.88010275363922,888.8565444946289,171.08109176158905,824.7461700439453,230.67566692829132,819.7051048278809,228.37648808956146,905.302734375,406.926748752594,932.2853851318359,384.2867588996887,883.9579582214355,711.3601326942444,903.2543563842773,665.0107884407043,740.5943870544434,939.653627872467,796.5642356872559,889.9893307685852,710.4509353637695,996.82053565979,780.3546524047852,952.6739716529846,695.5575942993164,990.9051704406738,763.5724639892578,955.4464530944824,705.6658744812012,972.1946382522583,777.1090507507324,932.5891399383545,833.477668762207,929.5897436141968,848.6413764953613,933.4179425239563,824.073486328125,1243.2049083709717,811.9777679443359,1255.5098104476929,813.1774520874023,1539.6492147445679,811.8720245361328,1557.5866270065308,834.8763656616211,1599.773097038269,821.3887596130371,1617.7406358718872,725.9750175476074,1571.2687253952026,758.7828254699707,1588.2738876342773
803.3838272094727,181.77299916744232,833.1356048583984,148.65895628929138,840.7388877868652,149.5592451095581,849.1692924499512,150.5288314819336,829.3766212463379,147.19780147075653,833.2637786865234,147.01062083244324,838.2140922546387,146.72200441360474,897.3786163330078,176.25787317752838,887.1707725524902,170.89244663715363,823.1980133056641,230.22961020469666,818.0830192565918,228.1253206729889,905.5910110473633,405.5276334285736,931.5718460083008,384.7581946849823,881.1275482177734,707.6217341423035,898.6948585510254,671.7248296737671,733.494758605957,940.3175067901611,789.7726249694824,901.7267847061157,701.0713005065918,1002.2282552719116,767.3933601379395,957.5667715072632,687.3753547668457,1001.4821720123291,755.9527015686035,963.6569094657898,698.5820960998535,980.1329898834229,764.0109443664551,944.5833134651184,835.0336647033691,929.9637508392334,862.4701881408691,945.2078604698181,846.1914825439453,1255.4404163360596,834.3300247192383,1275.6772327423096,833.968391418457,1562.2911357879639,839.5844650268555,1586.990933418274,857.1543502807617,1623.7197303771973,849.5246315002441,1648.5373306274414,746.817512512207,1595.5439186096191,784.0250587463379,1619.7643947601318
803.005485534668,180.51738739013672,833.0510330200195,147.86512434482574,840.6142044067383,148.74734044075012,848.8244819641113,149.74784195423126,829.5138931274414,146.5191650390625,833.6025810241699,146.3537585735321,838.7003517150879,146.12430095672607,896.2372398376465,175.3103667497635,887.0886039733887,170.27403116226196,822.707633972168,228.48691999912262,817.5235748291016,226.6666603088379,905.0705337524414,404.5178782939911,929.0619850158691,385.5470860004425,873.2048606872559,706.3283514976501,894.4082450866699,673.5136914253235,728.5958290100098,930.2970743179321,790.1332855224609,892.9060077667236,696.302661895752,996.1773204803467,761.6756629943848,951.3964247703552,682.9072952270508,997.7106857299805,754.764232635498,955.6395077705383,693.7770652770996,975.2656817436218,762.780818939209,931.5156555175781,841.435661315918,930.9511041641235,886.7538642883301,947.6725745201111,871.3916015625,1203.784418106079,888.9304161071777,1228.7541961669922,894.9826240539551,1477.9113721847534,909.7325706481934,1489.8532104492188,930.7083892822266,1525.754942893982,928.6281967163086,1546.570086479187,806.411304473877,1530.897831916809,822.9648971557617,1520.4482889175415
803.9817237854004,179.71739172935486,833.4331512451172,147.46214926242828,841.0098838806152,148.4466540813446,849.1922950744629,149.5987057685852,829.9875640869141,145.91615080833435,834.1571044921875,145.69469153881073,839.3676567077637,145.48726558685303,897.2793960571289,175.3441947698593,887.6746559143066,170.22176027297974,823.850212097168,227.46649503707886,818.5836410522461,225.11385440826416,906.1649322509766,404.41890478134155,927.1418952941895,386.69968485832214,863.2854652404785,711.7303419113159,893.3492088317871,674.4971179962158,712.1397972106934,938.3990621566772,787.3992347717285,887.9644775390625,681.9806671142578,1004.7424077987671,758.2692718505859,956.941065788269,663.5857200622559,1006.7333364486694,750.6890487670898,955.2979445457458,670.8079147338867,984.9708795547485,760.6579399108887,935.850019454956,842.2649002075195,934.8727083206177,884.2501831054688,959.5349764823914,872.6935958862305,1265.4143714904785,874.3683815002441,1288.2413005828857,880.096549987793,1572.8199863433838,888.9963912963867,1600.9830522537231,911.3168907165527,1628.9473342895508,905.8279609680176,1660.4494285583496,792.2831153869629,1619.705171585083,814.6866416931152,1642.6744937896729
804.7001838684082,178.06794583797455,834.0756225585938,146.41158163547516,841.5210342407227,147.39541053771973,849.609317779541,148.6860090494156,830.6336402893066,144.8638129234314,834.8298454284668,144.59159553050995,839.9146842956543,144.41691935062408,898.0380249023438,175.25088608264923,888.14208984375,169.80719804763794,824.7988128662109,225.68450510501862,819.199333190918,223.19821000099182,906.6384315490723,405.00869035720825,925.6680679321289,387.8670573234558,856.0267066955566,713.4084177017212,885.0691795349121,676.2413692474365,691.8194389343262,938.0435299873352,778.2188987731934,891.6857528686523,661.6904640197754,1001.7594909667969,750.1325798034668,959.1666340827942,641.6155242919922,1002.4470591545105,733.90869140625,956.9395208358765,651.0524368286133,982.014741897583,757.3285102844238,940.2138018608093,832.1991348266602,939.389054775238,864.920768737793,958.7773704528809,838.8723564147949,1265.3234767913818,838.2856178283691,1279.483995437622,848.7178230285645,1578.719129562378,858.3939170837402,1598.3631992340088,882.0104026794434,1633.3731079101562,878.3503532409668,1656.8914031982422,760.8258247375488,1627.491602897644,783.7841606140137,1643.9131593704224
805.2182579040527,178.15521955490112,834.4176292419434,146.21612906455994,841.765022277832,147.06625521183014,849.7917366027832,148.24553668498993,831.4766120910645,144.8241913318634,835.957202911377,144.55155551433563,841.26708984375,144.38299477100372,898.5730361938477,175.19964516162872,888.4170913696289,169.81928408145905,825.4413414001465,225.71487307548523,819.6674537658691,223.31348598003387,907.2332954406738,404.94579792022705,925.3646278381348,389.17630791664124,851.1189651489258,712.6459836959839,873.9159393310547,676.084234714508,676.2108421325684,931.0490798950195,755.745677947998,891.415708065033,643.4271812438965,993.9241361618042,727.9355621337891,953.5520195960999,625.2709007263184,992.7376127243042,712.8339958190918,956.7791676521301,635.4388046264648,973.9417219161987,723.0721092224121,934.9829792976379,818.7496376037598,945.1225018501282,845.7156944274902,958.3922910690308,807.7225112915039,1272.1444416046143,807.7950096130371,1282.2112226486206,809.8736000061035,1594.2564582824707,822.1272468566895,1612.7013874053955,842.2418975830078,1650.9338092803955,841.0996055603027,1673.314504623413,717.0611572265625,1642.0269012451172,742.3187255859375,1658.2925462722778
805.7987594604492,178.24925243854523,836.894416809082,146.2712323665619,844.4514656066895,147.09963262081146,852.5486183166504,148.26496124267578,834.0503311157227,144.90724861621857,838.7593460083008,144.626002907753,844.2886161804199,144.4542396068573,899.1058731079102,175.24966299533844,889.5098876953125,169.8869401216507,825.6620979309082,225.73453903198242,819.7384071350098,223.3625704050064,907.7721405029297,404.8882806301117,926.7687606811523,388.71938824653625,842.962818145752,709.7210025787354,881.7268180847168,673.2594180107117,657.1065330505371,926.2171769142151,767.438793182373,885.0145840644836,624.0499877929688,988.4241056442261,745.001049041748,926.1578249931335,602.61474609375,984.211277961731,724.5660781860352,917.2173142433167,613.9355278015137,965.7510280609131,733.4715843200684,905.9450840950012,827.145881652832,945.849015712738,885.0206565856934,957.3437190055847,817.8695869445801,1232.7260112762451,845.7007026672363,1236.332573890686,843.874397277832,1510.8379125595093,871.3347244262695,1520.7043647766113,878.6008071899414,1567.2071743011475,890.4714775085449,1580.905237197876,758.5204124450684,1535.9605121612549,792.7047729492188,1545.8071374893188
809.0438461303711,174.98306214809418,843.2377052307129,143.96926939487457,850.8505439758301,145.01188695430756,858.343677520752,146.44412219524384,840.985221862793,142.44823157787323,846.4264869689941,142.25588500499725,852.4028205871582,142.26771354675293,903.8220405578613,174.63974475860596,896.6024780273438,169.15831804275513,829.7478103637695,223.38061094284058,824.6867179870605,220.79659759998322,908.2646942138672,404.85780000686646,938.7123870849609,388.64848136901855,828.4445571899414,707.3103618621826,899.3405914306641,685.3791832923889,637.734489440918,911.206226348877,770.2776718139648,872.3578190803528,596.2814140319824,968.9401960372925,748.8498115539551,900.308518409729,580.0441932678223,957.5038146972656,727.679615020752,887.9860424995422,595.5607795715332,942.5320029258728,735.6157493591309,880.5734896659851,842.3036956787109,946.9945335388184,914.9558258056641,961.7850065231323,840.9144401550293,1225.5820226669312,873.9946746826172,1239.5235443115234,861.1806678771973,1509.734559059143,891.6383743286133,1532.3433923721313,893.9507102966309,1567.3800802230835,907.5048065185547,1598.393325805664,776.6237640380859,1536.755518913269,821.5346717834473,1548.3117628097534
819.8159408569336,174.25199389457703,854.8726844787598,143.72981786727905,861.8944931030273,144.8015159368515,868.7092781066895,146.29038333892822,851.9930648803711,142.2541308403015,856.8469047546387,142.11638867855072,861.844654083252,142.1776396036148,914.4131469726562,174.9349594116211,904.7440338134766,169.18517768383026,842.9561233520508,223.1274962425232,837.7321815490723,220.18307447433472,915.109806060791,405.4526388645172,947.6283645629883,388.3496296405792,797.3418045043945,680.1681232452393,890.9095001220703,682.5638294219971,585.0606536865234,862.1102142333984,724.7031211853027,849.1433644294739,545.1898956298828,920.3009748458862,704.6906089782715,870.7405114173889,533.378849029541,910.2983093261719,685.0825881958008,864.2849922180176,543.3935165405273,891.9767832756042,691.4704513549805,859.3248581886292,869.9225234985352,946.5607237815857,920.7288551330566,960.7646298408508,848.8689994812012,1196.8047094345093,883.857307434082,1232.3880529403687,870.5912590026855,1499.2027473449707,892.8016090393066,1532.8655862808228,905.6024551391602,1552.9741716384888,908.4120941162109,1600.492787361145,790.2734184265137,1539.1415691375732,820.056209564209,1552.745132446289
842.8653144836426,172.66936719417572,876.7723274230957,143.47988963127136,883.6625289916992,144.63569104671478,890.5459213256836,146.2142300605774,873.3884811401367,141.9122940301895,877.3834991455078,141.762176156044,881.934700012207,141.8253743648529,936.3178253173828,175.18422782421112,926.9538116455078,169.23204123973846,861.1483955383301,219.79010939598083,856.1803436279297,216.09017372131348,924.4368553161621,405.4207742214203,950.6354141235352,390.2660143375397,754.8280906677246,637.252950668335,810.2130317687988,643.4185338020325,518.4682273864746,774.145131111145,584.6474075317383,738.4459805488586,477.2171401977539,829.3789172172546,553.8818550109863,786.6032409667969,469.19703483581543,813.3000183105469,533.2408905029297,771.5935134887695,480.67697525024414,796.5102481842041,546.2290191650391,761.9118118286133,884.7685432434082,945.5169153213501,913.1557846069336,960.5706095695496,874.7771072387695,1216.3909721374512,881.2252807617188,1247.7040672302246,897.1028709411621,1553.7324857711792,890.650634765625,1593.853096961975,934.1631889343262,1602.868537902832,909.3249320983887,1656.006531715393,811.4687347412109,1619.2219877243042,812.9690551757812,1646.3814783096313
866.7629241943359,172.80294120311737,901.5388870239258,143.5002475976944,908.990592956543,144.67217445373535,917.0060920715332,146.27638220787048,896.3661003112793,141.9532835483551,899.6403121948242,141.8025380373001,903.5703277587891,141.85339272022247,963.4047317504883,175.92343926429749,949.4764137268066,169.63752686977386,882.531795501709,219.79810774326324,875.4102516174316,216.0494738817215,942.7120399475098,399.8109555244446,949.4183921813965,390.3446137905121,734.7735214233398,575.9267091751099,735.0741004943848,582.4635314941406,478.49687576293945,662.256395816803,501.1755180358887,645.4227232933044,427.6509475708008,710.9799456596375,442.64845848083496,685.2756714820862,419.01214599609375,696.7553114891052,441.2961959838867,677.2737193107605,433.6390686035156,684.7493577003479,458.9553737640381,671.0427975654602,888.6115837097168,944.0320229530334,912.6333618164062,941.5597772598267,870.5599021911621,1219.3183994293213,865.6533622741699,1256.5580606460571,888.9956474304199,1569.9570608139038,838.7964248657227,1610.365161895752,922.9711532592773,1627.4366283416748,858.651180267334,1674.438328742981,782.9192161560059,1620.4315567016602,719.7685432434082,1649.5990991592407
885.3941917419434,168.1918054819107,923.1653022766113,139.64285552501678,930.549373626709,141.49024844169617,938.1550025939941,143.7179571390152,918.8954544067383,137.29708671569824,922.9084396362305,137.27888524532318,927.6241493225098,137.49027013778687,982.2808456420898,175.9335619211197,971.7174911499023,169.33378279209137,895.0968360900879,213.44785451889038,890.101375579834,208.46321046352386,943.5269737243652,393.419326543808,947.1819305419922,390.066522359848,705.9362983703613,490.5639052391052,695.6035995483398,503.06482315063477,427.52148628234863,534.9440467357635,441.4328098297119,529.6109676361084,364.7117614746094,546.2235188484192,395.5214595794678,532.2674489021301,361.4883041381836,530.4493939876556,388.88545989990234,528.3064484596252,380.6319522857666,534.5375955104828,405.7558822631836,533.6370813846588,884.6994781494141,943.7887573242188,899.7211074829102,935.6100368499756,819.671630859375,1092.9532670974731,815.7782936096191,1211.1101961135864,830.8200645446777,1455.227222442627,785.5757331848145,1523.8153839111328,869.1085052490234,1497.470726966858,807.0282554626465,1576.0197114944458,739.39453125,1548.9041233062744,682.811336517334,1569.7147607803345
905.7508277893066,160.22023737430573,947.0134735107422,137.9393845796585,954.1347312927246,140.87567925453186,962.0803070068359,143.71565580368042,943.5041999816895,134.29303139448166,947.2330856323242,134.77590948343277,951.7888641357422,135.54572224617004,1002.2481536865234,178.97056818008423,991.2705230712891,169.48224306106567,910.9198951721191,205.17247796058655,905.6742095947266,200.47686874866486,945.6943130493164,390.3917992115021,946.992359161377,388.1853497028351,681.580982208252,405.8299934864044,679.6724510192871,418.8001585006714,424.9649906158447,391.5565001964569,439.72463607788086,401.18197202682495,360.1889419555664,398.1539297103882,387.89774894714355,400.04038095474243,356.0932731628418,388.3181834220886,382.2140693664551,397.14736104011536,373.56800079345703,392.47639060020447,397.57412910461426,403.2472836971283,892.3307418823242,942.6568222045898,899.2401695251465,928.7132406234741,791.0370826721191,990.2404546737671,783.3234214782715,1142.4449157714844,787.5723266601562,1351.987452507019,736.2729835510254,1418.3432865142822,822.5568008422852,1400.5953884124756,754.9022483825684,1468.631615638733,698.6255836486816,1428.5545206069946,629.838924407959,1443.6525678634644
930.0793647766113,157.185178399086,972.6093292236328,136.5486216545105,978.8176345825195,140.00139713287354,985.7243728637695,143.38527739048004,969.7079086303711,132.68711775541306,973.176155090332,133.3626240491867,977.2384643554688,134.3680903315544,1020.3034973144531,179.59509909152985,1012.4987411499023,169.49123919010162,932.9685401916504,203.3289796113968,928.0790519714355,199.30394411087036,948.4455299377441,388.11190009117126,960.0944137573242,381.58061385154724,664.6840667724609,334.12553429603577,677.0318412780762,345.8789527416229,427.8493595123291,278.9116394519806,453.0882453918457,284.3678641319275,364.07361030578613,266.7034900188446,401.7532539367676,270.0832986831665,359.1851234436035,254.86208975315094,396.8206214904785,265.89108645915985,375.37960052490234,263.13601791858673,408.8905334472656,275.42333006858826,889.3236351013184,934.7538757324219,899.695873260498,914.9420499801636,788.3096694946289,869.5145273208618,790.2785110473633,947.1882319450378,774.8613739013672,1116.0662698745728,758.1825828552246,1154.7832918167114,799.5049667358398,1155.759572982788,775.7403373718262,1199.2745733261108,699.9694061279297,1126.4357328414917,664.1049385070801,1146.3972902297974
949.2071914672852,156.76508009433746,991.2350463867188,136.65448307991028,997.4980545043945,140.06972908973694,1004.2595672607422,143.58364284038544,986.1901473999023,132.3319235444069,988.6383819580078,132.7152407169342,991.7111206054688,133.4558442234993,1036.721420288086,180.68575501441956,1025.0302505493164,169.3354082107544,952.5026893615723,202.56841242313385,944.9408912658691,197.60425508022308,950.4229545593262,382.119802236557,971.1998748779297,372.63344049453735,683.4281158447266,273.4823226928711,708.5991668701172,285.68902373313904,454.544734954834,171.25060200691223,504.45465087890625,184.15917813777924,389.62998390197754,154.6695452928543,460.65587997436523,174.10586714744568,388.36575508117676,139.2143565416336,455.91344833374023,161.59030437469482,406.1546516418457,147.54305005073547,462.8746032714844,166.31665170192719,886.8506813049316,927.1713781356812,901.0396385192871,912.2783589363098,782.4651145935059,888.2947754859924,790.323600769043,1002.2719645500183,777.0937728881836,1127.681736946106,763.2013893127441,1295.0675439834595,808.3706474304199,1164.6409893035889,785.8681297302246,1331.9095087051392,691.7429351806641,1276.2032890319824,657.0802688598633,1278.232970237732
965.093879699707,157.95873284339905,1003.6238479614258,139.83608722686768,1009.4035720825195,143.55546355247498,1015.7755279541016,147.8198218345642,999.6160125732422,134.79489147663116,1002.2631454467773,134.9685698747635,1005.516471862793,135.66769301891327,1049.780616760254,186.59677505493164,1041.0040283203125,173.3951085805893,965.8402633666992,202.86431908607483,960.7975387573242,198.19721102714539,951.2641525268555,364.78437423706055,998.2477569580078,351.12525701522827,697.225170135498,216.00695550441742,726.1849021911621,220.84415316581726,475.2454662322998,77.32626736164093,512.8005981445312,95.88637590408325,415.3729820251465,53.673062324523926,462.57777214050293,80.71865290403366,412.8464126586914,38.44861462712288,473.5231018066406,63.57382535934448,428.6305618286133,47.7200710773468,479.71713066101074,74.928018450737,886.4482498168945,880.8392858505249,925.9566879272461,885.4482650756836,786.9528007507324,977.3512387275696,800.1413154602051,1078.5664129257202,781.2934112548828,1243.3173036575317,773.1086540222168,1355.7765769958496,809.7940063476562,1285.6218338012695,794.1752243041992,1404.5252323150635,701.5227127075195,1278.7030220031738,671.9693756103516,1368.2635259628296
970.4825592041016,164.83610451221466,1010.4722213745117,150.22096753120422,1015.6389999389648,154.14414882659912,1021.2850570678711,158.44964146614075,1008.1872940063477,144.876349568367,1011.3973617553711,145.30032634735107,1014.9721527099609,146.05822205543518,1052.7885818481445,195.39815962314606,1048.3280181884766,182.17891931533813,967.7937698364258,206.92138016223907,964.8235702514648,202.54237353801727,951.4105796813965,347.54798412323,1018.1692886352539,341.4240825176239,705.7475852966309,164.27943885326385,816.6200065612793,253.49849224090576,506.23729705810547,-21.25935159623623,609.327278137207,84.75704580545425,441.3712978363037,-104.76723700761795,640.2035522460938,125.07238537073135,476.21503829956055,-107.0310589671135,628.9264297485352,113.05313855409622,491.85041427612305,-74.4161805510521,619.2377471923828,125.80083847045898,881.4048385620117,836.7197585105896,946.3749504089355,850.8869075775146,794.1496467590332,1004.1271948814392,838.5516929626465,1070.4421520233154,786.4597320556641,1257.0318460464478,782.5881958007812,1335.916600227356,810.0826835632324,1304.1476154327393,802.3739433288574,1385.1044082641602,705.3306198120117,1254.7144174575806,692.8956985473633,1345.381236076355
976.7293167114258,165.33092379570007,1015.6351089477539,150.92321276664734,1019.5218658447266,154.91712391376495,1023.6479187011719,159.32216942310333,1015.6503295898438,146.4248424768448,1019.2738723754883,147.5942748785019,1023.0073928833008,149.18498039245605,1051.2627410888672,196.7225217819214,1051.856918334961,185.22463202476501,971.1328125,207.27998614311218,971.8452072143555,202.87159323692322,950.6658554077148,336.8112087249756,1022.3277282714844,338.8899099826813,734.2445182800293,132.77812510728836,845.3871917724609,214.43049252033234,604.0746688842773,-48.1725087761879,692.4621963500977,71.03546261787415,582.4958610534668,-126.64899319410324,706.5719032287598,82.15403437614441,617.7966499328613,-126.39712572097778,695.9200859069824,70.46432107686996,627.8733444213867,-95.28581589460373,686.8854904174805,82.88706600666046,880.4510307312012,822.5988936424255,953.2504463195801,841.0792279243469,822.0803833007812,978.3002257347107,859.3147087097168,1042.6954507827759,790.5266189575195,1229.9562978744507,802.0427513122559,1294.3204307556152,811.3459968566895,1279.851050376892,819.0771102905273,1344.2310190200806,711.2410926818848,1225.4628038406372,725.3792381286621,1298.5712385177612
975.128288269043,166.01866900920868,1017.9489898681641,153.93001198768616,1022.5531768798828,158.40398490428925,1027.2369003295898,163.17154705524445,1015.2513885498047,148.80612909793854,1017.8497695922852,149.96437668800354,1020.6827545166016,151.40892326831818,1051.618309020996,198.96424770355225,1047.8601837158203,185.93550324440002,970.4762649536133,207.48615682125092,967.9132461547852,202.98204123973846,954.3313980102539,332.04326033592224,1021.1921310424805,329.1282570362091,771.6384887695312,102.81755536794662,910.2700996398926,244.23748433589935,759.715690612793,-34.77031230926514,813.4522247314453,157.2964632511139,752.8734397888184,-85.06250381469727,807.2037506103516,146.4071398973465,777.0733451843262,-75.48704981803894,802.7788352966309,142.73589849472046,780.230884552002,-48.962281197309494,799.9487686157227,151.16889238357544,880.1893043518066,824.9386596679688,954.4233512878418,833.7802290916443,827.8434562683105,954.5154905319214,871.113395690918,990.4617047309875,813.5053825378418,1186.213674545288,853.5237693786621,1218.6943674087524,836.0548782348633,1229.7590589523315,871.9237518310547,1260.2467632293701,756.0409355163574,1206.7934703826904,788.7590789794922,1252.4096059799194
979.0702056884766,159.1972053050995,1020.4388809204102,152.23201274871826,1025.013771057129,157.28078842163086,1029.7169494628906,162.68334209918976,1018.5396194458008,147.19232976436615,1021.589469909668,148.89378905296326,1025.0714492797852,150.87834477424622,1053.5433197021484,198.26708793640137,1052.1026229858398,185.47505915164948,973.6553192138672,198.48408937454224,971.4326477050781,193.12236428260803,957.9334259033203,330.9503996372223,1018.9548110961914,315.9396421909332,818.8090896606445,94.98947471380234,901.6104698181152,218.05171608924866,800.4657554626465,-63.21543663740158,816.0916900634766,113.02599728107452,791.4923858642578,-118.43588948249817,818.6472129821777,88.71568858623505,816.11572265625,-113.20048034191132,812.6602363586426,82.41130113601685,818.8871383666992,-86.22400224208832,806.696662902832,93.45740497112274,881.5513801574707,805.8974432945251,956.0573387145996,804.5318984985352,832.7582359313965,792.3167324066162,873.2096099853516,853.5414576530457,829.1202163696289,991.7212271690369,869.3549537658691,1035.083405971527,853.5177612304688,1032.7522015571594,894.6580123901367,1070.5849313735962,775.0300025939941,986.2645840644836,800.720329284668,1049.9548602104187
970.6614303588867,159.48918521404266,1009.8112106323242,151.8360060453415,1014.8755645751953,156.92749321460724,1020.1966094970703,162.42932617664337,1007.5567245483398,146.92849695682526,1010.8398056030273,148.71631264686584,1014.726448059082,150.81495344638824,1047.4135208129883,197.89824664592743,1045.0239944458008,185.07127940654755,967.0528793334961,198.94831538200378,964.8178482055664,193.6659461259842,961.4594650268555,335.1113426685333,1017.4485397338867,307.16402292251587,862.1523857116699,97.547248005867,909.8931884765625,211.43571496009827,841.5817451477051,-73.11483979225159,842.9235649108887,94.35624539852142,834.1200828552246,-130.40507823228836,846.5927696228027,65.63601493835449,853.7442970275879,-127.30069756507874,845.4590606689453,61.43465369939804,855.5354690551758,-99.92945998907089,841.1925315856934,74.83271420001984,884.3910598754883,803.6075663566589,953.6380577087402,787.2055792808533,834.6207046508789,851.6168975830078,873.6426544189453,904.1357517242432,844.3435478210449,1105.0642776489258,878.9487075805664,1142.3925161361694,872.4210548400879,1146.3146352767944,907.0465850830078,1181.9026136398315,790.9539985656738,1131.501760482788,811.1800575256348,1177.9264211654663
965.0510787963867,159.75848972797394,1010.2603912353516,152.66670763492584,1016.7758560180664,158.10569643974304,1023.094367980957,163.93052101135254,1005.8968734741211,147.2289741039276,1009.4573593139648,148.89741003513336,1013.3911514282227,150.85637748241425,1047.480812072754,202.70176112651825,1042.4725341796875,187.14256167411804,964.3796539306641,199.70387756824493,960.2284240722656,194.23526108264923,960.9830474853516,336.5517854690552,1003.4959030151367,312.86943554878235,892.8325653076172,99.3262928724289,887.5147819519043,216.28314793109894,820.8855628967285,-97.02024221420288,842.9433059692383,69.21585470438004,813.3854484558105,-169.80071246623993,862.7566909790039,26.925798431038857,837.9451560974121,-171.33224308490753,861.9351196289062,18.56074221432209,838.6983489990234,-140.45888006687164,850.4414176940918,34.27324801683426,876.8732070922852,805.128378868103,940.5567169189453,779.0744304656982,821.7543411254883,715.3344583511353,854.7023963928223,745.663161277771,828.735294342041,964.1003108024597,868.6837005615234,962.082667350769,858.8144302368164,999.2157912254333,893.1778907775879,993.9227843284607,783.0695343017578,994.7033715248108,798.2458305358887,1001.2920141220093
961.636848449707,158.66429328918457,1007.3516464233398,152.68276870250702,1014.2173004150391,158.44421803951263,1021.1171722412109,164.93482053279877,1002.4817276000977,147.12003886699677,1006.0742568969727,148.71187090873718,1009.9542617797852,150.60438930988312,1046.1432266235352,205.35043716430664,1039.6886444091797,188.23922038078308,962.0266342163086,199.583580493927,957.7688598632812,193.18586826324463,970.5371475219727,357.2324538230896,951.1823272705078,327.5391125679016,955.3506660461426,236.99646949768066,887.7132797241211,510.7529890537262,897.616081237793,29.317127242684364,817.6143836975098,633.6720728874207,885.1659393310547,-23.54179546236992,816.0294342041016,674.3415284156799,898.3719062805176,-46.7692132294178,807.1430397033691,669.2794919013977,901.2587928771973,-17.707465812563896,809.4495391845703,656.0672521591187,876.731128692627,834.0251040458679,861.071891784668,792.6909971237183,832.0438957214355,1003.8265085220337,824.5247268676758,1026.0971903800964,828.9691543579102,1277.334451675415,842.0681190490723,1304.0961170196533,858.4684181213379,1321.5952777862549,864.8126220703125,1353.9876508712769,782.1169281005859,1339.2459726333618,768.8517379760742,1362.3618078231812
960.3579711914062,163.7969309091568,1004.8342895507812,155.3243637084961,1011.8864822387695,161.1933320760727,1019.3564987182617,167.2449266910553,1000.9704208374023,149.99793112277985,1004.8421859741211,151.36875450611115,1009.3384552001953,152.56282567977905,1047.674560546875,207.42579102516174,1038.786735534668,189.33827698230743,960.4785919189453,207.9064965248108,956.7693328857422,200.95025181770325,983.6275863647461,382.5779449939728,935.7380104064941,350.37920594215393,1021.8524551391602,235.08816361427307,901.8582916259766,521.0785496234894,966.053581237793,31.16569295525551,812.9177856445312,643.7530159950256,957.3967552185059,-21.747232675552368,800.8906745910645,686.7820000648499,936.2237548828125,-11.631901301443577,794.2311859130859,688.3942222595215,938.2074737548828,7.272979561239481,801.1666488647461,674.876983165741,876.668586730957,864.4117426872253,834.6486854553223,824.9955654144287,850.2324485778809,1140.6550884246826,807.9367446899414,1124.4880628585815,828.7740325927734,1430.1629447937012,811.0384368896484,1412.9475402832031,846.3813972473145,1477.5700664520264,828.6946678161621,1462.8464126586914,779.6246337890625,1488.503179550171,748.330249786377,1469.4353771209717
961.2649154663086,166.65612280368805,1003.9720916748047,155.83303928375244,1011.4533233642578,161.5076494216919,1019.2056655883789,167.26150274276733,999.1596221923828,149.9038016796112,1003.1421661376953,151.16264820098877,1008.2133865356445,152.37825214862823,1052.5365829467773,207.5286591053009,1037.3669815063477,189.18725788593292,963.1105041503906,209.57596242427826,956.4530754089355,203.4347766637802,999.0957641601562,380.6485891342163,944.3552398681641,357.9406535625458,1048.2014465332031,222.858384847641,936.9399261474609,496.33365869522095,987.4889373779297,44.5989815890789,869.3766403198242,537.0620799064636,961.7287445068359,2.9063139483332634,858.6964988708496,525.9244859218597,959.6460914611816,8.372823726385832,857.7413177490234,594.7390151023865,968.5194396972656,28.181450441479683,862.3634719848633,584.0448546409607,876.6767692565918,863.4013438224792,845.892505645752,836.0220837593079,860.0292778015137,1129.0382051467896,810.8365631103516,1125.7920026779175,819.7859001159668,1412.7253246307373,803.4310913085938,1404.8195457458496,829.2449569702148,1463.1286239624023,815.7505416870117,1452.2041368484497,771.0932350158691,1460.7175970077515,747.9925918579102,1459.816632270813
959.871768951416,175.52252411842346,1001.6154098510742,160.68333685398102,1009.4754409790039,165.84088683128357,1017.7151870727539,170.9529411792755,994.4665145874023,154.23288702964783,996.9145202636719,154.90756452083588,1000.2870941162109,155.6078141927719,1051.072769165039,210.1008278131485,1033.7232971191406,191.15134298801422,962.8701782226562,217.1359133720398,955.3318405151367,212.72943556308746,1009.5799255371094,392.8571891784668,942.3830223083496,380.30535221099854,1085.7427597045898,239.88710761070251,946.6858863830566,451.1495625972748,1023.3052825927734,55.28915494680405,865.4594993591309,448.57731342315674,1012.210693359375,3.372959475964308,851.7322540283203,452.0376205444336,1009.1596984863281,5.1156084425747395,848.7728118896484,463.4497654438019,1005.9431076049805,27.779734656214714,853.0745887756348,461.4472496509552,872.0151901245117,880.9391927719116,835.0093460083008,864.0992116928101,856.5005493164062,1179.279284477234,799.4442558288574,1169.4388389587402,800.6336402893066,1462.0496034622192,778.2579231262207,1451.0706567764282,810.3873252868652,1514.1439819335938,790.9352874755859,1501.4263200759888,748.9314651489258,1508.828444480896,714.2528915405273,1502.9966354370117
963.1966781616211,187.6704204082489,1002.1965408325195,168.4851050376892,1009.6548843383789,173.14373195171356,1017.4784088134766,177.7432644367218,995.1967620849609,162.18866765499115,997.4058151245117,162.587571144104,1000.4458236694336,162.9147469997406,1051.9199752807617,215.4128086566925,1033.7923049926758,197.21650421619415,966.9850158691406,228.45091938972473,958.9308929443359,224.96508836746216,1013.3609390258789,405.7194972038269,945.4331588745117,396.69407844543457,1104.580192565918,262.53063797950745,966.5940856933594,263.5140645503998,1053.4779739379883,72.11702585220337,998.2779693603516,118.55630725622177,1043.8740921020508,11.854555495083332,942.3432540893555,84.61973816156387,1043.1952285766602,12.583996318280697,945.4439163208008,99.91066306829453,1037.7857208251953,34.88615155220032,984.1213989257812,120.78511834144592,868.1288909912109,900.1805448532104,834.8118209838867,889.5926642417908,854.5649528503418,1190.0092363357544,801.5690231323242,1189.3671798706055,791.8527603149414,1467.3503351211548,775.2404022216797,1467.159662246704,800.8286476135254,1517.012186050415,786.0191917419434,1516.022129058838,741.0179901123047,1515.9260845184326,710.0918769836426,1521.1987495422363
964.2105102539062,195.06828010082245,1002.2364807128906,173.40185165405273,1009.5435333251953,177.65615165233612,1017.2879791259766,181.84735000133514,995.3292846679688,166.9153368473053,997.4447250366211,166.74799919128418,1000.360221862793,166.4152228832245,1052.5213623046875,217.15847611427307,1034.1447830200195,200.0781261920929,967.6898574829102,235.98146796226501,959.1690444946289,231.947323679924,1018.1191635131836,416.0480511188507,948.094367980957,403.8889217376709,1103.2427215576172,256.8037086725235,985.8587265014648,231.16440296173096,1071.4337539672852,71.29861950874329,1038.7638473510742,83.41116696596146,1052.878646850586,16.445754691958427,1002.8207015991211,43.55421155691147,1051.7779541015625,17.743979394435883,1008.9595413208008,62.72919908165932,1047.238540649414,37.30891853570938,1013.4609603881836,71.06959640979767,866.6195869445801,914.3858027458191,832.2480583190918,909.7198534011841,853.1494331359863,1222.385516166687,802.7654457092285,1221.9463634490967,788.1075096130371,1522.7491092681885,767.372875213623,1521.3110160827637,800.1784515380859,1572.28581905365,777.553882598877,1567.8703451156616,726.2277030944824,1574.6600246429443,706.3633918762207,1584.7331142425537
966.9637298583984,208.09404730796814,1004.1725921630859,185.63578248023987,1011.0165023803711,189.51979279518127,1018.4468078613281,193.3540266752243,998.0434799194336,179.33688282966614,1000.2161407470703,179.02213096618652,1003.1011962890625,178.4651756286621,1055.4222106933594,227.4174588918686,1037.1770095825195,210.7728660106659,970.1662445068359,247.1985948085785,962.1081161499023,243.3112370967865,1028.9403533935547,427.7553462982178,950.1704978942871,412.33614206314087,1125.911979675293,272.3514175415039,979.6632385253906,269.23708319664,1087.7725982666016,96.62565976381302,999.8697280883789,143.74657094478607,1073.9290237426758,49.30123329162598,1001.8755340576172,115.73678523302078,1072.6106643676758,54.328729659318924,1034.981460571289,111.85263007879257,1072.0995712280273,85.28134793043137,1006.6537857055664,139.53377544879913,865.1900482177734,931.0676193237305,835.7791328430176,922.4600458145142,840.7122230529785,1229.1453266143799,799.5783233642578,1228.421130180359,771.4727210998535,1527.2464656829834,755.7850456237793,1528.5326385498047,785.7698822021484,1577.8502225875854,765.395393371582,1576.9616174697876,699.6140098571777,1577.5824308395386,690.9353256225586,1590.945496559143
973.1635665893555,218.48401308059692,1010.2611923217773,196.3251954317093,1016.6460800170898,200.1158970594406,1023.6047744750977,204.04049456119537,1004.3064880371094,189.63997721672058,1006.1307907104492,188.94093453884125,1008.5141372680664,187.98531711101532,1058.536262512207,238.0934500694275,1039.749412536621,220.07925689220428,974.6407699584961,257.887122631073,966.3558197021484,252.92415618896484,1029.232406616211,439.03024792671204,953.6516189575195,416.5146589279175,1133.7210845947266,343.6498761177063,983.0401611328125,281.0837459564209,1091.2521743774414,129.81004625558853,1008.8105392456055,182.05775320529938,1078.7300491333008,87.25470274686813,1014.9890899658203,156.41373217105865,1077.7592468261719,92.31551617383957,1043.393211364746,142.51416563987732,1077.6586532592773,120.43619245290756,1040.4254150390625,158.40839445590973,857.4259185791016,946.265766620636,831.0202789306641,932.2018074989319,794.8703384399414,1214.2078256607056,778.2821846008301,1219.541130065918,735.021915435791,1514.558801651001,721.5474128723145,1521.3898086547852,755.4157447814941,1564.8800897598267,729.9184799194336,1573.6655902862549,657.4099159240723,1578.8588190078735,645.4456901550293,1587.2903966903687
972.4491119384766,225.22604048252106,1010.7085418701172,201.32808923721313,1017.2068405151367,204.58768129348755,1024.1285705566406,207.79365062713623,1004.5475006103516,195.13677299022675,1006.5097045898438,194.3183183670044,1008.9667510986328,193.10210287570953,1060.5310821533203,240.118448138237,1041.4306640625,222.99794554710388,974.6056365966797,266.7757648229599,965.9184265136719,261.4935564994812,1051.5851211547852,449.83712553977966,955.6487846374512,420.29348373413086,1136.9831085205078,400.4309642314911,972.1669006347656,291.1316978931427,1111.772689819336,165.29275059700012,991.6238021850586,192.6284784078598,1099.9150085449219,124.84671771526337,997.3501968383789,178.85326445102692,1096.7855072021484,126.49210810661316,1004.6819686889648,185.92018246650696,1097.4394226074219,150.89307010173798,1003.5723495483398,197.48682260513306,858.2385635375977,970.399854183197,825.9355545043945,946.6914010047913,801.1384391784668,1243.4236478805542,772.0529365539551,1225.429973602295,747.8122329711914,1535.7520723342896,730.6780242919922,1533.6929082870483,767.3208045959473,1588.6920547485352,742.2023391723633,1587.576985359192,667.7983474731445,1592.2428703308105,654.6079444885254,1601.4658498764038
974.275016784668,237.48271107673645,1011.8761825561523,210.33841252326965,1018.9698028564453,213.39009582996368,1026.4643096923828,216.1937177181244,1004.468994140625,203.3519607782364,1006.204719543457,201.96716845035553,1008.5298156738281,200.29363095760345,1064.0135192871094,245.72385728359222,1041.083106994629,226.8560940027237,979.6681594848633,281.20177388191223,968.4702301025391,273.7649202346802,1067.461051940918,455.5927813053131,955.7353019714355,422.67544627189636,1121.8482971191406,487.4990737438202,966.3194274902344,405.25646209716797,1115.5858612060547,225.3269773721695,995.2344131469727,297.21343517303467,1114.493064880371,171.98978126049042,1006.058464050293,270.9539759159088,1110.8775329589844,171.92740380764008,1005.0992202758789,289.80358600616455,1106.6480255126953,195.83011865615845,1002.9589462280273,299.688481092453,865.9976005554199,972.1629667282104,814.3594551086426,955.5074143409729,805.8675384521484,1286.148018836975,760.3714370727539,1267.156434059143,739.291934967041,1592.5942182540894,698.060302734375,1591.791615486145,755.6187057495117,1645.569348335266,704.0020751953125,1646.1302947998047,654.2581558227539,1655.0243282318115,632.3733329772949,1665.8566331863403
974.9024963378906,239.56970036029816,1011.6593170166016,212.2135180234909,1018.9910888671875,214.82234716415405,1026.7578506469727,217.27566719055176,1004.0625,206.7305463552475,1006.0258483886719,205.630202293396,1008.0275344848633,204.1645896434784,1065.4419708251953,246.42248153686523,1040.9442901611328,228.84942054748535,982.1769332885742,282.2291028499603,969.6559524536133,276.06631994247437,1073.983268737793,461.06223464012146,956.3234710693359,435.56224822998047,1111.6727828979492,528.7358486652374,964.1449356079102,615.8040547370911,1107.084732055664,266.37230694293976,953.9182662963867,718.7077331542969,1102.2309494018555,202.16899394989014,958.2323455810547,759.2740631103516,1101.4105224609375,200.1567417383194,939.8749351501465,758.9778828620911,1097.720832824707,222.96377956867218,938.8003349304199,744.2212057113647,867.319450378418,972.8352785110474,804.2566680908203,954.5812797546387,806.6227912902832,1299.388518333435,747.6705551147461,1272.2082996368408,726.7775344848633,1603.3766984939575,685.3361892700195,1598.380708694458,739.1984939575195,1655.1967191696167,691.9394874572754,1655.8556413650513,644.717845916748,1668.67591381073,620.489501953125,1666.5486431121826
975.4207992553711,244.08886313438416,1011.438102722168,215.24854481220245,1018.9429092407227,217.50497996807098,1027.038230895996,219.71406877040863,1003.9263153076172,210.68721771240234,1005.4204559326172,209.72294211387634,1006.5138244628906,208.35797667503357,1067.233657836914,247.84108579158783,1040.4408645629883,230.96017956733704,984.6875381469727,286.8166780471802,970.5570602416992,280.54481506347656,1076.7283630371094,464.68003034591675,962.4054336547852,436.324360370636,1116.661720275879,562.4589729309082,961.1559677124023,628.152859210968,1111.798095703125,294.99282360076904,912.6334190368652,698.1679773330688,1109.2537307739258,224.49704825878143,903.6347007751465,724.8433828353882,1108.6134338378906,220.17557501792908,887.8341293334961,721.7480707168579,1103.3269500732422,246.48825466632843,890.2132987976074,712.110915184021,867.0137786865234,968.7970304489136,800.8280754089355,948.899073600769,801.2627220153809,1293.0997896194458,737.6924514770508,1266.792597770691,715.3561019897461,1598.1926107406616,674.5219230651855,1594.5579814910889,727.075023651123,1648.304557800293,681.4004516601562,1651.2246465682983,633.471508026123,1661.3773012161255,611.4456367492676,1658.3965730667114
977.0737838745117,245.79867482185364,1012.0396041870117,216.46255552768707,1019.2890930175781,218.23163866996765,1027.0428085327148,219.89828824996948,1004.501838684082,213.14749002456665,1005.9255981445312,212.6117616891861,1007.1282577514648,211.71634912490845,1066.6986465454102,246.92837297916412,1040.7515716552734,233.9873206615448,986.8376541137695,287.65397787094116,973.8946151733398,282.52566933631897,1069.4598770141602,466.4170718193054,977.1882247924805,436.8350315093994,1118.722801208496,571.3105845451355,967.7294540405273,641.1582040786743,1113.7322616577148,297.1855294704437,912.3292350769043,660.7246398925781,1108.399429321289,225.18157482147217,903.2600212097168,669.6725535392761,1101.7331314086914,222.37409055233002,888.9757919311523,667.4606323242188,1096.5202331542969,247.59184956550598,891.5877342224121,664.1575884819031,865.038013458252,962.8173565864563,804.8041534423828,944.2620277404785,789.0739059448242,1296.6766119003296,731.3858413696289,1266.0478019714355,694.5565795898438,1596.7863178253174,656.810131072998,1589.9638080596924,705.7258987426758,1645.1325130462646,661.3870239257812,1642.7433729171753,612.3971557617188,1656.4207077026367,605.573902130127,1660.9906768798828
980.9741592407227,252.72477686405182,1014.7671890258789,221.8776297569275,1022.1640777587891,223.22814345359802,1029.9521255493164,224.44738447666168,1005.7643508911133,218.80792200565338,1006.7151260375977,218.0796056985855,1007.6308822631836,216.98182046413422,1069.4411087036133,248.537939786911,1040.9702682495117,237.15614676475525,992.5321197509766,293.5124695301056,978.6348724365234,288.5125207901001,1071.987075805664,467.3462641239166,985.6401443481445,435.83576917648315,1120.6646347045898,568.8555264472961,965.7867050170898,623.6881399154663,1121.4884948730469,291.2427091598511,904.1631889343262,645.8894920349121,1118.5232162475586,220.57108283042908,892.4673271179199,656.447696685791,1109.3764114379883,219.79220151901245,881.2723159790039,653.6542296409607,1102.3661041259766,244.20769572257996,885.7327079772949,651.3540530204773,861.3971900939941,960.0698518753052,802.466869354248,941.2303805351257,780.9794425964355,1276.4696645736694,728.7512397766113,1251.8433809280396,684.3669319152832,1570.7057189941406,656.3846969604492,1567.7484226226807,696.2404632568359,1619.7055578231812,661.7501449584961,1620.3988552093506,598.0843162536621,1628.0649089813232,599.3324661254883,1634.1593599319458
982.5853729248047,254.31554675102234,1017.1322250366211,224.02926564216614,1025.4317092895508,225.64987242221832,1034.139747619629,227.13482916355133,1006.5040969848633,220.46979188919067,1007.0565032958984,219.61375951766968,1007.7183151245117,218.36423099040985,1076.6180419921875,251.7236316204071,1040.888557434082,238.78938674926758,994.9454498291016,295.85857629776,980.1944732666016,290.34180879592896,1085.7523727416992,471.2418293952942,984.7657012939453,434.90458130836487,1124.5576858520508,571.8808650970459,965.2910614013672,616.603889465332,1126.8359756469727,293.9362049102783,896.6261100769043,668.0486798286438,1124.5107650756836,225.48427283763885,884.5542526245117,690.6345963478088,1116.2829208374023,224.87681686878204,873.8568878173828,687.4387335777283,1109.8080825805664,250.13366639614105,877.8215789794922,682.2510409355164,861.309986114502,958.1766414642334,797.0438575744629,939.9702787399292,785.4671859741211,1265.1912546157837,729.4144821166992,1250.8342695236206,693.0438423156738,1567.528395652771,662.1215057373047,1562.8453874588013,703.1750679016113,1617.148404121399,668.5672187805176,1616.819200515747,611.1089515686035,1618.4984350204468,599.5113372802734,1631.290898323059
984.9924087524414,255.46709954738617,1020.0104141235352,226.25650763511658,1029.1472625732422,228.35143089294434,1038.8405227661133,230.41788518428802,1007.6604080200195,222.1055907011032,1007.6026153564453,221.22440457344055,1007.8210830688477,220.0256985425949,1082.339744567871,255.0044023990631,1040.7849884033203,239.95465099811554,996.9765472412109,297.6778542995453,980.9889221191406,292.1071422100067,1090.4278564453125,470.83582878112793,984.1500091552734,435.6604492664337,1128.6375045776367,551.8457937240601,964.6463012695312,624.6355175971985,1125.0172805786133,286.7871308326721,888.2002830505371,729.4376850128174,1123.6492538452148,221.17816865444183,873.8206100463867,767.0351958274841,1115.1833724975586,220.73595821857452,863.8024520874023,766.6491508483887,1108.6079406738281,246.19371592998505,869.8134613037109,755.756721496582,852.0752334594727,956.3886165618896,795.4222297668457,935.9096932411194,794.5205497741699,1259.3362712860107,729.6228218078613,1244.2790365219116,700.0728607177734,1547.936339378357,671.0807991027832,1536.692819595337,712.1125030517578,1589.1340398788452,678.7026786804199,1588.171534538269,617.9315185546875,1614.8527336120605,606.7444038391113,1608.0988454818726
986.1560440063477,254.15907204151154,1021.7663955688477,225.06184101104736,1030.1970291137695,227.14511275291443,1039.192886352539,229.28580522537231,1011.6831207275391,221.06918513774872,1012.6145553588867,220.15745401382446,1013.8791275024414,218.99149775505066,1081.4525985717773,254.15498435497284,1048.758544921875,239.0837001800537,996.9243621826172,295.6476581096649,982.6746368408203,289.9980568885803,1085.5657196044922,471.9469714164734,994.1508865356445,433.3052337169647,1127.8583908081055,509.9987304210663,989.8583221435547,377.79770135879517,1116.9145202636719,280.74865221977234,1040.1337051391602,271.06022357940674,1112.666015625,216.59271776676178,1022.9244232177734,256.3446968793869,1109.5445251464844,212.43665099143982,1017.1246719360352,268.43832671642303,1104.9328994750977,245.29318571090698,1014.2777252197266,281.76629304885864,841.373462677002,955.3296160697937,795.9285736083984,927.9680585861206,758.3724975585938,1097.7921867370605,723.457202911377,1087.4876117706299,679.3482398986816,1373.573784828186,664.588451385498,1382.3364973068237,695.9085845947266,1427.999496459961,674.1719627380371,1442.286958694458,597.1117401123047,1430.567979812622,579.235782623291,1438.157558441162
985.8625030517578,253.16775977611542,1021.5376281738281,223.38170528411865,1030.0059127807617,225.53282618522644,1039.0388488769531,227.76137173175812,1011.383171081543,219.31849658489227,1012.3651885986328,218.39083313941956,1013.7802505493164,217.23170042037964,1080.497932434082,254.52860534191132,1050.1611328125,239.2607581615448,996.4258575439453,295.45605182647705,982.3079681396484,289.5122015476227,1082.380256652832,470.20249485969543,998.8910293579102,432.28646636009216,1122.9772567749023,363.33929657936096,990.6560897827148,537.4191892147064,1096.4417266845703,198.6468404531479,957.0715713500977,637.1890926361084,1077.626609802246,147.36072957515717,930.4248046875,677.3358392715454,1091.022834777832,160.95692217350006,924.6490287780762,679.0141081809998,1091.4499282836914,190.11535584926605,932.6942253112793,667.1090269088745,840.9332084655762,945.4542803764343,796.8978881835938,925.8965992927551,767.1604156494141,1146.3654899597168,724.2705345153809,1131.5783643722534,681.7289543151855,1409.2230463027954,667.6459693908691,1414.996919631958,686.8189430236816,1459.7823858261108,678.9225196838379,1468.2792377471924,605.2117538452148,1457.2865152359009,610.9197235107422,1474.0303230285645
978.3308029174805,251.09942257404327,1016.4828872680664,221.5241253376007,1024.4731521606445,223.7787902355194,1032.751350402832,226.10383093357086,1008.3702850341797,217.99588859081268,1010.4590606689453,217.55055606365204,1012.8139114379883,216.8181198835373,1078.6577224731445,253.94255340099335,1049.7607040405273,238.69528949260712,988.8340759277344,290.5612242221832,977.2424697875977,285.9518587589264,1080.4203414916992,456.4023685455322,997.1083831787109,429.9569034576416,1113.2804489135742,270.1247549057007,972.5419235229492,526.0349822044373,1060.103988647461,155.00356078147888,893.5028457641602,594.2980599403381,1040.774917602539,116.4745643734932,872.2964859008789,621.7112445831299,1059.5056915283203,129.87553775310516,871.9908714294434,624.593095779419,1059.360694885254,153.74271869659424,881.1471176147461,617.3024654388428,842.3517036437988,930.0439596176147,798.9158821105957,912.2305297851562,771.8635940551758,1164.3120431900024,723.7847328186035,1148.6424922943115,676.8754005432129,1430.1114463806152,669.7057342529297,1433.8461112976074,675.4691505432129,1481.8767499923706,677.6994895935059,1487.610068321228,609.8880958557129,1476.615800857544,610.6138801574707,1489.3117046356201
974.6178817749023,247.78224885463715,1013.0937194824219,217.80513525009155,1021.1480712890625,220.28734266757965,1029.4921875,222.78583645820618,1004.8697662353516,213.27391862869263,1007.1907424926758,212.5911784172058,1009.867057800293,211.74068212509155,1078.5847091674805,253.04192662239075,1049.432258605957,235.85022747516632,986.5515518188477,286.80489778518677,975.3372573852539,280.80259680747986,1070.8614349365234,443.15385460853577,999.0553665161133,416.71019196510315,1060.3479766845703,239.46345269680023,957.831916809082,546.03600025177,987.6045227050781,51.31416141986847,834.5998764038086,643.5159945487976,981.7807388305664,-11.40730183571577,810.6118011474609,683.1247115135193,994.0863418579102,-9.642013683915138,810.3754806518555,681.0416650772095,994.1672515869141,20.14665998518467,823.2871627807617,668.7527918815613,853.9479446411133,922.8059220314026,799.486026763916,888.0006551742554,781.7444801330566,1170.846290588379,720.5245971679688,1155.4019165039062,680.5637168884277,1442.3577690124512,664.3969917297363,1445.0517797470093,678.467960357666,1490.9260511398315,675.4712104797363,1499.0526294708252,614.0884780883789,1493.0735349655151,586.4121437072754,1499.3483591079712
968.0004501342773,236.51635944843292,1009.0849685668945,209.14157330989838,1017.1501922607422,212.76559710502625,1025.470962524414,216.19160950183868,1001.1324691772461,202.41755425930023,1003.8563919067383,201.56523942947388,1006.9905853271484,200.48520505428314,1075.6288146972656,250.81375122070312,1048.9516067504883,227.70588219165802,980.8275604248047,278.9511001110077,968.9350891113281,270.4855978488922,1052.1068572998047,429.3297815322876,997.9511260986328,409.55947637557983,1025.6778717041016,232.05780386924744,933.3376693725586,579.8725175857544,956.440601348877,23.9701958745718,804.334602355957,720.9584069252014,934.991283416748,-63.67613419890404,786.5134620666504,770.7023334503174,955.2753639221191,-67.74948567152023,786.3570213317871,768.8673806190491,957.7804756164551,-34.71852421760559,799.7857475280762,755.2900171279907,864.4251251220703,918.8692545890808,810.765495300293,880.3936314582825,812.2234153747559,1033.5620141029358,725.2519798278809,1074.237778186798,725.4250717163086,1297.1788501739502,675.8141899108887,1355.788164138794,734.4487953186035,1343.2078742980957,696.8210792541504,1414.4073915481567,651.2869834899902,1369.4739961624146,573.9740753173828,1398.8156032562256
967.1586227416992,223.63206803798676,1009.2058181762695,197.18056797981262,1017.4280548095703,201.75304770469666,1025.9482955932617,206.39665961265564,1001.1640548706055,189.12201583385468,1003.8578796386719,188.19295227527618,1006.9792556762695,187.30537712574005,1074.3371200561523,244.83721554279327,1048.8048934936523,218.929603099823,980.11962890625,268.89379799366,967.3568344116211,256.89416885375977,1041.225700378418,427.7173984050751,997.8984832763672,403.3125579357147,968.5279083251953,216.51743352413177,912.0066261291504,591.6950082778931,902.9692840576172,-44.32903736829758,818.137321472168,728.1486797332764,908.3549308776855,-115.04375338554382,805.0888252258301,779.3123531341553,929.6618843078613,-117.954081594944,800.2956962585449,769.93088722229,933.4786605834961,-83.94934952259064,811.2527275085449,754.5541048049927,868.7454986572266,920.3757762908936,810.7803153991699,880.9915280342102,814.6738815307617,1092.196626663208,723.2833671569824,1092.4429178237915,722.7591133117676,1349.0374946594238,675.8615112304688,1392.0044231414795,731.1991310119629,1399.7047233581543,696.3597679138184,1461.657829284668,650.211067199707,1414.3220329284668,575.2190208435059,1414.77792263031
963.7494277954102,207.79894530773163,1008.5196304321289,183.45707774162292,1017.0005035400391,188.48633229732513,1025.6624221801758,193.78875374794006,999.8352813720703,175.21256804466248,1002.4411010742188,174.3989896774292,1005.5498886108398,173.97337138652802,1068.5950469970703,232.69463002681732,1047.5873565673828,209.704869389534,977.1727752685547,254.33744966983795,963.6349868774414,241.4999896287918,1035.161361694336,411.964613199234,997.4493026733398,384.974809885025,954.2259979248047,132.18067914247513,887.6163482666016,581.237998008728,874.7517013549805,-140.85364758968353,803.4306907653809,734.2193126678467,870.3042411804199,-199.79185938835144,798.6897468566895,787.7468919754028,893.4498023986816,-200.2453511953354,793.8364219665527,780.2106142044067,898.7116241455078,-161.7321664094925,802.3011016845703,763.6277389526367,879.3818092346191,905.6798672676086,825.3246116638184,872.990927696228,841.1125373840332,1108.8759326934814,746.0048675537109,1115.0722217559814,757.4640083312988,1376.193380355835,720.4031181335449,1410.9333086013794,767.7128791809082,1427.306456565857,741.7825126647949,1472.9179573059082,676.3203620910645,1430.6202507019043,608.8573837280273,1452.6181840896606
957.9465866088867,194.66546595096588,1004.0769195556641,171.37601673603058,1012.7302551269531,176.1228346824646,1021.501350402832,181.371311545372,996.4332962036133,164.69478964805603,999.7439575195312,164.51530158519745,1003.3942794799805,164.72939014434814,1058.4370422363281,220.62369167804718,1041.4584732055664,199.59474921226501,970.6579971313477,240.23267805576324,957.7782440185547,230.1462471485138,1025.1900100708008,397.6859378814697,996.4630508422852,358.22218894958496,922.7065658569336,94.88861829042435,859.6194076538086,284.91477727890015,853.7727928161621,-144.65097963809967,813.4553146362305,143.17749738693237,849.528694152832,-231.47648334503174,809.7352981567383,104.0682265162468,872.2527694702148,-226.94320678710938,799.497184753418,99.96403634548187,871.0168647766113,-189.0067881345749,816.6267585754395,116.72697097063065,882.7472877502441,893.2015442848206,832.2975540161133,854.4866466522217,836.1052322387695,1096.2856006622314,749.5035552978516,1105.6174993515015,758.8362693786621,1362.320351600647,729.0664672851562,1406.3516235351562,776.0322761535645,1408.201961517334,752.2057342529297,1464.3542861938477,678.3044815063477,1423.129162788391,617.5766372680664,1455.2480792999268
949.2336273193359,181.18192613124847,996.5079116821289,157.7578568458557,1005.2927398681641,162.160906791687,1013.9789199829102,166.97378754615784,989.9613189697266,152.1716147661209,994.2170333862305,152.44640707969666,998.6684417724609,152.98557937145233,1049.2299270629883,207.09602415561676,1036.2752151489258,188.71533930301666,960.5226516723633,228.07565689086914,949.716911315918,219.35378909111023,1014.184455871582,382.7901828289032,996.1864471435547,340.642272233963,912.4447059631348,98.37947845458984,872.8598785400391,160.0940501689911,846.0657119750977,-147.33766794204712,823.4793663024902,23.50680872797966,843.6604499816895,-235.74661910533905,822.9519081115723,-28.336203172802925,866.0243797302246,-235.75112521648407,824.4199562072754,-34.34838339686394,863.5880470275879,-199.26121652126312,820.3408241271973,-14.00264885276556,881.3077354431152,877.4831342697144,852.3877716064453,839.995379447937,831.522331237793,925.2999258041382,767.4232292175293,958.7927556037903,775.872802734375,1201.1976528167725,767.6375770568848,1225.1578044891357,802.4081039428711,1241.7038583755493,795.5845069885254,1273.8333320617676,691.2060356140137,1265.7304430007935,669.8745918273926,1270.5636978149414
942.5220108032227,160.80336034297943,989.6779632568359,139.49127316474915,998.1324005126953,143.63613903522491,1006.5979385375977,148.14057648181915,984.1739273071289,134.83660519123077,988.7563705444336,135.64636945724487,993.7488555908203,136.59767389297485,1041.4149856567383,189.41959619522095,1031.2475967407227,173.35162460803986,950.9123611450195,208.85661005973816,941.8865203857422,201.0384750366211,1009.5642471313477,368.85522723197937,993.6997604370117,334.2140471935272,911.418399810791,102.21736550331116,862.2859382629395,212.6336646080017,871.8378639221191,-95.46967327594757,827.461109161377,62.10542857646942,871.9710731506348,-168.66394937038422,825.6357765197754,23.829838559031487,891.4843368530273,-164.63725626468658,829.8090934753418,22.827009558677673,887.6818084716797,-132.35536336898804,823.6068534851074,39.332222789525986,880.2532196044922,880.6684398651123,853.4613418579102,849.8362112045288,830.5717849731445,932.9941749572754,767.4968719482422,997.8620266914368,779.1570854187012,1205.4425382614136,755.581226348877,1286.2765073776245,805.9801483154297,1249.777135848999,780.2364349365234,1341.1630010604858,695.6025123596191,1266.5846729278564,657.6242065429688,1332.455906867981
939.1129302978516,154.51329588890076,985.1728820800781,134.7048819065094,992.9415893554688,138.6194533109665,1000.8090591430664,142.80143022537231,980.9004592895508,130.18216252326965,985.6522750854492,131.06213361024857,990.8193969726562,132.02047884464264,1034.4340896606445,183.25130939483643,1025.2896881103516,167.96432733535767,945.5215072631836,202.77271628379822,937.7923393249512,195.2807915210724,1006.5870666503906,363.34428548812866,992.5625610351562,325.713654756546,910.1152610778809,111.83668166399002,867.3094940185547,208.58675837516785,931.8078231811523,-44.40015345811844,835.2029228210449,100.42492300271988,949.8928070068359,-76.1170282959938,842.2854995727539,77.36160814762115,964.6722793579102,-66.21851429343224,850.9108543395996,84.46414858102798,925.8779525756836,20.5838855355978,845.8244705200195,96.05780124664307,881.8495559692383,882.6528024673462,858.2144165039062,854.7059011459351,828.167781829834,991.4717173576355,766.208438873291,1035.0013303756714,775.8005332946777,1268.0965375900269,752.7632331848145,1326.2793159484863,800.4807472229004,1316.3169479370117,778.6187553405762,1381.559386253357,694.200496673584,1329.293131828308,652.9159355163574,1376.133770942688
914.2613410949707,156.6876232624054,956.6091728210449,133.76143097877502,964.0292358398438,137.07104086875916,971.9551849365234,140.42215526103973,954.8184013366699,129.37589854002,960.5556106567383,129.79632675647736,966.712646484375,130.24841040372849,1009.6659851074219,178.4485512971878,1002.5069046020508,164.11665558815002,923.371639251709,203.322172164917,916.3683700561523,197.36480355262756,1001.3848114013672,362.4372696876526,986.4933013916016,327.66148567199707,884.6613693237305,108.79927307367325,858.1254386901855,255.61177790164948,897.8047943115234,-35.00940978527069,828.4554862976074,152.0564192533493,907.2219085693359,-76.23367220163345,835.4434776306152,127.90433943271637,924.8861503601074,-66.36076256632805,843.944206237793,135.29463529586792,908.3839988708496,2.321511749178171,841.9428634643555,147.4658989906311,891.4721488952637,883.0358862876892,854.3399047851562,866.8254089355469,839.2291831970215,1145.403757095337,776.8055534362793,1157.5206899642944,789.5574760437012,1438.9378881454468,763.590087890625,1492.6863956451416,811.1511039733887,1492.6924467086792,787.6723480224609,1554.9675464630127,708.7560081481934,1505.845398902893,657.4313163757324,1554.72318649292
901.1246109008789,158.18719267845154,941.5129280090332,132.53476291894913,949.0032005310059,135.27920186519623,957.0325469970703,138.09489369392395,938.8557243347168,128.71615558862686,944.1158294677734,128.89622300863266,949.7999382019043,129.16328251361847,997.0472717285156,173.7194037437439,986.9158172607422,160.30451774597168,911.235179901123,204.28535342216492,903.365478515625,199.0560758113861,993.7199020385742,356.2693691253662,983.5298538208008,331.7392587661743,876.0457420349121,135.7276886701584,851.0037231445312,278.6866879463196,875.1845169067383,26.691587269306183,819.5641708374023,227.60362565517426,877.9483795166016,-3.6547360103577375,819.5936965942383,209.6703976392746,897.6757049560547,17.11736038327217,831.0085487365723,233.17237436771393,889.2164039611816,48.35750475525856,835.0138664245605,249.3817573785782,899.6088981628418,900.7351183891296,853.5891723632812,893.8199758529663,882.7746963500977,1199.9846076965332,804.3110847473145,1231.2462043762207,824.7593879699707,1507.5743293762207,788.4615898132324,1588.5384607315063,839.7643089294434,1561.3838624954224,808.524284362793,1654.0792036056519,746.0127639770508,1579.369297027588,690.8989334106445,1654.1985511779785
880.5719947814941,162.5018745660782,917.446403503418,135.1542055606842,925.580005645752,137.6412570476532,934.2734527587891,140.1639711856842,913.3297348022461,131.57061606645584,918.4102249145508,131.56652837991714,924.1432571411133,131.6259929537773,977.2059631347656,173.81657481193542,966.5790939331055,161.72209203243256,893.9850425720215,207.9619699716568,884.7329521179199,203.00423383712769,983.8034820556641,345.01348972320557,981.6492462158203,330.5193901062012,855.7915878295898,111.04958474636078,847.5089263916016,265.5862158536911,837.2769927978516,22.941233441233635,799.0743255615234,178.02545964717865,838.6043357849121,-20.060416236519814,796.8178367614746,151.6861617565155,859.1827583312988,-4.705349151045084,801.2265014648438,162.85310983657837,854.8103141784668,26.449458226561546,805.9941673278809,176.81806325912476,905.1879501342773,900.8865237236023,867.813663482666,894.8044967651367,881.5958404541016,1194.3165636062622,828.332633972168,1230.513253211975,840.6217575073242,1509.7259330749512,812.9307174682617,1576.9881391525269,862.4785423278809,1560.0235319137573,834.7224998474121,1640.650863647461,762.2933006286621,1593.8010835647583,708.090934753418,1638.1497144699097
867.5287628173828,165.22683262825012,902.5974655151367,137.28154063224792,910.7623672485352,139.48642909526825,919.2696189880371,141.70166552066803,897.5119972229004,133.8222312927246,902.0886039733887,133.60343545675278,907.265453338623,133.39420706033707,961.6839981079102,172.59813845157623,949.6489906311035,161.24756634235382,882.4247360229492,210.6322592496872,871.8234443664551,205.42710542678833,981.0271453857422,338.9170432090759,971.0473251342773,326.1512625217438,840.5692863464355,91.89650416374207,836.9038009643555,243.09265851974487,815.2678871154785,-10.43521698564291,787.3505401611328,142.62574017047882,812.6260185241699,-48.07350307703018,784.6187210083008,114.9118772149086,833.569278717041,-21.085383519530296,789.0209197998047,125.4688909649849,831.7447471618652,0.7864049077033997,793.1133270263672,137.75654911994934,913.348560333252,900.3713464736938,872.0423126220703,894.3730044364929,889.9226760864258,1186.1711883544922,831.9083976745605,1219.9062538146973,853.38134765625,1503.213186264038,814.9518585205078,1568.7261199951172,876.8277740478516,1547.9532051086426,838.2465362548828,1630.1817512512207,778.1655120849609,1598.6997413635254,710.7876777648926,1636.4193677902222
855.9396171569824,166.00407242774963,890.4596328735352,138.8940042257309,898.4425163269043,140.9361094236374,906.6190338134766,142.95499205589294,885.5033111572266,135.4792732000351,890.1154518127441,135.1647788286209,895.2606010437012,134.81973141431808,949.7777366638184,172.77200996875763,938.8456535339355,161.67584002017975,872.9001045227051,212.15902626514435,862.3172950744629,206.26387417316437,975.2026748657227,338.8139820098877,964.4067764282227,323.9655411243439,837.4210739135742,91.00087434053421,834.9234580993652,268.54245007038116,803.8047981262207,-49.26961809396744,784.9900245666504,196.9501930475235,800.134220123291,-101.17351680994034,784.1116905212402,177.91945338249207,816.5095138549805,-82.33711928129196,788.122615814209,183.97468507289886,816.3397407531738,-54.01473417878151,792.2616577148438,194.14303064346313,919.1626739501953,880.2005767822266,885.1159286499023,885.4041051864624,880.4549217224121,1083.0953121185303,833.1063079833984,1201.2868738174438,852.6830863952637,1419.359221458435,811.5613174438477,1538.318109512329,880.0986671447754,1463.931999206543,837.3655128479004,1599.437198638916,779.0625,1542.2062397003174,700.6227493286133,1600.6118774414062
851.4613723754883,167.12499976158142,885.5769538879395,139.97027277946472,893.81103515625,141.90270245075226,902.2283935546875,143.77423524856567,879.8825454711914,136.59326434135437,884.2549896240234,136.22846245765686,889.2013549804688,135.80117046833038,946.1728477478027,173.45415472984314,934.9906539916992,162.451052069664,870.6063652038574,212.92717337608337,859.778881072998,207.364604473114,972.9905319213867,341.3117516040802,960.2339172363281,320.6147003173828,838.1096076965332,92.91251957416534,836.5109252929688,212.12732255458832,793.1591033935547,-86.87598019838333,764.930248260498,137.46847987174988,780.5902862548828,-146.42207443714142,756.4129829406738,104.9546429514885,798.5085868835449,-135.83157062530518,760.3400802612305,110.64246565103531,802.6729774475098,-106.55930936336517,766.0645866394043,123.36695104837418,927.5747680664062,882.5717568397522,888.1186294555664,884.2461633682251,899.7021675109863,1147.8961515426636,848.7613105773926,1209.3725109100342,876.196403503418,1474.2423677444458,822.3548698425293,1550.6496620178223,901.8293380737305,1513.7957239151,846.2397193908691,1609.268503189087,804.5680618286133,1581.2101078033447,717.6884078979492,1616.0447931289673
852.7357292175293,168.48310947418213,886.940803527832,139.3673712015152,895.3151893615723,141.0534131526947,903.8398933410645,142.715106010437,880.4030227661133,136.39769911766052,884.4129180908203,136.01633727550507,888.9897537231445,135.5464142560959,945.8811378479004,171.54633164405823,933.3225059509277,161.17390751838684,872.4151039123535,213.6531239748001,861.1915969848633,208.27532172203064,972.6484680175781,338.11540603637695,951.5633010864258,317.7448868751526,842.6887321472168,92.87384748458862,834.6040534973145,243.86907756328583,813.4321975708008,-83.5912424325943,772.4933052062988,156.06611788272858,805.0300025939941,-141.27075254917145,766.2442588806152,129.95524764060974,822.1822929382324,-129.3754881620407,771.6434669494629,135.24497151374817,823.6689949035645,-99.26686853170395,777.0375823974609,142.697451710701,929.4311141967773,883.5311722755432,883.8336181640625,877.4745726585388,913.2387542724609,1151.0936880111694,845.3786659240723,1202.6456594467163,876.500129699707,1475.1999807357788,813.0419540405273,1542.5704622268677,899.2882347106934,1518.6730098724365,836.0049819946289,1602.8013324737549,799.1342926025391,1569.8733758926392,709.09423828125,1604.4647312164307
854.0481948852539,169.41172242164612,888.5020065307617,140.03958642482758,896.9024848937988,141.76751911640167,905.3891944885254,143.48220705986023,881.997013092041,137.00483322143555,885.9366989135742,136.60145580768585,890.5271530151367,136.1009395122528,946.3323211669922,171.81032538414001,933.940315246582,161.35226905345917,874.1656494140625,214.3488997220993,862.8420066833496,209.03819024562836,967.6583862304688,334.53011870384216,950.1992797851562,306.0143530368805,835.7239151000977,75.27335554361343,838.9653396606445,141.56406819820404,802.7365493774414,-168.38112652301788,774.1878318786621,26.83618113398552,787.7803802490234,-241.07747733592987,769.5688819885254,-14.998534619808197,803.1911659240723,-241.68321132659912,775.781135559082,-19.178530052304268,807.6791381835938,-210.2160394191742,780.7594871520996,-3.855110853910446,929.8877906799316,864.7585844993591,887.3319625854492,842.7712082862854,914.534969329834,1146.2793588638306,862.1649169921875,1200.2696514129639,883.9152145385742,1474.309959411621,832.6545524597168,1533.9241361618042,905.5313873291016,1504.6050596237183,855.9748077392578,1594.403100013733,819.6108627319336,1557.6373529434204,730.59814453125,1595.5094146728516
858.7670516967773,169.843407869339,894.0979385375977,140.55529475212097,902.1710014343262,142.30604767799377,910.0261688232422,144.00881052017212,887.7596855163574,137.4477356672287,891.6520500183105,137.05533385276794,895.8954048156738,136.53307557106018,948.3468818664551,170.69168329238892,936.2188911437988,160.4940640926361,878.7087821960449,214.88400042057037,867.6498413085938,209.54635083675385,962.508544921875,331.73011779785156,952.2090911865234,306.34915709495544,842.7925300598145,60.89865177869797,899.0081405639648,467.8814935684204,804.5223999023438,-190.40596783161163,782.2052192687988,645.9226441383362,796.0690498352051,-252.44473814964294,770.679931640625,700.748176574707,810.7526779174805,-255.22026121616364,777.3987579345703,703.0851745605469,813.8983726501465,-220.81360816955566,784.8623657226562,685.6668019294739,928.4960174560547,848.3032965660095,886.6460037231445,835.3132081031799,922.2763252258301,1146.058430671692,861.7425727844238,1199.1911458969116,888.3283424377441,1469.4737434387207,833.466796875,1551.6036701202393,907.3369789123535,1504.062523841858,857.7094459533691,1612.6043128967285,830.7229042053223,1571.744441986084,736.1997413635254,1624.0493202209473
859.5866203308105,169.08554434776306,895.1945686340332,140.36085605621338,903.0034446716309,142.26179122924805,910.6109619140625,144.1450399160385,889.6345710754395,137.44413077831268,893.7105560302734,137.24430084228516,897.9770278930664,136.82809710502625,951.5976905822754,171.24720633029938,939.3470191955566,160.8579969406128,881.1229705810547,211.6246336698532,870.46875,207.24767088890076,965.2599334716797,332.99392104148865,949.5055961608887,309.1173255443573,843.0923652648926,46.38764217495918,847.5924110412598,365.78817486763,814.2751693725586,-213.00842821598053,769.6902465820312,296.37648940086365,851.7901039123535,-269.8049658536911,760.6411170959473,278.30891489982605,860.9000015258789,-266.3019794225693,766.7491722106934,277.1277987957001,863.8354110717773,-232.99842238426208,773.6897850036621,284.7030544281006,927.1258735656738,851.0755848884583,886.1360549926758,839.3364572525024,915.5587005615234,1144.9660205841064,857.8120994567871,1196.4417743682861,884.5279884338379,1470.1954936981201,826.5842628479004,1546.51948928833,910.7820510864258,1504.0007257461548,852.8633880615234,1605.6618118286133,820.1130294799805,1590.9639072418213,731.3839530944824,1629.3159341812134
860.0803184509277,167.66632854938507,897.7869415283203,140.67321002483368,905.8551979064941,142.5681585073471,913.6917114257812,144.42758917808533,891.5341758728027,137.68398463726044,895.7215690612793,137.3228520154953,900.1416206359863,137.2484689950943,954.4806861877441,171.80631816387177,941.740837097168,161.13394796848297,883.025951385498,207.91748821735382,874.0835380554199,204.96110916137695,965.7487106323242,331.6025948524475,948.4918212890625,311.01240277290344,863.525218963623,45.66173583269119,853.3831214904785,70.06736487150192,833.4421348571777,-227.4216592311859,822.5613784790039,-169.54293072223663,870.1926612854004,-289.0414094924927,809.7665405273438,-205.3600126504898,879.9860000610352,-287.33314275741577,821.9759559631348,-209.62514340877533,880.2971076965332,-261.8923634290695,821.7584609985352,-195.44677734375,927.1205520629883,856.4144897460938,885.3725051879883,837.4621081352234,921.1810111999512,1178.8926601409912,852.4025917053223,1209.6736478805542,886.3527488708496,1519.0054321289062,822.8391265869141,1574.4598245620728,911.4618301391602,1552.983055114746,847.9591941833496,1627.1590518951416,822.9137992858887,1631.8931722640991,737.4655723571777,1658.614411354065
866.9766998291016,166.74381494522095,906.009521484375,140.6131500005722,913.117618560791,142.69598722457886,919.7797966003418,144.69999969005585,900.4364204406738,137.68260061740875,903.929443359375,137.52004265785217,907.2821617126465,137.4920243024826,958.5110092163086,172.24574446678162,943.6022186279297,161.35740280151367,889.8040580749512,206.14082515239716,880.6355667114258,202.7196568250656,966.6443252563477,332.8542637825012,947.1853637695312,312.27343797683716,896.641674041748,42.353216260671616,859.2068481445312,61.70700788497925,881.348934173584,-242.58858561515808,823.7956809997559,-54.84591856598854,919.6447563171387,-305.1830720901489,819.2697715759277,-91.08173489570618,928.2619285583496,-304.7233843803406,828.691463470459,-96.24177932739258,926.1544990539551,-277.4600279331207,826.9502449035645,-85.32707691192627,926.3260459899902,859.8640465736389,884.6362495422363,840.6094980239868,917.3629188537598,1177.2418785095215,849.5278358459473,1215.6670331954956,881.7388916015625,1526.506690979004,821.561164855957,1589.5570993423462,906.5305137634277,1564.6881294250488,847.1310997009277,1643.64652633667,815.5355072021484,1633.6908531188965,732.7810478210449,1668.454213142395
886.8939971923828,163.8964194059372,930.8034324645996,139.69890832901,937.9293823242188,142.28345274925232,944.7006225585938,144.71285820007324,923.3304405212402,136.83789789676666,925.5107688903809,137.17962205410004,927.5004959106445,137.4557340145111,977.3736190795898,172.57634818553925,959.4219017028809,161.60230994224548,906.2041282653809,203.65617156028748,893.6618041992188,200.0918698310852,972.4491119384766,333.4728240966797,945.5733489990234,315.3065013885498,928.205451965332,38.34674030542374,869.710521697998,59.797909408807755,955.9957122802734,-215.56270122528076,831.9090843200684,-12.345897629857063,964.7574234008789,-280.6080937385559,834.9490356445312,-45.00909000635147,972.7305221557617,-274.50244188308716,844.3678665161133,-45.93064606189728,969.382438659668,-246.59175038337708,842.9895973205566,-35.88287115097046,925.7441139221191,861.2310075759888,883.9840507507324,851.8796038627625,880.9444427490234,1118.2160711288452,835.0449371337891,1203.3137226104736,872.2325706481934,1490.0500631332397,814.2573165893555,1579.6741676330566,906.1493682861328,1532.7616882324219,843.7259674072266,1632.3321962356567,803.6413764953613,1613.856110572815,724.6900177001953,1658.5248041152954
903.3933448791504,164.2427784204483,948.896656036377,139.81283247470856,956.7378044128418,142.37032413482666,964.1685104370117,144.9266892671585,938.4793853759766,136.86569094657898,939.2392730712891,137.2463607788086,939.8925018310547,137.54764258861542,994.7409439086914,173.82650434970856,969.4523620605469,161.81522369384766,921.5615272521973,204.16083991527557,904.4778442382812,200.49046754837036,984.4657516479492,338.2868957519531,940.7892608642578,326.8601703643799,961.9443511962891,47.14212208986282,873.1960487365723,213.0651730298996,974.0871047973633,-197.34745502471924,857.4144172668457,127.53793627023697,987.2735595703125,-266.40621542930603,861.9340896606445,103.30697536468506,994.8159027099609,-237.8216028213501,870.1673126220703,119.78453636169434,987.861328125,-210.29235363006592,871.8739700317383,124.29729402065277,926.5862846374512,885.3961873054504,880.2917289733887,870.5783557891846,877.2673416137695,1163.9406108856201,829.7905540466309,1209.1380643844604,865.3286361694336,1520.6108951568604,803.2590866088867,1577.5860357284546,903.0087089538574,1559.802474975586,832.3200416564941,1631.4399862289429,795.8193969726562,1643.08030128479,718.051700592041,1667.1025085449219
908.6508178710938,164.36400890350342,951.6609764099121,139.05054330825806,960.3143692016602,142.06720769405365,968.7839126586914,144.94957387447357,940.4798126220703,135.13914227485657,941.305103302002,135.4071432352066,942.1335983276367,135.58077335357666,1005.1345825195312,174.75605070590973,974.8386383056641,161.97987377643585,927.267951965332,204.7926288843155,909.6216201782227,200.92118740081787,999.4589996337891,349.9432075023651,937.207088470459,342.68524646759033,999.638671875,69.27410423755646,892.3100852966309,472.2364890575409,996.4126968383789,-135.0774246454239,850.3739547729492,612.5427889823914,1013.7319564819336,-186.32570028305054,857.5849342346191,664.8153519630432,1017.4916839599609,-160.35601615905762,864.0557670593262,671.9594693183899,1008.2339859008789,-134.35442715883255,862.5419425964355,649.1379475593567,927.780704498291,910.0970149040222,860.9013175964355,903.9478468894958,875.0533103942871,1243.9468717575073,804.5328140258789,1243.1785154342651,862.4673271179199,1599.0145254135132,782.9851913452148,1609.7500133514404,900.1190757751465,1639.4764423370361,808.6171531677246,1660.2228355407715,795.2251625061035,1713.2027292251587,717.3329544067383,1715.7045221328735
919.9814987182617,164.42429423332214,963.3517456054688,139.08062160015106,973.5440826416016,142.17345535755157,983.8405609130859,145.12059688568115,948.5209465026855,135.158132314682,948.449878692627,135.26418685913086,948.8025283813477,135.16566395759583,1025.917854309082,175.91445922851562,991.7161560058594,162.08362698554993,939.2145538330078,210.50544440746307,918.8789749145508,205.01160979270935,1004.0325164794922,376.9239342212677,938.2095909118652,359.90477085113525,1042.8495025634766,116.79563283920288,908.4809303283691,548.5705590248108,1024.8905181884766,-83.14121067523956,846.0728073120117,712.831506729126,1026.1178970336914,-142.47773051261902,852.3696899414062,768.9903974533081,1030.6400299072266,-135.88213562965393,847.379264831543,771.6111516952515,1025.0251007080078,-105.63440591096878,854.7778701782227,753.0359315872192,927.6765632629395,931.6945481300354,861.445369720459,912.6497268676758,819.2825317382812,1217.0325136184692,789.5442008972168,1185.55269241333,809.315128326416,1592.4098539352417,759.5668601989746,1519.7078704833984,848.4927177429199,1597.5259637832642,784.6848678588867,1568.6285305023193,737.5613021850586,1672.7132606506348,686.5732383728027,1637.1805143356323
931.2550163269043,178.69844734668732,971.7660140991211,151.20185136795044,981.4242553710938,154.06469643115997,990.9916305541992,156.6495144367218,957.1298789978027,146.77223145961761,956.8438339233398,146.48142635822296,956.920280456543,145.6867092847824,1029.6906280517578,185.85743486881256,996.4834213256836,170.14414250850677,950.9527015686035,229.6494162082672,931.1127090454102,222.35041737556458,1008.9725875854492,381.472692489624,948.7093162536621,365.32488226890564,1059.613037109375,130.29541075229645,921.2784004211426,435.8573341369629,1020.2223587036133,-91.76457166671753,860.4951667785645,467.0841693878174,1022.0036315917969,-152.94204711914062,860.8613777160645,498.00848364830017,1026.522560119629,-145.9634006023407,850.9212684631348,500.7227075099945,1022.6506805419922,-114.83161211013794,854.5706748962402,484.9376714229584,909.2729759216309,924.6133875846863,869.5652389526367,907.318868637085,790.5592918395996,1069.897813796997,788.7080955505371,1153.0087852478027,772.0308494567871,1422.5619077682495,749.5041275024414,1468.5220527648926,807.1664428710938,1463.228144645691,774.6985816955566,1519.5361232757568,693.5910415649414,1518.0440855026245,660.6710815429688,1549.0807628631592
940.3145027160645,184.41979229450226,976.8030166625977,157.9955542087555,985.4564666748047,160.7917732000351,994.1772079467773,163.32647681236267,965.0328826904297,153.68603825569153,965.6207656860352,153.55074226856232,966.6204071044922,152.86552369594574,1032.0222473144531,193.69787514209747,1002.5542831420898,178.0166244506836,957.7599906921387,234.5120733976364,941.5585899353027,228.3871740102768,1010.5182266235352,389.3109118938446,959.5183753967285,375.2575421333313,1091.2629318237305,160.37135303020477,957.681827545166,231.515074968338,1028.1246185302734,-41.812973767519,986.6331481933594,23.796907737851143,1014.9386215209961,-89.08816695213318,948.9260673522949,10.529238805174828,1012.3831558227539,-89.52414125204086,944.3680000305176,5.855834260582924,1012.8777694702148,-56.12485349178314,941.3138008117676,19.85114559531212,895.3818511962891,927.1529674530029,886.9874954223633,913.7338328361511,763.2627296447754,993.2085013389587,796.2908935546875,1025.8443331718445,764.0635299682617,1273.158574104309,755.273380279541,1284.16597366333,803.8315773010254,1312.5208711624146,780.2093124389648,1333.296103477478,685.2931022644043,1336.341462135315,656.2319183349609,1333.3522367477417
974.4026184082031,200.191068649292,1008.8190078735352,169.84841287136078,1018.7778854370117,173.15736293792725,1029.041404724121,176.84167206287384,990.0628280639648,165.5091243982315,988.1975555419922,166.11761033535004,986.4060974121094,166.5482497215271,1054.0085220336914,207.85292208194733,1005.7886123657227,190.34742057323456,999.5068359375,253.66555631160736,975.4531860351562,245.84013104438782,1018.8225173950195,392.77897596359253,966.3914108276367,380.3967618942261,1111.4159774780273,177.8088927268982,976.6100692749023,206.5548723936081,1042.7972030639648,-15.072179362177849,996.0292053222656,44.20925125479698,1027.2522354125977,-89.96142715215683,932.0705795288086,11.771867349743843,1024.8280334472656,-81.80696725845337,922.580680847168,33.48073169589043,1029.7727966308594,-53.55992674827576,928.1988716125488,51.652276664972305,894.2128944396973,936.6841650009155,861.9739151000977,937.5724482536316,828.6232566833496,1228.0448055267334,802.1420860290527,1270.3983879089355,794.3362426757812,1595.3910970687866,756.8384742736816,1659.0001344680786,814.2256736755371,1654.4517946243286,776.2069129943848,1722.824821472168,765.402717590332,1673.3751440048218,725.5843734741211,1732.2410488128662
971.7311096191406,197.6324987411499,1006.7654800415039,168.78863990306854,1016.2551498413086,172.16798186302185,1025.7263946533203,175.98021626472473,991.0638427734375,164.9904066324234,990.0662612915039,165.90960502624512,989.2734146118164,166.85717582702637,1056.2580871582031,210.53832292556763,1010.5083847045898,193.2527196407318,991.5357971191406,249.51201617717743,971.9284057617188,243.2146453857422,1033.9102935791016,398.24768900871277,969.8732757568359,386.3133502006531,1130.5944442749023,205.62529385089874,975.4280090332031,383.5835802555084,1052.5829315185547,-8.143886625766754,950.9760475158691,293.580801486969,1029.8019790649414,-95.40281385183334,903.1628608703613,275.31103134155273,1029.484977722168,-86.70218914747238,885.6630706787109,291.7070960998535,1031.7219543457031,-58.10691878199577,900.2749443054199,300.16857504844666,894.5771026611328,935.1042580604553,850.6057548522949,932.3103404045105,846.9233894348145,1289.8758602142334,795.805492401123,1292.448205947876,797.252254486084,1669.3668937683105,744.8631477355957,1684.0179347991943,812.5644493103027,1725.4533004760742,757.1819686889648,1742.4979877471924,753.0974578857422,1754.380602836609,713.0150985717773,1769.7966527938843
972.0188140869141,195.95394015312195,1010.2951812744141,168.02406549453735,1019.9978256225586,171.56519293785095,1029.858283996582,175.58725118637085,995.1596832275391,163.68752896785736,994.3290710449219,164.38568651676178,993.9712142944336,165.1674324274063,1067.794303894043,213.03480505943298,1025.9123611450195,192.6255977153778,987.0092010498047,247.6985800266266,968.9609527587891,241.30867302417755,1048.879508972168,413.4004533290863,972.3818206787109,390.067777633667,1154.9383163452148,250.90142726898193,969.6731185913086,449.82698678970337,1079.0893936157227,14.098989106714725,933.1650352478027,469.97599840164185,1073.7759017944336,-78.38990271091461,887.8337287902832,485.90410351753235,1067.7128219604492,-71.06376260519028,876.2274742126465,484.3373930454254,1062.0536041259766,-40.542431473731995,887.2875595092773,477.36997961997986,896.5039443969727,951.7705607414246,846.4610481262207,941.133177280426,857.7933311462402,1356.180968284607,785.8730506896973,1322.6394081115723,777.9648399353027,1716.924648284912,715.58349609375,1698.1018495559692,786.851749420166,1764.9967432022095,720.9820747375488,1751.4392709732056,719.7188186645508,1804.5670938491821,680.5415153503418,1788.7735605239868
971.1726379394531,195.01592874526978,1010.7362365722656,167.59857594966888,1019.8752593994141,171.17090821266174,1029.316177368164,175.2072411775589,997.2470855712891,162.81017303466797,997.1921539306641,163.34604620933533,997.7210998535156,164.03903782367706,1070.3739166259766,212.99556970596313,1035.6684494018555,192.71098852157593,984.3244171142578,246.6184651851654,967.7648162841797,240.05029320716858,1051.321792602539,425.8296275138855,971.5526962280273,400.6220555305481,1166.7838668823242,284.95420575141907,985.2819442749023,408.3080327510834,1096.9721603393555,43.251827359199524,928.1256866455078,454.19257164001465,1081.3316345214844,-10.665828287601471,904.3206024169922,407.1943151950836,1074.2374420166016,-14.330529794096947,899.633960723877,402.3064398765564,1075.9437561035156,23.27664501965046,903.1217765808105,401.2570309638977,896.1150169372559,970.3743624687195,845.346851348877,967.7478790283203,862.4155426025391,1392.5805616378784,788.115348815918,1362.546558380127,781.9721603393555,1754.1130685806274,725.064525604248,1744.0437126159668,793.4753036499023,1801.9652652740479,733.773250579834,1796.078224182129,722.6708793640137,1838.535189628601,680.9853172302246,1836.5683364868164
981.9156646728516,201.32910311222076,1021.4514541625977,176.57991528511047,1030.3247451782227,180.57767271995544,1039.522933959961,185.08167564868927,1009.5953750610352,170.74651300907135,1010.2584457397461,170.85882782936096,1011.4551544189453,171.08469665050507,1077.5419235229492,224.93256390094757,1045.1090240478516,203.46707582473755,991.7786407470703,251.1789232492447,977.5298309326172,244.80417609214783,1047.0548629760742,440.9411931037903,973.88671875,414.0599548816681,1178.5569763183594,321.1291694641113,1008.0189514160156,322.1467137336731,1120.3978729248047,77.27261245250702,1042.1586227416992,132.70390301942825,1099.9937438964844,18.668122440576553,991.1632919311523,76.57335251569748,1090.7733535766602,14.065456800162792,1027.060775756836,87.83280462026596,1092.7489471435547,48.47833290696144,1027.9410552978516,125.01106202602386,876.3782501220703,967.1495962142944,844.8617362976074,978.2791757583618,823.0940437316895,1323.0795907974243,785.1789665222168,1321.9167566299438,760.6609725952148,1674.7789907455444,721.9208908081055,1686.5244913101196,781.1225509643555,1722.5003814697266,735.6287956237793,1741.7633628845215,684.1742134094238,1765.6736898422241,648.4384918212891,1771.7714881896973
987.9296493530273,210.9786021709442,1027.4958801269531,186.58100366592407,1036.241455078125,191.01825177669525,1045.5511093139648,195.98163664340973,1014.8627471923828,179.5174491405487,1014.7158050537109,179.08856391906738,1014.9786758422852,178.71141850948334,1081.2310409545898,236.2139993906021,1044.510726928711,212.3055875301361,996.0087203979492,258.8564997911453,980.8352279663086,251.62351548671722,1048.5748672485352,449.51056122779846,973.8787078857422,423.22036385536194,1186.3350677490234,370.2081871032715,1015.5580902099609,336.96123003959656,1138.5649108886719,112.28620648384094,1003.9724349975586,176.47138237953186,1120.1931381225586,53.3441886305809,1046.6148376464844,105.95066249370575,1109.501609802246,51.12979307770729,1043.0268859863281,118.86207908391953,1109.688606262207,78.78668189048767,1046.3215255737305,136.8076103925705,874.2941665649414,976.0640358924866,838.9153861999512,988.4243631362915,823.5286903381348,1338.120732307434,780.552921295166,1338.692364692688,751.9492721557617,1689.2325353622437,710.85205078125,1706.6155672073364,771.5154647827148,1738.6457777023315,722.8332138061523,1763.0274438858032,669.8702430725098,1774.731616973877,629.8286247253418,1788.2590913772583
998.4111785888672,222.37747013568878,1035.2254486083984,197.68097162246704,1043.4784698486328,201.9567883014679,1052.40234375,206.73228442668915,1023.5673522949219,190.41575253009796,1023.416633605957,189.60523188114166,1023.5527038574219,188.64430367946625,1086.6643524169922,245.36214530467987,1047.1043014526367,219.55806076526642,1004.8342895507812,268.70891869068146,990.0902938842773,261.0412234067917,1056.1016464233398,458.9629018306732,973.5224533081055,430.16498923301697,1192.1880340576172,395.23863673210144,1002.9719924926758,522.0731127262115,1143.9921569824219,142.46921718120575,970.4404449462891,470.00245571136475,1120.2890396118164,84.19836848974228,971.557731628418,462.6421093940735,1111.9093322753906,81.55064195394516,946.8737411499023,465.734041929245,1114.1064834594727,106.60799950361252,950.3812408447266,467.5550580024719,877.954273223877,1008.3572101593018,835.4505729675293,994.5306587219238,826.0818672180176,1378.1146574020386,774.8445510864258,1359.8567962646484,748.3403778076172,1733.4622049331665,701.1535835266113,1732.6910161972046,759.2559242248535,1783.1504487991333,707.7112197875977,1787.1396446228027,681.181526184082,1814.2284536361694,636.9952583312988,1814.8315000534058
1010.5545043945312,232.0708554983139,1045.7525253295898,206.41196429729462,1054.6404647827148,210.46334445476532,1063.934669494629,215.10129153728485,1031.8051528930664,198.60490143299103,1030.3794479370117,197.22023785114288,1029.1866302490234,195.6478625535965,1095.7263565063477,251.00963830947876,1047.3786163330078,222.59281396865845,1017.8276824951172,276.91494941711426,1000.5959701538086,267.9248070716858,1062.8121185302734,460.7333207130432,979.654655456543,431.5120589733124,1186.8633270263672,442.4916172027588,998.5905075073242,568.5278677940369,1150.3179931640625,174.61813151836395,965.0388336181641,539.9555504322052,1134.1722106933594,114.28624391555786,968.6119079589844,537.6173615455627,1125.420799255371,110.78548640012741,928.7996292114258,538.9507520198822,1124.842872619629,137.39251971244812,932.9322624206543,539.5701169967651,884.1524505615234,1010.6463146209717,836.6767501831055,994.6034002304077,827.7092170715332,1368.2224559783936,776.0793113708496,1350.3019094467163,750.1906585693359,1719.128909111023,701.5484046936035,1720.3668022155762,759.6526336669922,1768.430142402649,707.3772811889648,1776.3554906845093,686.5456581115723,1799.155511856079,639.9762725830078,1797.387056350708
1015.3446578979492,237.49420166015625,1053.6750411987305,210.19339621067047,1065.9346389770508,214.82432663440704,1078.1163024902344,219.8795074224472,1032.198600769043,200.4851245880127,1028.5190963745117,198.3297872543335,1025.555419921875,196.07428550720215,1107.5703048706055,253.6180168390274,1046.111183166504,219.9056911468506,1026.9964599609375,286.7867124080658,1001.0251235961914,273.59075903892517,1079.6785354614258,465.57793736457825,979.4964981079102,434.39297676086426,1193.2283020019531,491.02848529815674,956.3245010375977,661.9878959655762,1156.6937255859375,221.2504917383194,879.429874420166,824.2209649085999,1141.0827255249023,155.78839659690857,851.9461441040039,896.0936951637268,1131.5836715698242,154.36852097511292,829.218635559082,904.1400647163391,1129.954833984375,179.469233751297,841.259880065918,884.2065739631653,896.1808204650879,1009.5159888267517,834.2734336853027,1005.0008654594421,844.3328475952148,1399.5994091033936,770.595531463623,1367.6742553710938,753.9160537719727,1740.4368925094604,696.6127967834473,1729.7293424606323,766.142520904541,1788.1465673446655,701.0086441040039,1786.1016941070557,688.0632591247559,1824.0104484558105,636.826171875,1806.0841083526611
1010.9678649902344,242.0879888534546,1048.8216018676758,212.56359457969666,1060.7471466064453,216.4281803369522,1072.895164489746,220.81603825092316,1027.6563262939453,204.53042149543762,1024.599266052246,202.6366800069809,1022.5590133666992,200.4742455482483,1104.0570831298828,252.74109542369843,1040.9640884399414,220.2415895462036,1025.4513931274414,291.0948121547699,998.4528350830078,279.3030273914337,1085.2887725830078,467.801992893219,980.1346206665039,441.18799924850464,1186.1713027954102,512.7898478507996,954.0553092956543,687.2546911239624,1153.8156509399414,241.56777441501617,866.2994384765625,852.5227546691895,1141.6712951660156,173.53848338127136,847.4080467224121,910.0699782371521,1128.0861282348633,173.96846294403076,841.4554023742676,903.2343363761902,1125.384521484375,200.69288849830627,846.6165161132812,914.9132108688354,898.2520866394043,1026.5463852882385,834.2230224609375,1006.2285232543945,837.0375823974609,1386.1782789230347,765.9457969665527,1358.2915019989014,746.0144233703613,1728.525824546814,685.5947685241699,1722.0218324661255,757.2307777404785,1777.0948791503906,690.5571556091309,1780.421805381775,675.8618545532227,1810.1524829864502,621.5444755554199,1796.075520515442
1007.0934677124023,248.36292564868927,1046.0511016845703,216.29563629627228,1057.2277450561523,219.17080879211426,1068.9650344848633,222.37611830234528,1027.4424362182617,210.32812893390656,1022.8836822509766,208.70845556259155,1019.2435455322266,206.77261412143707,1099.7357940673828,250.94285130500793,1040.709457397461,223.1563514471054,1021.4079666137695,294.1572940349579,995.8032989501953,285.478298664093,1100.51513671875,465.65293192863464,984.4935607910156,445.6074321269989,1183.681869506836,529.9068582057953,957.5295066833496,700.8259391784668,1153.1261444091797,258.97134125232697,874.4910621643066,873.8411664962769,1136.3253021240234,184.37218844890594,860.8347702026367,931.7242884635925,1124.0905380249023,183.7269937992096,847.7424430847168,932.9682970046997,1122.6390838623047,210.77668011188507,852.2558784484863,913.6883211135864,935.5281829833984,1033.610486984253,845.8327102661133,1006.0417127609253,877.2736358642578,1403.858585357666,782.1081733703613,1365.2703094482422,790.6300163269043,1745.660376548767,703.8479232788086,1731.2025833129883,802.4951362609863,1791.4701461791992,707.105655670166,1788.6847257614136,717.7105522155762,1837.912573814392,647.8135871887207,1813.498592376709
1001.9535827636719,247.30643570423126,1039.588508605957,214.68626260757446,1050.0408554077148,217.23940908908844,1061.3436126708984,220.19826650619507,1021.3886260986328,209.5095294713974,1017.3857116699219,208.113294839859,1014.3626403808594,206.378892660141,1099.515495300293,249.67386603355408,1039.716796875,223.14202845096588,1021.13525390625,292.39237904548645,994.7099304199219,285.17252683639526,1110.5806732177734,463.53959798812866,986.3120269775391,443.677818775177,1185.589599609375,538.7660980224609,958.2061386108398,690.9790563583374,1149.781608581543,267.87121653556824,879.1394805908203,857.9701924324036,1133.419189453125,193.15607964992523,862.4277305603027,913.3156657218933,1120.1020431518555,190.26202976703644,850.4132080078125,915.6009721755981,1118.4353256225586,215.43554842472076,856.9218635559082,895.6154036521912,933.8554573059082,1025.2182412147522,847.8742218017578,1002.0690608024597,887.2097969055176,1401.5914964675903,782.5695419311523,1359.3415546417236,796.7902565002441,1740.8264780044556,705.2774620056152,1723.084888458252,808.3606910705566,1785.1606893539429,709.8184776306152,1779.6427631378174,724.6884155273438,1831.8394947052002,648.0769157409668,1804.7693538665771
998.5956573486328,249.34104144573212,1038.0363464355469,216.22180044651031,1048.6438751220703,218.53749096393585,1060.700340270996,221.18323802947998,1019.6915817260742,211.29103660583496,1015.9054183959961,209.89890575408936,1013.067512512207,208.15212786197662,1096.9236373901367,248.8781350851059,1039.0058898925781,224.6411794424057,1019.4930267333984,294.236376285553,992.8276062011719,287.40289092063904,1116.4789581298828,467.1344769001007,986.4888381958008,445.0861716270447,1187.577896118164,515.999196767807,974.7480010986328,669.5479273796082,1147.8794860839844,251.6759955883026,908.1280517578125,782.0714449882507,1131.423454284668,184.20766711235046,894.5788764953613,823.420615196228,1117.2539520263672,184.79550540447235,876.870174407959,822.0428395271301,1116.108169555664,209.01839554309845,878.3867454528809,806.6894888877869,939.9799919128418,1029.5063209533691,848.635368347168,999.7354102134705,885.5865097045898,1407.7728509902954,783.4713935852051,1359.1004133224487,797.9885101318359,1742.0625686645508,705.7737350463867,1723.1532526016235,810.1808738708496,1785.630226135254,711.1148643493652,1778.3672761917114,725.4047584533691,1832.6491785049438,652.349910736084,1808.2801294326782
995.4520797729492,247.9555892944336,1035.1086044311523,215.3877031803131,1045.312385559082,217.67069220542908,1057.3271942138672,220.25708734989166,1018.9282608032227,210.53486287593842,1015.6464385986328,209.34455752372742,1012.4387741088867,207.78637647628784,1095.3060150146484,248.0865079164505,1039.211654663086,225.02698302268982,1016.2162399291992,292.58662462234497,992.6079940795898,285.8157420158386,1114.1063690185547,470.2351641654968,997.3889923095703,447.2983503341675,1184.6208572387695,491.6824185848236,1011.0354995727539,639.3450093269348,1144.958152770996,226.2132489681244,945.2652740478516,764.6410989761353,1128.647689819336,168.13879430294037,931.9904708862305,808.4706258773804,1116.9572067260742,170.32858729362488,917.164192199707,810.6705737113953,1114.8465728759766,192.83326506614685,919.8425102233887,794.4768333435059,929.8691368103027,1025.681791305542,865.4137802124023,1008.0468034744263,870.8353042602539,1332.779188156128,785.0252151489258,1356.6214084625244,782.3728179931641,1646.8735456466675,704.7528076171875,1715.8633947372437,799.9135208129883,1704.0835189819336,711.9962310791016,1775.3304147720337,682.5959587097168,1707.117419242859,623.6676406860352,1770.696201324463
992.867546081543,235.03449261188507,1032.052116394043,198.39787781238556,1041.6735076904297,200.87192595005035,1052.6968002319336,203.59236180782318,1018.7886428833008,193.5711246728897,1014.8373413085938,192.66726315021515,1011.7929840087891,191.4289516210556,1094.9498748779297,235.23799180984497,1042.4226379394531,214.38119888305664,1012.1789932250977,281.61707639694214,991.7638778686523,276.88395380973816,1109.8952865600586,466.4284336566925,1005.7789993286133,436.6443908214569,1183.5246276855469,416.0517203807831,1023.2529830932617,628.1753253936768,1128.8400650024414,192.11297929286957,944.5199775695801,767.5470900535583,1102.9552459716797,133.6748492717743,921.6951942443848,812.282989025116,1092.414436340332,132.9730224609375,904.595947265625,816.4900231361389,1096.626205444336,165.05049884319305,912.8859329223633,801.1088633537292,913.5783004760742,1010.0403070449829,872.8606224060059,996.8576788902283,866.0061836242676,1286.4034509658813,791.3940811157227,1316.6849040985107,774.4083023071289,1584.098653793335,715.0249099731445,1637.689061164856,790.4358100891113,1634.409384727478,730.8483695983887,1700.1971912384033,676.4054489135742,1645.5930376052856,621.3932418823242,1680.3732633590698
989.2731857299805,233.49296808242798,1026.5522003173828,197.06200897693634,1035.216178894043,199.2562758922577,1044.979019165039,201.63170456886292,1016.1435699462891,192.67585694789886,1013.8675689697266,191.865593791008,1011.6806030273438,190.64707696437836,1092.7976989746094,230.68181455135345,1044.6294021606445,213.14940512180328,1007.7032089233398,277.3541021347046,991.3632202148438,274.3196225166321,1109.007225036621,439.2023491859436,1011.745719909668,428.0643367767334,1175.0164031982422,309.8215341567993,1021.1333084106445,621.2774991989136,1080.3745651245117,109.08726990222931,919.8295783996582,788.8933753967285,1049.3743515014648,58.11268016695976,886.4215278625488,845.4480957984924,1046.3367462158203,47.67346903681755,874.9392700195312,849.9318695068359,1054.4929504394531,85.41586339473724,890.0911331176758,828.47576379776,920.0473594665527,969.4549226760864,888.5217475891113,960.9032893180847,872.4382781982422,1273.1172466278076,811.9881248474121,1288.893141746521,786.8265151977539,1586.7343425750732,728.4530639648438,1612.015299797058,802.8988265991211,1635.8980751037598,743.3986473083496,1672.8932476043701,689.1713905334473,1652.2865438461304,623.0306053161621,1657.9523992538452
983.6191177368164,225.70370435714722,1021.2026596069336,190.19080102443695,1029.6912002563477,192.28401839733124,1038.6900329589844,194.39263701438904,1011.8096923828125,187.17177093029022,1011.3106155395508,187.299245595932,1010.6235122680664,186.89506351947784,1090.1240158081055,224.38585996627808,1045.810775756836,210.57136237621307,1003.4978485107422,269.8866230249405,990.4171371459961,268.1115049123764,1106.0609436035156,429.49029564857483,1016.7792892456055,418.632595539093,1127.391586303711,207.20214307308197,1008.6830520629883,594.8277854919434,1045.169792175293,40.208492428064346,888.6997032165527,737.69700050354,1018.9294052124023,8.268740605562925,863.5024452209473,781.9640064239502,1016.6253662109375,-0.5557983205653727,855.1987838745117,783.5731387138367,1029.9857711791992,44.73368212580681,866.3837814331055,769.1887950897217,905.4939651489258,953.3596730232239,904.3199729919434,947.6448941230774,838.9007949829102,1084.6315097808838,833.6770248413086,1111.0955142974854,807.4395561218262,1326.7035341262817,770.3660774230957,1345.1448583602905,839.3741798400879,1381.9500017166138,788.9699363708496,1402.356505393982,706.2958717346191,1337.5878524780273,652.0435523986816,1351.102967262268
983.148078918457,215.7835167646408,1020.8785629272461,180.71135938167572,1029.5647430419922,183.31112802028656,1038.6790466308594,186.04096233844757,1010.4640960693359,175.72346448898315,1009.8486328125,175.0223296880722,1008.973274230957,173.98009836673737,1090.323143005371,219.2312389612198,1045.2600860595703,202.91216433048248,1002.1614074707031,259.23671901226044,989.2031478881836,256.2399619817734,1094.6573638916016,428.4459400177002,1014.9583053588867,412.13188648223877,1101.482276916504,222.33704388141632,1007.8627395629883,612.3096299171448,1039.0001678466797,63.29640582203865,879.0669822692871,779.2424440383911,1036.3249969482422,26.03670448064804,855.765266418457,831.4571356773376,1017.8816986083984,27.931357249617577,843.0696487426758,835.3760361671448,1039.9092864990234,61.12592473626137,855.0349044799805,819.0868949890137,911.1197662353516,958.8888001441956,897.604866027832,949.8017120361328,867.0764350891113,1125.497431755066,831.2568283081055,1179.9284219741821,809.6601676940918,1428.0036163330078,775.4306030273438,1422.4947023391724,833.8635635375977,1481.189889907837,791.2988090515137,1462.7559041976929,709.2861557006836,1465.8886814117432,667.9938697814941,1501.6079807281494
978.6568450927734,202.9082214832306,1018.084716796875,171.68054938316345,1026.5473937988281,174.71343576908112,1035.2801513671875,177.8912740945816,1008.8520812988281,166.30079984664917,1009.1471099853516,165.57814836502075,1008.88916015625,164.79706227779388,1088.2661819458008,212.60926723480225,1046.4725875854492,197.1795380115509,996.9155502319336,248.15989315509796,984.5442581176758,242.9704624414444,1084.2716217041016,416.8720579147339,1012.9281234741211,396.3278603553772,1060.3395080566406,169.58099126815796,958.9916038513184,592.9366993904114,1039.5935440063477,-15.286301113665104,843.4110832214355,723.1676888465881,1037.3405456542969,-77.78075695037842,827.3273277282715,770.5775785446167,1030.744400024414,-81.00040555000305,818.0133819580078,757.2964596748352,1044.5603942871094,-48.99874851107597,827.2029304504395,741.6241407394409,907.8472709655762,954.0497517585754,893.9151763916016,944.2604827880859,863.1867027282715,1192.5685787200928,829.4267463684082,1220.6747388839722,807.7302360534668,1479.3217849731445,767.6715660095215,1511.2462949752808,829.8719215393066,1533.4941244125366,781.4864158630371,1568.2632780075073,702.8542327880859,1514.8067665100098,640.8313179016113,1547.803988456726
972.286262512207,186.91732048988342,1014.5499801635742,158.63575994968414,1022.5546646118164,161.70397102832794,1030.8330917358398,165.0264072418213,1007.5349807739258,155.03342986106873,1008.9642333984375,155.27830481529236,1008.6582183837891,155.4517900943756,1083.2939529418945,200.05434036254883,1047.9616928100586,186.5351378917694,988.6952590942383,229.9823373556137,977.9969787597656,225.86660027503967,1073.7437438964844,392.7840292453766,1014.0664672851562,370.4110586643219,1019.5074462890625,135.11785089969635,947.9336357116699,307.02179074287415,990.1440811157227,-101.8565708398819,856.1684417724609,184.45152819156647,987.1530532836914,-176.57114446163177,830.0787734985352,154.1282969713211,997.7017593383789,-174.76855516433716,826.5658378601074,151.02266907691956,1000.5814361572266,-142.39843904972076,832.8238105773926,161.12524151802063,906.090202331543,922.9321575164795,895.807056427002,924.2248964309692,861.6681289672852,1164.1251039505005,829.5862770080566,1229.9246263504028,797.629280090332,1477.9984045028687,761.9623947143555,1543.659782409668,818.7026596069336,1533.1085300445557,777.022533416748,1604.0729570388794,691.8817520141602,1532.3585844039917,630.8982467651367,1576.8944120407104
969.5242309570312,176.74730122089386,1012.0391464233398,148.70977878570557,1019.5006942749023,152.13600039482117,1027.2564697265625,155.8994561433792,1006.9741058349609,144.00834381580353,1008.7241363525391,144.08132672309875,1008.8140869140625,144.37148809432983,1077.2356796264648,191.3335508108139,1049.2497253417969,177.36743867397308,983.8399887084961,221.28168046474457,974.8049926757812,216.2703537940979,1068.987693786621,377.06478238105774,1012.9816818237305,353.41580986976624,1000.2766799926758,113.99064302444458,934.2299652099609,392.114839553833,975.7551956176758,-146.58305525779724,853.2297134399414,353.3361804485321,973.5625076293945,-224.8129427433014,840.6174087524414,347.86675930023193,985.1646423339844,-227.9154485464096,835.6866073608398,339.53917622566223,984.6360397338867,-192.89937615394592,840.794792175293,343.96305084228516,908.2698440551758,910.2467465400696,901.8938255310059,901.1865663528442,880.0547218322754,1116.3173246383667,838.4002304077148,1192.8435802459717,813.8545417785645,1426.0838842391968,770.6550979614258,1495.822777748108,831.7146492004395,1488.4903049468994,788.741340637207,1560.395736694336,710.4788017272949,1460.9256505966187,633.6389350891113,1511.0151958465576
969.7345733642578,166.05692267417908,1012.6040267944336,142.38710939884186,1019.7944641113281,146.00479245185852,1027.3777770996094,149.88907635211945,1008.6162185668945,137.52261757850647,1011.7004013061523,137.90319085121155,1014.1172790527344,138.59294772148132,1075.382080078125,185.4278415441513,1052.6560592651367,172.69069075584412,983.8968658447266,208.4692132472992,974.8237609863281,203.8614571094513,1056.606559753418,365.0030815601349,1019.4232177734375,331.2376320362091,962.6642990112305,86.13578706979752,935.5351638793945,163.03290367126465,912.2954750061035,-184.66650187969208,853.4136772155762,43.44779893755913,901.5079879760742,-268.9530050754547,845.936164855957,2.1755393967032433,920.8756256103516,-269.45352137088776,840.7075881958008,-7.2160471603274345,922.2194480895996,-234.3075281381607,844.0023994445801,7.8147876262664795,922.9646873474121,888.8113689422607,915.8749008178711,880.4471898078918,884.662971496582,1112.0963859558105,846.4874267578125,1175.8043003082275,824.4785499572754,1423.4460067749023,796.2335586547852,1499.7349834442139,842.7541923522949,1470.21635055542,817.0903587341309,1560.3392171859741,738.8578605651855,1491.1910104751587,680.2282333374023,1538.4971952438354
970.4507446289062,166.68829321861267,1013.1769180297852,143.14531087875366,1020.1548385620117,146.44920766353607,1027.493019104004,149.87335324287415,1009.8983001708984,138.34947288036346,1013.6215209960938,138.44941198825836,1017.0431900024414,138.75117659568787,1073.287353515625,182.393941283226,1052.8301239013672,170.2700400352478,984.1702651977539,209.89760220050812,975.3923034667969,204.73461270332336,1046.4018630981445,354.78328585624695,1021.5020370483398,321.5032732486725,943.6798667907715,79.39949691295624,937.4284172058105,87.14996784925461,903.5794258117676,-203.10335218906403,857.643928527832,-143.4036237001419,891.2955093383789,-282.81509041786194,865.708065032959,-203.5899317264557,908.2439231872559,-288.23906421661377,875.9717559814453,-213.7411379814148,910.1264190673828,-256.58440589904785,876.7043495178223,-191.5113651752472,931.5347099304199,893.6910367012024,915.0852584838867,861.4512920379639,883.1890296936035,1137.585654258728,851.6594123840332,1165.2678537368774,864.0297317504883,1418.6298751831055,826.5127372741699,1491.147108078003,892.1947860717773,1450.2554368972778,850.7308959960938,1548.2070922851562,796.541805267334,1510.1985597610474,726.8067741394043,1552.012438774109
962.8591918945312,165.3860592842102,1003.1112670898438,139.90326046943665,1009.1086578369141,142.35677361488342,1015.3458023071289,144.77026283740997,1002.2125625610352,135.5790674686432,1007.1822738647461,135.26417076587677,1012.0560836791992,135.0710678100586,1054.7003173828125,176.51357889175415,1047.2221755981445,166.24110996723175,975.7646942138672,209.35860693454742,969.6098327636719,204.13818061351776,1033.6029052734375,336.90799355506897,1024.9318313598633,319.23370599746704,923.1099128723145,61.630918979644775,932.0831108093262,100.10885953903198,921.811408996582,-161.0936987400055,854.853572845459,-30.377045050263405,920.9695243835449,-230.9732472896576,863.6349678039551,-76.95253372192383,933.1189155578613,-223.73685121536255,871.0996627807617,-78.69307547807693,931.5735626220703,-192.86442160606384,869.2793655395508,-61.01368233561516,939.9074363708496,896.1748695373535,932.0635414123535,878.2315993309021,882.5300216674805,1095.4949712753296,858.0841255187988,1176.8938779830933,858.0845832824707,1408.8298559188843,824.9478149414062,1500.6195974349976,888.0547142028809,1448.4631633758545,849.1251182556152,1558.9517211914062,782.4301528930664,1503.8198375701904,722.8341865539551,1559.0796947479248
946.6777610778809,168.71831238269806,986.8922424316406,141.6374373435974,993.614616394043,143.816978931427,1000.2396011352539,145.93111753463745,984.3485641479492,137.5020182132721,989.4859313964844,137.00409293174744,994.716682434082,136.57049238681793,1039.4902038574219,176.96320831775665,1032.5724792480469,166.36020004749298,963.1428909301758,212.75389730930328,955.7670021057129,207.4692589044571,1027.1130752563477,339.21180725097656,1024.471778869629,318.9751195907593,902.0551300048828,68.02683681249619,919.2615509033203,122.88632601499557,864.8351669311523,-164.62146878242493,820.7999610900879,-27.51543715596199,857.5037384033203,-241.13559007644653,825.3268432617188,-78.65965783596039,878.3669471740723,-241.34357929229736,832.0780563354492,-83.72900068759918,878.3236312866211,-208.7177735567093,831.3591384887695,-62.735938131809235,946.3899421691895,891.3704538345337,938.2975959777832,861.7781138420105,870.2560615539551,1031.2780594825745,864.0913009643555,1048.6252355575562,866.9635391235352,1285.9077787399292,839.8702812194824,1387.2825336456299,903.0473899841309,1307.7599716186523,867.1535682678223,1442.2755002975464,805.6621742248535,1390.7536554336548,746.3277053833008,1471.5007209777832
941.0837745666504,169.7629415988922,981.9496536254883,142.04636693000793,989.0374374389648,144.0605664253235,996.0483169555664,146.1298531293869,978.2818222045898,138.40760171413422,983.0630493164062,137.9457414150238,988.0424880981445,137.55435347557068,1035.3794860839844,177.81314134597778,1025.5572509765625,166.73946976661682,957.5202369689941,214.01375770568848,948.7323188781738,208.9812684059143,1022.6336288452148,340.25909185409546,1023.793830871582,321.2382173538208,878.7902069091797,68.25187683105469,879.6150970458984,184.38688158988953,865.0490570068359,-136.1301165819168,823.0367088317871,28.16016912460327,863.6101341247559,-206.89749777317047,825.7295036315918,-15.18466517329216,881.5964698791504,-205.90850293636322,832.2689437866211,-11.204428263008595,879.8924446105957,-173.64671051502228,833.9550590515137,7.304397113621235,955.8898544311523,897.5532245635986,933.8773727416992,871.4815735816956,879.9519538879395,1106.9449996948242,861.3922119140625,1133.2796144485474,868.8515281677246,1338.6397075653076,834.1093826293945,1502.959041595459,899.2756462097168,1369.5954036712646,859.6163749694824,1568.3398818969727,796.1693000793457,1433.7989902496338,729.906005859375,1577.6307106018066
932.3382568359375,169.41970467567444,975.0654602050781,141.68985307216644,982.2516632080078,143.31953644752502,989.2882919311523,145.01541137695312,972.0047378540039,138.71567487716675,977.292594909668,138.26631903648376,982.7849578857422,137.83183336257935,1028.2784271240234,176.47548615932465,1020.1216506958008,165.89761555194855,947.0586776733398,211.99146330356598,938.818473815918,207.8718799352646,1016.5552139282227,334.94831800460815,1020.0122451782227,324.417085647583,861.2628364562988,62.28881120681763,861.7841720581055,190.63268959522247,844.9596405029297,-136.02919578552246,816.9768333435059,6.152919251471758,843.1337928771973,-205.69026231765747,820.2359962463379,-43.54884847998619,862.9950141906738,-199.10358309745789,827.677116394043,-40.9163461625576,861.4498329162598,-167.00531423091888,829.9265670776367,-22.491074949502945,956.6350936889648,900.6537508964539,931.9892120361328,874.6051454544067,895.6987953186035,1153.3092784881592,863.722972869873,1214.050498008728,873.5980224609375,1462.1863317489624,830.7297134399414,1584.6933317184448,904.4637107849121,1506.1053371429443,856.1572265625,1651.381459236145,791.330623626709,1559.7096490859985,722.0345306396484,1649.0783214569092
923.2973098754883,169.14813101291656,965.8872985839844,141.27125144004822,973.2947158813477,142.59926676750183,980.5670928955078,143.9586639404297,962.8027725219727,138.67829024791718,968.3383941650391,138.14116179943085,974.2080688476562,137.5409960746765,1020.6843566894531,174.17289555072784,1014.6920013427734,164.3610316514969,936.6620635986328,209.85748171806335,928.447265625,206.04769349098206,1014.0898132324219,329.0914034843445,1016.8115615844727,321.9082760810852,853.2416152954102,68.10519486665726,867.6383399963379,155.85492610931396,835.1691627502441,-125.34984916448593,816.939697265625,54.61391419172287,837.2566795349121,-195.5048257112503,821.8091583251953,15.529561713337898,856.904296875,-198.48722755908966,827.4250030517578,20.19601196050644,853.5912895202637,-164.2183005809784,827.9235649108887,34.827624410390854,963.5017776489258,895.4935455322266,939.1925239562988,880.3001618385315,896.9229125976562,1132.4624633789062,868.8608551025391,1188.1945610046387,870.7516479492188,1461.2607765197754,828.9901542663574,1580.9054946899414,902.0431709289551,1505.607089996338,854.2060661315918,1639.5516300201416,785.9012031555176,1558.7099361419678,717.2444915771484,1637.635760307312
920.3562355041504,168.88460397720337,963.288688659668,141.00904405117035,970.4598999023438,142.3100709915161,977.4454879760742,143.6565774679184,960.1750946044922,138.55899095535278,965.6180191040039,138.05150628089905,971.3434982299805,137.45158195495605,1016.275749206543,174.4006311893463,1010.3617858886719,163.86426508426666,934.5585823059082,208.93009185791016,926.250114440918,205.61661958694458,1006.8101119995117,327.8436291217804,1016.9468307495117,319.2334806919098,838.5172462463379,62.33627825975418,865.2878379821777,243.7850707769394,860.1080703735352,-120.01005917787552,819.162483215332,161.82344734668732,859.2460441589355,-182.71759271621704,822.8491401672363,139.00837898254395,873.5563087463379,-163.19863200187683,829.0378761291504,148.99918377399445,875.2718925476074,-131.8627890944481,829.8687744140625,155.72677552700043,964.9711990356445,896.3163614273071,943.9169311523438,897.3391199111938,911.4561080932617,1177.094464302063,877.4173164367676,1210.2833890914917,891.7210578918457,1529.335241317749,840.4830551147461,1584.701828956604,926.7380905151367,1579.9545764923096,865.3882026672363,1646.5072631835938,801.6253280639648,1613.5329580307007,729.6362113952637,1643.9502382278442
913.6746025085449,168.29576790332794,956.1719512939453,139.63303864002228,963.5720443725586,140.9226232767105,970.920524597168,142.284836769104,953.2781982421875,137.1148306131363,958.9245414733887,136.50967597961426,964.8565292358398,135.78881084918976,1013.3237457275391,173.7327128648758,1006.0895919799805,162.79285669326782,928.751106262207,208.8656383752823,919.8199653625488,205.41328132152557,1007.0164489746094,330.3400468826294,1010.9660339355469,319.87032294273376,848.7494659423828,68.3951872587204,857.1138381958008,140.4018133878708,863.3777618408203,-116.02496713399887,810.8296966552734,68.30541908740997,864.3991470336914,-181.82448148727417,813.4756851196289,30.28172269463539,879.7726821899414,-161.15010559558868,820.3114128112793,41.176839619874954,878.6396598815918,-131.1357843875885,822.1160888671875,54.747979044914246,968.7161636352539,896.9465732574463,942.5537109375,893.3355045318604,911.1371612548828,1145.3745317459106,874.2275047302246,1175.2138710021973,886.0186958312988,1480.3068208694458,836.2946319580078,1530.9907865524292,920.3767776489258,1529.1874408721924,860.4988288879395,1593.7549924850464,799.035816192627,1561.1222505569458,729.1788482666016,1590.9254121780396
914.6159934997559,168.75109434127808,954.8776245117188,139.85308170318604,961.9259262084961,141.16777181625366,969.1234588623047,142.57535219192505,951.9562911987305,137.36825108528137,957.2991943359375,136.80841505527496,963.0136871337891,136.13063156604767,1011.8769836425781,173.89858603477478,1005.1222229003906,163.11562299728394,929.150447845459,209.20921325683594,920.9670066833496,205.64433217048645,1005.1247406005859,331.585568189621,1011.0577011108398,319.77057695388794,854.5363426208496,60.07573127746582,864.7844123840332,151.10414922237396,869.6405982971191,-125.04198521375656,810.4708671569824,86.96775197982788,868.9700889587402,-188.68374824523926,809.1200637817383,53.3207568526268,884.4677352905273,-172.48846292495728,814.6151733398438,60.092255026102066,883.7944793701172,-143.75522911548615,816.8823051452637,71.85143083333969,967.3211288452148,897.6256442070007,943.7284469604492,893.580572605133,915.7854652404785,1169.560375213623,890.2971267700195,1193.5845136642456,897.0980644226074,1508.190894126892,851.4099884033203,1548.1812143325806,930.6836700439453,1549.7861623764038,874.6626091003418,1606.5148830413818,817.3152923583984,1605.3936338424683,751.1030960083008,1616.761393547058
917.5883674621582,166.985342502594,956.6891670227051,139.06557440757751,964.1106033325195,140.44159591197968,971.5880584716797,141.94837510585785,953.4662818908691,136.67382717132568,958.9455986022949,136.23258233070374,964.6547698974609,135.69934844970703,1014.5428848266602,173.53032410144806,1006.5062713623047,162.83706486225128,929.5982551574707,208.49570274353027,923.2888984680176,204.92076337337494,1007.4540710449219,327.6535677909851,1008.9046096801758,320.51833391189575,867.0063972473145,66.11926317214966,869.5023536682129,160.35757720470428,869.7669410705566,-132.07509130239487,811.7934608459473,55.10177716612816,866.6733169555664,-198.21121215820312,811.9939613342285,12.185133062303066,882.6128196716309,-185.99231243133545,816.6237831115723,16.214362867176533,882.1853256225586,-156.5661996603012,818.9313697814941,31.204662770032883,965.9121322631836,895.420868396759,942.3566436767578,889.5101380348206,893.9554023742676,1093.5878562927246,874.0263175964355,1165.9724807739258,878.8240242004395,1430.1655197143555,837.0412445068359,1508.0765676498413,914.3587875366211,1472.8081369400024,864.1838836669922,1566.5720701217651,801.2947654724121,1529.9676418304443,736.472339630127,1575.5933046340942
925.4651069641113,159.96919870376587,959.5289039611816,134.42485123872757,966.3621139526367,136.08845114707947,973.2821273803711,137.8952407836914,956.0128784179688,131.9643858075142,960.7128524780273,131.77456587553024,965.7170104980469,131.4770981669426,1015.3385925292969,170.73083817958832,1006.6683197021484,159.2968386411667,935.6642532348633,201.72251880168915,930.8006858825684,197.61061191558838,1008.0559158325195,326.4257490634918,1008.5496139526367,318.75641226768494,872.4379920959473,58.21916922926903,871.9949340820312,121.25596672296524,871.098747253418,-162.9366660118103,813.5785102844238,5.547437220811844,870.0945281982422,-233.34548950195312,813.617992401123,-37.93826937675476,885.3566551208496,-225.3369390964508,816.8532371520996,-38.18116083741188,884.4971466064453,-196.6169661283493,819.9166488647461,-25.260196924209595,963.7882232666016,892.9016947746277,942.1052742004395,880.7482624053955,902.4991607666016,1102.19633102417,876.6550827026367,1174.692063331604,878.0756378173828,1457.3107194900513,834.9743270874023,1525.081729888916,911.7366600036621,1494.4085025787354,860.9112167358398,1582.0796585083008,800.4094505310059,1565.0940656661987,734.0579223632812,1590.0176239013672
939.0890693664551,157.3247390985489,967.6723480224609,134.82325583696365,973.3654403686523,136.5830934047699,979.0140151977539,138.38537693023682,964.8075485229492,132.30464547872543,968.8354110717773,132.19482511281967,973.0668640136719,131.86146944761276,1018.8276672363281,170.801922082901,1012.4035263061523,159.39264178276062,949.4887733459473,198.6416906118393,945.7143974304199,195.4379904270172,1009.0217971801758,324.8504447937012,1008.5692977905273,313.7033236026764,895.4321479797363,58.70138347148895,897.9483032226562,66.56856670975685,875.6057167053223,-190.65597653388977,836.4939308166504,-110.30966520309448,871.7697143554688,-258.0705213546753,839.6890640258789,-156.22033953666687,885.6858444213867,-259.20990765094757,847.2506332397461,-161.33012473583221,884.7447967529297,-233.94958198070526,846.3111305236816,-146.59285604953766,957.8593254089355,860.3255367279053,939.0261840820312,838.8373732566833,901.6450881958008,1055.7062673568726,871.2475776672363,1126.1657524108887,867.5419235229492,1388.8065004348755,817.5650596618652,1470.595121383667,895.0215911865234,1426.2700510025024,841.9659233093262,1527.9373168945312,799.5148086547852,1487.7314758300781,725.4489898681641,1527.8054809570312
966.6556549072266,157.2492778301239,1005.9499740600586,135.89438259601593,1012.1095275878906,138.28963816165924,1018.1802749633789,140.8998191356659,1001.5323257446289,133.8340276479721,1004.6944427490234,134.73236113786697,1007.8110122680664,135.5663698911667,1047.289695739746,173.96859169006348,1037.504997253418,162.50440120697021,971.9477462768555,197.24035441875458,966.053581237793,194.97617840766907,1014.6902847290039,325.88730096817017,1008.6258316040039,313.85501861572266,939.2886543273926,59.284067898988724,914.5596313476562,79.03998166322708,921.9818687438965,-214.12082612514496,863.0833053588867,-80.73938101530075,951.9112586975098,-253.87993454933167,870.7843780517578,-125.03303736448288,964.8909759521484,-252.23024725914001,878.5469627380371,-129.16987270116806,959.3754959106445,-228.0436635017395,875.5705833435059,-116.28632158041,947.4726104736328,859.6554780006409,927.9210662841797,832.8770756721497,891.0583305358887,1073.9930319786072,848.0537796020508,1138.4600973129272,865.5311965942383,1405.7796049118042,809.5602607727051,1481.954641342163,891.2270736694336,1428.9305877685547,834.5978736877441,1541.7674732208252,803.9563179016113,1509.3617105484009,731.6352081298828,1540.7091808319092
974.1252136230469,157.81704783439636,1017.3247146606445,137.86131620407104,1023.8828659057617,141.3725584745407,1030.1886749267578,145.30714988708496,1011.5863037109375,135.86848855018616,1014.2004776000977,137.8429216146469,1016.65283203125,139.9439924955368,1059.4829177856445,180.89837908744812,1047.3510360717773,170.0905841588974,979.9607849121094,197.69531071186066,971.854248046875,195.46550989151,1023.3382415771484,342.6470732688904,1000.2218627929688,335.53221344947815,969.4179153442383,60.95249578356743,913.388671875,464.9215579032898,989.4978332519531,-200.97930014133453,848.3215713500977,569.0618419647217,1001.2799835205078,-242.3723405599594,836.7978858947754,602.8014135360718,1012.4741363525391,-238.81479799747467,837.1318244934082,603.5185289382935,1006.5810012817383,-212.75891840457916,842.6797485351562,590.6324672698975,944.4430732727051,864.2770099639893,905.2575874328613,839.1739797592163,886.830940246582,1085.2125406265259,830.2627944946289,1162.9533863067627,855.7856369018555,1443.0478477478027,799.0088653564453,1513.9525365829468,880.9479904174805,1472.991213798523,824.7628211975098,1567.4296474456787,793.169116973877,1563.1266975402832,725.383243560791,1589.506115913391
980.8345413208008,163.49495708942413,1024.885139465332,145.39501905441284,1031.5315246582031,149.81215059757233,1038.1449508666992,154.66846704483032,1018.3902740478516,142.96709418296814,1020.4594802856445,145.40964782238007,1022.4753570556641,147.82490730285645,1068.0693054199219,193.10784816741943,1053.5024642944336,179.9809831380844,987.4382400512695,206.98808670043945,976.6050338745117,203.13442826271057,1030.8349227905273,363.6638331413269,995.9260940551758,356.5328800678253,1008.2651138305664,64.49092760682106,918.6892890930176,440.71839809417725,1005.4131317138672,-187.14241683483124,847.174072265625,484.9449133872986,1011.1941146850586,-234.641672372818,830.4470443725586,504.07235741615295,1017.4930572509766,-228.5765916109085,833.6822891235352,504.40394282341003,1013.2043838500977,-202.41391718387604,840.47607421875,495.6302547454834,944.3770980834961,882.1750903129578,893.5120582580566,859.0671730041504,893.7627983093262,1191.4312362670898,832.0183181762695,1225.7154035568237,855.9826469421387,1564.8937368392944,789.8419189453125,1601.4570951461792,880.4947471618652,1605.5616474151611,811.5464973449707,1654.2898321151733,793.0739593505859,1678.7650966644287,724.588737487793,1692.202320098877
980.6750106811523,172.81684577465057,1025.6898880004883,149.73633527755737,1034.952392578125,154.58845138549805,1043.997459411621,159.64868545532227,1014.7218704223633,145.60081958770752,1016.3931655883789,147.31114625930786,1018.5343551635742,148.8774061203003,1076.7890167236328,196.70158445835114,1051.8468475341797,180.42615473270416,995.1689529418945,223.51024210453033,977.3419189453125,215.61090052127838,1037.7070999145508,381.11918807029724,984.272346496582,370.73330998420715,1066.8144607543945,120.72245925664902,937.7992630004883,566.7308306694031,1042.3740005493164,-82.15209513902664,846.9162368774414,758.6858868598938,1040.273208618164,-143.39749217033386,825.908203125,825.7353401184082,1044.1418838500977,-131.22412025928497,828.5722732543945,833.243293762207,1041.6054153442383,-99.1103857755661,838.9461135864258,807.6906180381775,946.3787269592285,942.2156739234924,872.5059700012207,915.4337310791016,901.9450950622559,1322.914023399353,819.6068000793457,1297.7540874481201,851.7867851257324,1691.7518377304077,773.3920669555664,1686.4038562774658,867.8021621704102,1742.552833557129,785.6422233581543,1739.1737651824951,790.2412033081055,1782.0911264419556,725.214786529541,1789.0582180023193
979.3795394897461,192.22355604171753,1022.6685333251953,165.791255235672,1032.0404434204102,170.13999044895172,1041.2133407592773,174.52149152755737,1011.9020462036133,160.75300455093384,1014.0353393554688,161.3094288110733,1016.8447494506836,161.56923830509186,1076.858253479004,208.7061220407486,1050.1839065551758,190.99514186382294,996.2493896484375,242.5462120771408,977.7361679077148,234.74101603031158,1045.5350875854492,401.0739541053772,979.9453353881836,385.0232183933258,1093.4894943237305,150.4220849275589,953.1165504455566,580.3573107719421,1053.3525466918945,37.019364684820175,859.6043014526367,754.7556567192078,1051.7626190185547,-10.072914585471153,832.2896003723145,822.960090637207,1055.45654296875,1.5261817490682006,828.7695121765137,832.488648891449,1051.4888763427734,29.063895866274834,841.2701797485352,813.1191301345825,942.6769065856934,953.6639642715454,878.8225936889648,944.1635370254517,871.0562896728516,1294.4139003753662,815.3216171264648,1270.785140991211,827.6274490356445,1610.6813621520996,773.2052993774414,1637.5268411636353,854.1401481628418,1655.6957387924194,789.4348526000977,1692.2963047027588,745.6341361999512,1705.3528261184692,707.6985740661621,1724.5595455169678
978.4077072143555,204.23824846744537,1022.4951553344727,182.5578510761261,1033.2317733764648,188.05675506591797,1043.6597442626953,193.69401276111603,1010.2217102050781,173.89847338199615,1013.4330368041992,173.54548394680023,1015.3247451782227,173.04894268512726,1077.351951599121,224.5649617910385,1046.8412017822266,200.0359457731247,997.5904083251953,258.0133903026581,977.1175003051758,245.66360414028168,1045.1314544677734,402.39739894866943,981.6556549072266,385.89202880859375,1103.3042907714844,169.4389683008194,958.7431526184082,585.0642657279968,1024.698715209961,-24.747218415141106,858.2509231567383,746.6441416740417,1025.3277969360352,-77.38889425992966,829.650764465332,795.041127204895,1031.7229843139648,-64.00022819638252,820.7942962646484,806.3419389724731,1028.1404113769531,-39.75411146879196,834.6551513671875,792.3534250259399,932.3532485961914,943.4915471076965,879.1170501708984,935.169403553009,871.4717674255371,1165.662202835083,817.0927047729492,1251.9776630401611,830.7473945617676,1479.3219137191772,787.3384666442871,1565.6753540039062,856.0038185119629,1533.2434558868408,808.6620140075684,1616.627368927002,746.4345359802246,1555.7549571990967,707.984561920166,1639.3381690979004
981.0655975341797,211.0028225183487,1022.3296737670898,188.68561506271362,1032.9211807250977,193.5103565454483,1043.2664108276367,198.57133090496063,1009.368782043457,181.59141898155212,1011.8577575683594,181.43190264701843,1013.6583709716797,181.22312486171722,1078.4151077270508,232.76423335075378,1046.1150741577148,208.43953728675842,1001.275749206543,264.0443694591522,981.3541030883789,253.93286526203156,1046.1717224121094,415.9750521183014,988.0712127685547,395.0005853176117,1121.2734603881836,177.36737430095673,967.0291900634766,527.7826452255249,1021.6915512084961,-45.33921092748642,857.673397064209,615.5727624893188,1019.6385955810547,-103.96582514047623,830.3454208374023,643.2518076896667,1024.0348434448242,-95.04210770130157,821.4740753173828,648.745014667511,1023.3897399902344,-67.42723032832146,833.2466697692871,642.2115397453308,906.408634185791,939.1038179397583,881.7574310302734,933.5999894142151,832.2929763793945,1066.6075158119202,815.1393699645996,1179.682903289795,787.137508392334,1373.6872100830078,764.2096138000488,1461.4083194732666,812.2772026062012,1423.4130477905273,779.0765190124512,1509.218544960022,713.3886337280273,1443.2663297653198,682.2455978393555,1523.3455896377563
985.1923370361328,215.0851821899414,1024.4801330566406,192.42295145988464,1034.9212646484375,196.8092966079712,1045.1668167114258,201.54772996902466,1010.7807540893555,186.48999631404877,1012.4308776855469,186.6473239660263,1013.9635848999023,186.79010331630707,1082.0228576660156,236.94326519966125,1046.989631652832,213.85625302791595,1004.9812316894531,267.8146004676819,985.5558013916016,260.10379135608673,1050.2739715576172,427.5628709793091,991.523551940918,404.80881214141846,1135.041732788086,203.14265191555023,965.4694747924805,552.3943161964417,1026.8000793457031,-37.627577036619186,855.4551315307617,627.7927565574646,1012.4910736083984,-90.04607766866684,823.1862258911133,661.8001842498779,1020.0029754638672,-86.98486715555191,814.4965553283691,666.2947082519531,1017.4388122558594,-48.15944105386734,824.96337890625,655.1984095573425,904.7762489318848,946.665780544281,879.0817451477051,939.9857926368713,843.6977005004883,1193.3275365829468,813.9813423156738,1227.6272821426392,792.0984649658203,1526.3661003112793,755.0130844116211,1567.7185535430908,812.1462249755859,1582.379379272461,770.6426239013672,1624.0843391418457,715.7506370544434,1577.4871587753296,678.0223274230957,1632.5907182693481
992.0497512817383,217.11842000484467,1031.4858627319336,193.35790514945984,1041.870460510254,197.743461728096,1051.9853210449219,202.5197947025299,1016.3014984130859,186.90967619419098,1016.7916488647461,186.8045550584793,1017.5644683837891,186.79522097110748,1091.6580963134766,239.60948288440704,1051.7337799072266,214.7067493200302,1010.1655197143555,269.42630767822266,991.0784912109375,261.31081759929657,1059.455909729004,438.0412530899048,996.5288543701172,412.3088800907135,1162.704734802246,256.5357720851898,974.6306991577148,523.7144637107849,1059.8669815063477,38.00905153155327,864.283447265625,579.1040968894958,1030.9700775146484,-8.658984415233135,830.4609489440918,604.5134139060974,1026.2345123291016,-9.974704496562481,820.7770729064941,609.366238117218,1030.3098678588867,24.05752792954445,830.1655197143555,600.7286667823792,907.2861099243164,977.6028084754944,867.5194931030273,957.1784734725952,849.770679473877,1327.4367427825928,799.354190826416,1304.792890548706,778.3135414123535,1681.897873878479,726.4612770080566,1670.876441001892,790.0319480895996,1736.1764287948608,732.7690315246582,1726.8595933914185,709.6087074279785,1753.3960819244385,672.4258804321289,1748.5704231262207
995.1448059082031,219.48134422302246,1034.1526794433594,193.68401885032654,1044.1866302490234,197.8712099790573,1054.1111755371094,202.46850550174713,1019.6424865722656,187.30474948883057,1020.0605392456055,187.12270259857178,1020.8557891845703,187.0309066772461,1093.418312072754,240.55375456809998,1053.7782669067383,216.5184473991394,1012.4555969238281,270.46696186065674,994.1960906982422,263.3306336402893,1063.381233215332,442.4226415157318,994.9076843261719,421.0020053386688,1184.9894714355469,275.84181904792786,980.6742095947266,501.0426414012909,1084.1210174560547,62.51388743519783,890.3193283081055,445.3840899467468,1052.8187942504883,20.21600179374218,865.3988456726074,434.10284757614136,1041.745491027832,19.73964348435402,852.5264167785645,440.25468707084656,1047.2673797607422,49.58744376897812,858.6607933044434,443.42618465423584,910.7427978515625,1004.280595779419,860.8303070068359,983.9338302612305,850.1922798156738,1366.528286933899,800.6078910827637,1351.506199836731,786.1750030517578,1728.1693267822266,734.1665267944336,1726.1256122589111,798.768424987793,1783.3646821975708,742.4154281616211,1781.426281929016,718.1605339050293,1802.5027799606323,676.0705375671387,1807.5170516967773
998.2445526123047,223.07466208934784,1037.2323989868164,197.91012346744537,1046.8774795532227,202.350332736969,1056.5851593017578,207.37409949302673,1024.0350723266602,191.35883331298828,1024.7809982299805,191.10880851745605,1025.9710693359375,190.98801255226135,1094.816780090332,246.73481941223145,1056.4442825317383,221.96385741233826,1012.7960586547852,273.74512553215027,996.0195922851562,265.8728688955307,1062.1259307861328,445.2449154853821,994.9447631835938,425.31522274017334,1187.0996475219727,278.63441705703735,999.1135025024414,323.281706571579,1093.7127685546875,71.16119116544724,1031.5179061889648,128.0410435795784,1072.8527069091797,11.904738284647465,950.7886505126953,115.21189570426941,1061.0326766967773,20.18073745071888,998.0258560180664,87.50990957021713,1064.3925476074219,43.459510803222656,1018.4322738647461,111.8723925948143,897.6465225219727,996.3792586326599,860.5449485778809,990.2635645866394,843.2033729553223,1313.41552734375,798.0631256103516,1323.5269832611084,781.6795921325684,1668.9597988128662,729.3898773193359,1687.9588508605957,797.6308822631836,1725.1749515533447,741.3188552856445,1745.064926147461,708.2122993469238,1739.930534362793,651.9164657592773,1761.3363647460938
1005.8884048461914,231.68962240219116,1044.803352355957,206.53261542320251,1053.995018005371,211.32491290569305,1063.4315872192383,216.70783281326294,1032.4132919311523,199.50881123542786,1032.9543685913086,199.20072197914124,1033.8368225097656,198.94324600696564,1098.8542556762695,258.1809049844742,1059.0249252319336,230.94271838665009,1015.7197952270508,279.39594984054565,999.4210052490234,272.0482850074768,1066.659049987793,453.13408613204956,991.7803573608398,430.3275954723358,1205.4377746582031,311.1609756946564,1002.1168899536133,315.9170150756836,1121.1906051635742,102.11844831705093,1000.2322769165039,142.2765165567398,1093.1197357177734,46.98658883571625,1031.2958908081055,100.13371556997299,1079.820556640625,45.75769990682602,1030.268783569336,109.07667249441147,1083.727684020996,68.19049715995789,1037.8171920776367,126.50190085172653,898.7397193908691,989.4862604141235,856.552619934082,997.9964375495911,845.8843231201172,1328.1476783752441,800.0153160095215,1341.99547290802,782.1946907043457,1686.986174583435,734.9720191955566,1711.8825674057007,798.5905265808105,1743.1531763076782,747.8154945373535,1769.6039199829102,710.0162315368652,1756.3908433914185,657.9303932189941,1786.5987825393677
